model	mutation	mode	reference_ALA	reference_CYS	reference_ASP	reference_GLU	reference_PHE	reference_GLY	reference_HIS	reference_ILE	reference_LYS	reference_LEU	reference_MET	reference_ASN	reference_PRO	reference_GLN	reference_ARG	reference_SER	reference_THR	reference_VAL	reference_TRP	reference_TYR	intraR_vdwatt	intraR_vdwrep	intraR_electr	intraR_deslvP	intraR_deslvH	intraR_hbscbb_dis	intraR_hbscbb_the	intraR_hbscbb_phi	interS_vdwatt	interS_vdwrep	interS_electr	interS_deslvP	interS_deslvH	interS_ssbond	interS_hbbbbb_dis	interS_hbbbbb_the	interS_hbbbbb_phi	interS_hbscbb_dis	interS_hbscbb_the	interS_hbscbb_phi	interS_hbscsc_dis	interS_hbscsc_the	interS_hbscsc_phi	interD_vdwatt	interD_vdwrep	interD_electr	interD_deslvP	interD_deslvH	interD_ssbond	interD_hbbbbb_dis	interD_hbbbbb_the	interD_hbbbbb_phi	interD_hbscbb_dis	interD_hbscbb_the	interD_hbscbb_phi	interD_hbscsc_dis	interD_hbscsc_the	interD_hbscsc_phi	Total
archive	WT	repacked	-0.0	-0.0	-0.0	-0.0	0.0	-0.0	-0.0	0.0	-0.0	0.0	0.0	-0.0	-0.0	-0.0	-0.0	-0.0	-0.0	0.0	0.0	0.0	0.0	0.0	0.0	0.0	0.0	0.0	0.0	0.0	0.0	0.0	0.0	0.0	0.0	0.0	0.0	0.0	0.0	0.0	0.0	0.0	0.0	0.0	0.0	-46.33	93.15	-0.99	28.49	-38.35	0.0	0.0	0.0	0.0	-0.42	-0.49	-0.25	0.0	0.0	0.0	34.81
archive	C157S	repacked	-0.0	-0.0	-0.0	-0.0	0.0	-0.0	-0.0	0.0	-0.0	0.0	0.0	-0.0	-0.0	-0.0	-0.0	-0.0	-0.0	0.0	0.0	0.0	0.0	0.0	0.0	0.0	0.0	0.0	0.0	0.0	0.0	0.0	0.0	0.0	0.0	0.0	0.0	0.0	0.0	0.0	0.0	0.0	0.0	0.0	0.0	-46.5	85.61	-0.93	27.8	-38.36	0.0	0.0	0.0	0.0	-0.42	-0.49	-0.25	0.0	0.0	0.0	26.46
archive	C157S	fixed_e2	-0.0	-0.0	-0.0	-0.0	0.0	-0.0	-0.0	0.0	-0.0	0.0	0.0	-0.0	-0.0	-0.0	-0.0	-0.0	-0.0	0.0	0.0	0.0	0.0	0.0	0.0	0.0	0.0	0.0	0.0	0.0	0.0	0.0	0.0	0.0	0.0	0.0	0.0	0.0	0.0	0.0	0.0	0.0	0.0	0.0	0.0	-45.88	93.15	-0.93	28.09	-38.29	0.0	0.0	0.0	0.0	-0.42	-0.49	-0.25	0.0	0.0	0.0	34.98
archive	C190R	repacked	-0.0	-0.0	-0.0	-0.0	0.0	-0.0	-0.0	0.0	-0.0	0.0	0.0	-0.0	-0.0	-0.0	-0.0	-0.0	-0.0	0.0	0.0	0.0	0.0	0.0	0.0	0.0	0.0	0.0	0.0	0.0	0.0	0.0	0.0	0.0	0.0	0.0	0.0	0.0	0.0	0.0	0.0	0.0	0.0	0.0	0.0	-46.45	93.15	-0.95	28.54	-38.36	0.0	0.0	0.0	0.0	-0.42	-0.49	-0.25	0.0	0.0	0.0	34.77
archive	C190R	fixed_e2	-0.0	-0.0	-0.0	-0.0	0.0	-0.0	-0.0	0.0	-0.0	0.0	0.0	-0.0	-0.0	-0.0	-0.0	-0.0	-0.0	0.0	0.0	0.0	0.0	0.0	0.0	0.0	0.0	0.0	0.0	0.0	0.0	0.0	0.0	0.0	0.0	0.0	0.0	0.0	0.0	0.0	0.0	0.0	0.0	0.0	0.0	-46.48	93.15	-0.95	28.54	-38.37	0.0	0.0	0.0	0.0	-0.42	-0.49	-0.25	0.0	0.0	0.0	34.74
archive	D196A	repacked	-0.0	-0.0	-0.0	-0.0	0.0	-0.0	-0.0	0.0	-0.0	0.0	0.0	-0.0	-0.0	-0.0	-0.0	-0.0	-0.0	0.0	0.0	0.0	0.0	0.0	0.0	0.0	0.0	0.0	0.0	0.0	0.0	0.0	0.0	0.0	0.0	0.0	0.0	0.0	0.0	0.0	0.0	0.0	0.0	0.0	0.0	-46.34	93.15	-1.12	28.56	-38.35	0.0	0.0	0.0	0.0	-0.42	-0.49	-0.25	0.0	0.0	0.0	34.73
archive	D196A	fixed_e2	-0.0	-0.0	-0.0	-0.0	0.0	-0.0	-0.0	0.0	-0.0	0.0	0.0	-0.0	-0.0	-0.0	-0.0	-0.0	-0.0	0.0	0.0	0.0	0.0	0.0	0.0	0.0	0.0	0.0	0.0	0.0	0.0	0.0	0.0	0.0	0.0	0.0	0.0	0.0	0.0	0.0	0.0	0.0	0.0	0.0	0.0	-46.37	93.15	-1.12	28.56	-38.36	0.0	0.0	0.0	0.0	-0.42	-0.49	-0.25	0.0	0.0	0.0	34.69
archive	D196E	repacked	-0.0	-0.0	-0.0	-0.0	0.0	-0.0	-0.0	0.0	-0.0	0.0	0.0	-0.0	-0.0	-0.0	-0.0	-0.0	-0.0	0.0	0.0	0.0	0.0	0.0	0.0	0.0	0.0	0.0	0.0	0.0	0.0	0.0	0.0	0.0	0.0	0.0	0.0	0.0	0.0	0.0	0.0	0.0	0.0	0.0	0.0	-46.3	93.15	-0.99	28.49	-38.35	0.0	0.0	0.0	0.0	-0.42	-0.49	-0.25	0.0	0.0	0.0	34.84
archive	D196E	fixed_e2	-0.0	-0.0	-0.0	-0.0	0.0	-0.0	-0.0	0.0	-0.0	0.0	0.0	-0.0	-0.0	-0.0	-0.0	-0.0	-0.0	0.0	0.0	0.0	0.0	0.0	0.0	0.0	0.0	0.0	0.0	0.0	0.0	0.0	0.0	0.0	0.0	0.0	0.0	0.0	0.0	0.0	0.0	0.0	0.0	0.0	0.0	-46.33	93.15	-0.99	28.49	-38.35	0.0	0.0	0.0	0.0	-0.42	-0.49	-0.25	0.0	0.0	0.0	34.81
archive	E188A	repacked	-0.0	-0.0	-0.0	-0.0	0.0	-0.0	-0.0	0.0	-0.0	0.0	0.0	-0.0	-0.0	-0.0	-0.0	-0.0	-0.0	0.0	0.0	0.0	0.0	0.0	0.0	0.0	0.0	0.0	0.0	0.0	0.0	0.0	0.0	0.0	0.0	0.0	0.0	0.0	0.0	0.0	0.0	0.0	0.0	0.0	0.0	-45.82	93.15	-0.86	28.12	-38.32	0.0	0.0	0.0	0.0	-0.42	-0.49	-0.25	0.0	0.0	0.0	35.12
archive	E188A	fixed_e2	-0.0	-0.0	-0.0	-0.0	0.0	-0.0	-0.0	0.0	-0.0	0.0	0.0	-0.0	-0.0	-0.0	-0.0	-0.0	-0.0	0.0	0.0	0.0	0.0	0.0	0.0	0.0	0.0	0.0	0.0	0.0	0.0	0.0	0.0	0.0	0.0	0.0	0.0	0.0	0.0	0.0	0.0	0.0	0.0	0.0	0.0	-45.85	93.15	-0.86	28.12	-38.32	0.0	0.0	0.0	0.0	-0.42	-0.49	-0.25	0.0	0.0	0.0	35.08
archive	E188K	repacked	-0.0	-0.0	-0.0	-0.0	0.0	-0.0	-0.0	0.0	-0.0	0.0	0.0	-0.0	-0.0	-0.0	-0.0	-0.0	-0.0	0.0	0.0	0.0	0.0	0.0	0.0	0.0	0.0	0.0	0.0	0.0	0.0	0.0	0.0	0.0	0.0	0.0	0.0	0.0	0.0	0.0	0.0	0.0	0.0	0.0	0.0	-46.3	93.15	-0.67	28.37	-38.46	0.0	0.0	0.0	0.0	-0.42	-0.49	-0.25	0.0	0.0	0.0	34.93
archive	E188K	fixed_e2	-0.0	-0.0	-0.0	-0.0	0.0	-0.0	-0.0	0.0	-0.0	0.0	0.0	-0.0	-0.0	-0.0	-0.0	-0.0	-0.0	0.0	0.0	0.0	0.0	0.0	0.0	0.0	0.0	0.0	0.0	0.0	0.0	0.0	0.0	0.0	0.0	0.0	0.0	0.0	0.0	0.0	0.0	0.0	0.0	0.0	0.0	-46.33	93.15	-0.67	28.37	-38.47	0.0	0.0	0.0	0.0	-0.42	-0.49	-0.25	0.0	0.0	0.0	34.89
archive	F150S	repacked	-0.0	-0.0	-0.0	-0.0	0.0	-0.0	-0.0	0.0	-0.0	0.0	0.0	-0.0	-0.0	-0.0	-0.0	-0.0	-0.0	0.0	0.0	0.0	0.0	0.0	0.0	0.0	0.0	0.0	0.0	0.0	0.0	0.0	0.0	0.0	0.0	0.0	0.0	0.0	0.0	0.0	0.0	0.0	0.0	0.0	0.0	-46.3	93.15	-0.99	28.49	-38.35	0.0	0.0	0.0	0.0	-0.42	-0.49	-0.25	0.0	0.0	0.0	34.84
archive	F150S	fixed_e2	-0.0	-0.0	-0.0	-0.0	0.0	-0.0	-0.0	0.0	-0.0	0.0	0.0	-0.0	-0.0	-0.0	-0.0	-0.0	-0.0	0.0	0.0	0.0	0.0	0.0	0.0	0.0	0.0	0.0	0.0	0.0	0.0	0.0	0.0	0.0	0.0	0.0	0.0	0.0	0.0	0.0	0.0	0.0	0.0	0.0	0.0	-46.33	93.15	-0.99	28.49	-38.35	0.0	0.0	0.0	0.0	-0.42	-0.49	-0.25	0.0	0.0	0.0	34.81
archive	F186A	repacked	-0.0	-0.0	-0.0	-0.0	0.0	-0.0	-0.0	0.0	-0.0	0.0	0.0	-0.0	-0.0	-0.0	-0.0	-0.0	-0.0	0.0	0.0	0.0	0.0	0.0	0.0	0.0	0.0	0.0	0.0	0.0	0.0	0.0	0.0	0.0	0.0	0.0	0.0	0.0	0.0	0.0	0.0	0.0	0.0	0.0	0.0	-44.41	91.3	-0.99	28.07	-37.78	0.0	0.0	0.0	0.0	-0.42	-0.49	-0.25	0.0	0.0	0.0	35.03
archive	F186A	fixed_e2	-0.0	-0.0	-0.0	-0.0	0.0	-0.0	-0.0	0.0	-0.0	0.0	0.0	-0.0	-0.0	-0.0	-0.0	-0.0	-0.0	0.0	0.0	0.0	0.0	0.0	0.0	0.0	0.0	0.0	0.0	0.0	0.0	0.0	0.0	0.0	0.0	0.0	0.0	0.0	0.0	0.0	0.0	0.0	0.0	0.0	0.0	-44.44	91.3	-0.99	28.07	-37.79	0.0	0.0	0.0	0.0	-0.42	-0.49	-0.25	0.0	0.0	0.0	34.99
archive	F186L	repacked	-0.0	-0.0	-0.0	-0.0	0.0	-0.0	-0.0	0.0	-0.0	0.0	0.0	-0.0	-0.0	-0.0	-0.0	-0.0	-0.0	0.0	0.0	0.0	0.0	0.0	0.0	0.0	0.0	0.0	0.0	0.0	0.0	0.0	0.0	0.0	0.0	0.0	0.0	0.0	0.0	0.0	0.0	0.0	0.0	0.0	0.0	-44.66	91.3	-0.99	28.16	-38.27	0.0	0.0	0.0	0.0	-0.42	-0.49	-0.25	0.0	0.0	0.0	34.38
archive	F186L	fixed_e2	-0.0	-0.0	-0.0	-0.0	0.0	-0.0	-0.0	0.0	-0.0	0.0	0.0	-0.0	-0.0	-0.0	-0.0	-0.0	-0.0	0.0	0.0	0.0	0.0	0.0	0.0	0.0	0.0	0.0	0.0	0.0	0.0	0.0	0.0	0.0	0.0	0.0	0.0	0.0	0.0	0.0	0.0	0.0	0.0	0.0	0.0	-44.69	91.3	-0.99	28.16	-38.28	0.0	0.0	0.0	0.0	-0.42	-0.49	-0.25	0.0	0.0	0.0	34.34
archive	F186L+E188K	repacked	-0.0	-0.0	-0.0	-0.0	0.0	-0.0	-0.0	0.0	-0.0	0.0	0.0	-0.0	-0.0	-0.0	-0.0	-0.0	-0.0	0.0	0.0	0.0	0.0	0.0	0.0	0.0	0.0	0.0	0.0	0.0	0.0	0.0	0.0	0.0	0.0	0.0	0.0	0.0	0.0	0.0	0.0	0.0	0.0	0.0	0.0	-44.65	91.3	-0.67	28.04	-38.39	0.0	0.0	0.0	0.0	-0.42	-0.49	-0.25	0.0	0.0	0.0	34.46
archive	F186L+E188K	fixed_e2	-0.0	-0.0	-0.0	-0.0	0.0	-0.0	-0.0	0.0	-0.0	0.0	0.0	-0.0	-0.0	-0.0	-0.0	-0.0	-0.0	0.0	0.0	0.0	0.0	0.0	0.0	0.0	0.0	0.0	0.0	0.0	0.0	0.0	0.0	0.0	0.0	0.0	0.0	0.0	0.0	0.0	0.0	0.0	0.0	0.0	0.0	-44.68	91.3	-0.67	28.04	-38.39	0.0	0.0	0.0	0.0	-0.42	-0.49	-0.25	0.0	0.0	0.0	34.42
archive	F186S	repacked	-0.0	-0.0	-0.0	-0.0	0.0	-0.0	-0.0	0.0	-0.0	0.0	0.0	-0.0	-0.0	-0.0	-0.0	-0.0	-0.0	0.0	0.0	0.0	0.0	0.0	0.0	0.0	0.0	0.0	0.0	0.0	0.0	0.0	0.0	0.0	0.0	0.0	0.0	0.0	0.0	0.0	0.0	0.0	0.0	0.0	0.0	-44.41	91.3	-0.99	28.07	-37.78	0.0	0.0	0.0	0.0	-0.42	-0.49	-0.25	0.0	0.0	0.0	35.03
archive	F186S	fixed_e2	-0.0	-0.0	-0.0	-0.0	0.0	-0.0	-0.0	0.0	-0.0	0.0	0.0	-0.0	-0.0	-0.0	-0.0	-0.0	-0.0	0.0	0.0	0.0	0.0	0.0	0.0	0.0	0.0	0.0	0.0	0.0	0.0	0.0	0.0	0.0	0.0	0.0	0.0	0.0	0.0	0.0	0.0	0.0	0.0	0.0	0.0	-44.44	91.3	-0.99	28.07	-37.79	0.0	0.0	0.0	0.0	-0.42	-0.49	-0.25	0.0	0.0	0.0	34.99
archive	I181A	repacked	-0.0	-0.0	-0.0	-0.0	0.0	-0.0	-0.0	0.0	-0.0	0.0	0.0	-0.0	-0.0	-0.0	-0.0	-0.0	-0.0	0.0	0.0	0.0	0.0	0.0	0.0	0.0	0.0	0.0	0.0	0.0	0.0	0.0	0.0	0.0	0.0	0.0	0.0	0.0	0.0	0.0	0.0	0.0	0.0	0.0	0.0	-43.8	93.14	-0.99	27.69	-34.62	0.0	0.0	0.0	0.0	-0.42	-0.49	-0.25	0.0	0.0	0.0	40.26
archive	I181A	fixed_e2	-0.0	-0.0	-0.0	-0.0	0.0	-0.0	-0.0	0.0	-0.0	0.0	0.0	-0.0	-0.0	-0.0	-0.0	-0.0	-0.0	0.0	0.0	0.0	0.0	0.0	0.0	0.0	0.0	0.0	0.0	0.0	0.0	0.0	0.0	0.0	0.0	0.0	0.0	0.0	0.0	0.0	0.0	0.0	0.0	0.0	0.0	-43.82	93.14	-0.99	27.69	-34.62	0.0	0.0	0.0	0.0	-0.42	-0.49	-0.25	0.0	0.0	0.0	40.24
archive	I182A	repacked	-0.0	-0.0	-0.0	-0.0	0.0	-0.0	-0.0	0.0	-0.0	0.0	0.0	-0.0	-0.0	-0.0	-0.0	-0.0	-0.0	0.0	0.0	0.0	0.0	0.0	0.0	0.0	0.0	0.0	0.0	0.0	0.0	0.0	0.0	0.0	0.0	0.0	0.0	0.0	0.0	0.0	0.0	0.0	0.0	0.0	0.0	-43.93	92.82	-0.99	27.87	-35.24	0.0	0.0	0.0	0.0	-0.42	-0.49	-0.25	0.0	0.0	0.0	39.37
archive	I182A	fixed_e2	-0.0	-0.0	-0.0	-0.0	0.0	-0.0	-0.0	0.0	-0.0	0.0	0.0	-0.0	-0.0	-0.0	-0.0	-0.0	-0.0	0.0	0.0	0.0	0.0	0.0	0.0	0.0	0.0	0.0	0.0	0.0	0.0	0.0	0.0	0.0	0.0	0.0	0.0	0.0	0.0	0.0	0.0	0.0	0.0	0.0	0.0	-43.67	92.82	-0.99	27.79	-34.81	0.0	0.0	0.0	0.0	-0.42	-0.49	-0.25	0.0	0.0	0.0	39.98
archive	I182F	repacked	-0.0	-0.0	-0.0	-0.0	0.0	-0.0	-0.0	0.0	-0.0	0.0	0.0	-0.0	-0.0	-0.0	-0.0	-0.0	-0.0	0.0	0.0	0.0	0.0	0.0	0.0	0.0	0.0	0.0	0.0	0.0	0.0	0.0	0.0	0.0	0.0	0.0	0.0	0.0	0.0	0.0	0.0	0.0	0.0	0.0	0.0	-49.59	108.36	-0.99	28.66	-38.31	0.0	0.0	0.0	0.0	-0.42	-0.49	-0.25	0.0	0.0	0.0	46.97
archive	I182F	fixed_e2	-0.0	-0.0	-0.0	-0.0	0.0	-0.0	-0.0	0.0	-0.0	0.0	0.0	-0.0	-0.0	-0.0	-0.0	-0.0	-0.0	0.0	0.0	0.0	0.0	0.0	0.0	0.0	0.0	0.0	0.0	0.0	0.0	0.0	0.0	0.0	0.0	0.0	0.0	0.0	0.0	0.0	0.0	0.0	0.0	0.0	0.0	-49.83	104.06	-0.99	28.58	-37.77	0.0	0.0	0.0	0.0	-0.42	-0.49	-0.25	0.0	0.0	0.0	42.89
archive	K124T	repacked	-0.0	-0.0	-0.0	-0.0	0.0	-0.0	-0.0	0.0	-0.0	0.0	0.0	-0.0	-0.0	-0.0	-0.0	-0.0	-0.0	0.0	0.0	0.0	0.0	0.0	0.0	0.0	0.0	0.0	0.0	0.0	0.0	0.0	0.0	0.0	0.0	0.0	0.0	0.0	0.0	0.0	0.0	0.0	0.0	0.0	0.0	-46.3	93.15	-0.99	28.49	-38.35	0.0	0.0	0.0	0.0	-0.42	-0.49	-0.25	0.0	0.0	0.0	34.84
archive	K124T	fixed_e2	-0.0	-0.0	-0.0	-0.0	0.0	-0.0	-0.0	0.0	-0.0	0.0	0.0	-0.0	-0.0	-0.0	-0.0	-0.0	-0.0	0.0	0.0	0.0	0.0	0.0	0.0	0.0	0.0	0.0	0.0	0.0	0.0	0.0	0.0	0.0	0.0	0.0	0.0	0.0	0.0	0.0	0.0	0.0	0.0	0.0	0.0	-46.33	93.15	-0.99	28.49	-38.35	0.0	0.0	0.0	0.0	-0.42	-0.49	-0.25	0.0	0.0	0.0	34.81
archive	K171A	repacked	-0.0	-0.0	-0.0	-0.0	0.0	-0.0	-0.0	0.0	-0.0	0.0	0.0	-0.0	-0.0	-0.0	-0.0	-0.0	-0.0	0.0	0.0	0.0	0.0	0.0	0.0	0.0	0.0	0.0	0.0	0.0	0.0	0.0	0.0	0.0	0.0	0.0	0.0	0.0	0.0	0.0	0.0	0.0	0.0	0.0	0.0	-45.58	93.15	-1.43	27.79	-38.14	0.0	0.0	0.0	0.0	-0.42	-0.49	-0.25	0.0	0.0	0.0	34.62
archive	K171A	fixed_e2	-0.0	-0.0	-0.0	-0.0	0.0	-0.0	-0.0	0.0	-0.0	0.0	0.0	-0.0	-0.0	-0.0	-0.0	-0.0	-0.0	0.0	0.0	0.0	0.0	0.0	0.0	0.0	0.0	0.0	0.0	0.0	0.0	0.0	0.0	0.0	0.0	0.0	0.0	0.0	0.0	0.0	0.0	0.0	0.0	0.0	0.0	-45.62	93.15	-1.43	27.79	-38.15	0.0	0.0	0.0	0.0	-0.42	-0.49	-0.25	0.0	0.0	0.0	34.58
archive	L162P	repacked	-0.0	-0.0	-0.0	-0.0	0.0	-0.0	-0.0	0.0	-0.0	0.0	0.0	-0.0	-0.0	-0.0	-0.0	-0.0	-0.0	0.0	0.0	0.0	0.0	0.0	0.0	0.0	0.0	0.0	0.0	0.0	0.0	0.0	0.0	0.0	0.0	0.0	0.0	0.0	0.0	0.0	0.0	0.0	0.0	0.0	0.0	-46.47	93.15	-0.99	28.4	-38.39	0.0	0.0	0.0	0.0	-0.42	-0.49	-0.25	0.0	0.0	0.0	34.54
archive	L162P	fixed_e2	-0.0	-0.0	-0.0	-0.0	0.0	-0.0	-0.0	0.0	-0.0	0.0	0.0	-0.0	-0.0	-0.0	-0.0	-0.0	-0.0	0.0	0.0	0.0	0.0	0.0	0.0	0.0	0.0	0.0	0.0	0.0	0.0	0.0	0.0	0.0	0.0	0.0	0.0	0.0	0.0	0.0	0.0	0.0	0.0	0.0	0.0	-46.5	93.15	-0.99	28.4	-38.4	0.0	0.0	0.0	0.0	-0.42	-0.49	-0.25	0.0	0.0	0.0	34.5
archive	N184A	repacked	-0.0	-0.0	-0.0	-0.0	0.0	-0.0	-0.0	0.0	-0.0	0.0	0.0	-0.0	-0.0	-0.0	-0.0	-0.0	-0.0	0.0	0.0	0.0	0.0	0.0	0.0	0.0	0.0	0.0	0.0	0.0	0.0	0.0	0.0	0.0	0.0	0.0	0.0	0.0	0.0	0.0	0.0	0.0	0.0	0.0	0.0	-45.88	85.45	-0.93	27.28	-39.04	0.0	0.0	0.0	0.0	-0.42	-0.49	-0.25	0.0	0.0	0.0	25.72
archive	N184A	fixed_e2	-0.0	-0.0	-0.0	-0.0	0.0	-0.0	-0.0	0.0	-0.0	0.0	0.0	-0.0	-0.0	-0.0	-0.0	-0.0	-0.0	0.0	0.0	0.0	0.0	0.0	0.0	0.0	0.0	0.0	0.0	0.0	0.0	0.0	0.0	0.0	0.0	0.0	0.0	0.0	0.0	0.0	0.0	0.0	0.0	0.0	0.0	-45.88	93.15	-0.93	28.1	-38.32	0.0	0.0	0.0	0.0	-0.42	-0.49	-0.25	0.0	0.0	0.0	34.96
archive	N184Y	repacked	-0.0	-0.0	-0.0	-0.0	0.0	-0.0	-0.0	0.0	-0.0	0.0	0.0	-0.0	-0.0	-0.0	-0.0	-0.0	-0.0	0.0	0.0	0.0	0.0	0.0	0.0	0.0	0.0	0.0	0.0	0.0	0.0	0.0	0.0	0.0	0.0	0.0	0.0	0.0	0.0	0.0	0.0	0.0	0.0	0.0	0.0	-49.18	102.92	-0.93	29.11	-39.02	0.0	0.0	0.0	0.0	-0.42	-0.49	-0.25	0.0	0.0	0.0	41.74
archive	N184Y	fixed_e2	-0.0	-0.0	-0.0	-0.0	0.0	-0.0	-0.0	0.0	-0.0	0.0	0.0	-0.0	-0.0	-0.0	-0.0	-0.0	-0.0	0.0	0.0	0.0	0.0	0.0	0.0	0.0	0.0	0.0	0.0	0.0	0.0	0.0	0.0	0.0	0.0	0.0	0.0	0.0	0.0	0.0	0.0	0.0	0.0	0.0	0.0	-49.21	102.92	-0.93	29.11	-39.03	0.0	0.0	0.0	0.0	-0.42	-0.49	-0.25	0.0	0.0	0.0	41.7
archive	T163A	repacked	-0.0	-0.0	-0.0	-0.0	0.0	-0.0	-0.0	0.0	-0.0	0.0	0.0	-0.0	-0.0	-0.0	-0.0	-0.0	-0.0	0.0	0.0	0.0	0.0	0.0	0.0	0.0	0.0	0.0	0.0	0.0	0.0	0.0	0.0	0.0	0.0	0.0	0.0	0.0	0.0	0.0	0.0	0.0	0.0	0.0	0.0	-43.09	83.8	-1.14	25.73	-36.05	0.0	0.0	0.0	0.0	-0.0	-0.49	-0.05	0.0	0.0	0.0	28.69
archive	T163A	fixed_e2	-0.0	-0.0	-0.0	-0.0	0.0	-0.0	-0.0	0.0	-0.0	0.0	0.0	-0.0	-0.0	-0.0	-0.0	-0.0	-0.0	0.0	0.0	0.0	0.0	0.0	0.0	0.0	0.0	0.0	0.0	0.0	0.0	0.0	0.0	0.0	0.0	0.0	0.0	0.0	0.0	0.0	0.0	0.0	0.0	0.0	0.0	-43.12	83.8	-1.14	25.73	-36.06	0.0	0.0	0.0	0.0	-0.0	-0.49	-0.05	0.0	0.0	0.0	28.65
archive	T166I	repacked	-0.0	-0.0	-0.0	-0.0	0.0	-0.0	-0.0	0.0	-0.0	0.0	0.0	-0.0	-0.0	-0.0	-0.0	-0.0	-0.0	0.0	0.0	0.0	0.0	0.0	0.0	0.0	0.0	0.0	0.0	0.0	0.0	0.0	0.0	0.0	0.0	0.0	0.0	0.0	0.0	0.0	0.0	0.0	0.0	0.0	0.0	-46.31	100.62	-1.25	27.73	-39.85	0.0	0.0	0.0	0.0	-0.42	-0.49	-0.25	0.0	0.0	0.0	39.78
archive	T166I	fixed_e2	-0.0	-0.0	-0.0	-0.0	0.0	-0.0	-0.0	0.0	-0.0	0.0	0.0	-0.0	-0.0	-0.0	-0.0	-0.0	-0.0	0.0	0.0	0.0	0.0	0.0	0.0	0.0	0.0	0.0	0.0	0.0	0.0	0.0	0.0	0.0	0.0	0.0	0.0	0.0	0.0	0.0	0.0	0.0	0.0	0.0	0.0	-46.34	100.62	-1.25	27.73	-39.85	0.0	0.0	0.0	0.0	-0.42	-0.49	-0.25	0.0	0.0	0.0	39.74
archive	V146E	repacked	-0.0	-0.0	-0.0	-0.0	0.0	-0.0	-0.0	0.0	-0.0	0.0	0.0	-0.0	-0.0	-0.0	-0.0	-0.0	-0.0	0.0	0.0	0.0	0.0	0.0	0.0	0.0	0.0	0.0	0.0	0.0	0.0	0.0	0.0	0.0	0.0	0.0	0.0	0.0	0.0	0.0	0.0	0.0	0.0	0.0	0.0	-46.3	93.15	-0.99	28.49	-38.35	0.0	0.0	0.0	0.0	-0.42	-0.49	-0.25	0.0	0.0	0.0	34.84
archive	V146E	fixed_e2	-0.0	-0.0	-0.0	-0.0	0.0	-0.0	-0.0	0.0	-0.0	0.0	0.0	-0.0	-0.0	-0.0	-0.0	-0.0	-0.0	0.0	0.0	0.0	0.0	0.0	0.0	0.0	0.0	0.0	0.0	0.0	0.0	0.0	0.0	0.0	0.0	0.0	0.0	0.0	0.0	0.0	0.0	0.0	0.0	0.0	0.0	-46.33	93.15	-0.99	28.49	-38.35	0.0	0.0	0.0	0.0	-0.42	-0.49	-0.25	0.0	0.0	0.0	34.81
x0e_b	WT	repacked	-0.0	-0.0	-0.0	-0.0	0.0	-0.0	-0.0	0.0	-0.0	0.0	0.0	-0.0	-0.0	-0.0	-0.0	-0.0	-0.0	0.0	0.0	0.0	0.0	0.0	0.0	0.0	0.0	0.0	0.0	0.0	0.0	0.0	0.0	0.0	0.0	0.0	0.0	0.0	0.0	0.0	0.0	0.0	0.0	0.0	0.0	-61.36	379.7	-0.02	41.96	-34.37	0.0	0.0	-0.39	-0.87	-0.91	-0.45	-0.16	-0.12	-0.06	-0.0	322.93
x0e_b	C157S	repacked	-0.0	-0.0	-0.0	-0.0	0.0	-0.0	-0.0	0.0	-0.0	0.0	0.0	-0.0	-0.0	-0.0	-0.0	-0.0	-0.0	0.0	0.0	0.0	0.0	0.0	0.0	0.0	0.0	0.0	0.0	0.0	0.0	0.0	0.0	0.0	0.0	0.0	0.0	0.0	0.0	0.0	0.0	0.0	0.0	0.0	0.0	-61.88	366.86	-0.32	42.31	-32.5	0.0	0.0	-0.39	-0.87	-0.91	-0.45	-0.16	-0.12	-0.06	-0.0	311.5
x0e_b	C157S	fixed_e2	-0.0	-0.0	-0.0	-0.0	0.0	-0.0	-0.0	0.0	-0.0	0.0	0.0	-0.0	-0.0	-0.0	-0.0	-0.0	-0.0	0.0	0.0	0.0	0.0	0.0	0.0	0.0	0.0	0.0	0.0	0.0	0.0	0.0	0.0	0.0	0.0	0.0	0.0	0.0	0.0	0.0	0.0	0.0	0.0	0.0	0.0	-60.39	368.93	-0.02	41.83	-32.11	0.0	0.0	-0.39	-0.87	-0.91	-0.45	-0.16	-0.12	-0.06	-0.0	315.27
x0e_b	C190R	repacked	-0.0	-0.0	-0.0	-0.0	0.0	-0.0	-0.0	0.0	-0.0	0.0	0.0	-0.0	-0.0	-0.0	-0.0	-0.0	-0.0	0.0	0.0	0.0	0.0	0.0	0.0	0.0	0.0	0.0	0.0	0.0	0.0	0.0	0.0	0.0	0.0	0.0	0.0	0.0	0.0	0.0	0.0	0.0	0.0	0.0	0.0	-61.84	366.86	-0.32	42.18	-32.68	0.0	0.0	-0.39	-0.87	-0.91	-0.45	-0.16	-0.12	-0.06	-0.0	311.22
x0e_b	C190R	fixed_e2	-0.0	-0.0	-0.0	-0.0	0.0	-0.0	-0.0	0.0	-0.0	0.0	0.0	-0.0	-0.0	-0.0	-0.0	-0.0	-0.0	0.0	0.0	0.0	0.0	0.0	0.0	0.0	0.0	0.0	0.0	0.0	0.0	0.0	0.0	0.0	0.0	0.0	0.0	0.0	0.0	0.0	0.0	0.0	0.0	0.0	0.0	-60.34	368.93	-0.02	41.7	-32.3	0.0	0.0	-0.39	-0.87	-0.91	-0.45	-0.16	-0.12	-0.06	-0.0	315.0
x0e_b	D196A	repacked	-0.0	-0.0	-0.0	-0.0	0.0	-0.0	-0.0	0.0	-0.0	0.0	0.0	-0.0	-0.0	-0.0	-0.0	-0.0	-0.0	0.0	0.0	0.0	0.0	0.0	0.0	0.0	0.0	0.0	0.0	0.0	0.0	0.0	0.0	0.0	0.0	0.0	0.0	0.0	0.0	0.0	0.0	0.0	0.0	0.0	0.0	-61.84	366.86	-0.36	42.22	-32.56	0.0	0.0	-0.39	-0.87	-0.91	-0.45	-0.16	-0.18	-0.08	-0.0	311.27
x0e_b	D196A	fixed_e2	-0.0	-0.0	-0.0	-0.0	0.0	-0.0	-0.0	0.0	-0.0	0.0	0.0	-0.0	-0.0	-0.0	-0.0	-0.0	-0.0	0.0	0.0	0.0	0.0	0.0	0.0	0.0	0.0	0.0	0.0	0.0	0.0	0.0	0.0	0.0	0.0	0.0	0.0	0.0	0.0	0.0	0.0	0.0	0.0	0.0	0.0	-60.35	368.93	-0.06	41.74	-32.17	0.0	0.0	-0.39	-0.87	-0.91	-0.45	-0.16	-0.18	-0.08	-0.0	315.04
x0e_b	D196E	repacked	-0.0	-0.0	-0.0	-0.0	0.0	-0.0	-0.0	0.0	-0.0	0.0	0.0	-0.0	-0.0	-0.0	-0.0	-0.0	-0.0	0.0	0.0	0.0	0.0	0.0	0.0	0.0	0.0	0.0	0.0	0.0	0.0	0.0	0.0	0.0	0.0	0.0	0.0	0.0	0.0	0.0	0.0	0.0	0.0	0.0	0.0	-61.68	366.86	-0.25	42.04	-32.55	0.0	0.0	-0.39	-0.87	-0.91	-0.45	-0.16	-0.12	-0.06	-0.0	311.44
x0e_b	D196E	fixed_e2	-0.0	-0.0	-0.0	-0.0	0.0	-0.0	-0.0	0.0	-0.0	0.0	0.0	-0.0	-0.0	-0.0	-0.0	-0.0	-0.0	0.0	0.0	0.0	0.0	0.0	0.0	0.0	0.0	0.0	0.0	0.0	0.0	0.0	0.0	0.0	0.0	0.0	0.0	0.0	0.0	0.0	0.0	0.0	0.0	0.0	0.0	-60.18	368.93	-0.07	41.55	-32.16	0.0	0.0	-0.39	-0.87	-0.91	-0.45	-0.16	-0.12	-0.06	-0.0	315.09
x0e_b	E188A	repacked	-0.0	-0.0	-0.0	-0.0	0.0	-0.0	-0.0	0.0	-0.0	0.0	0.0	-0.0	-0.0	-0.0	-0.0	-0.0	-0.0	0.0	0.0	0.0	0.0	0.0	0.0	0.0	0.0	0.0	0.0	0.0	0.0	0.0	0.0	0.0	0.0	0.0	0.0	0.0	0.0	0.0	0.0	0.0	0.0	0.0	0.0	-61.89	366.91	-0.25	42.3	-32.8	0.0	0.0	-0.39	-0.87	-0.91	-0.45	-0.16	-0.12	-0.06	-0.0	311.3
x0e_b	E188A	fixed_e2	-0.0	-0.0	-0.0	-0.0	0.0	-0.0	-0.0	0.0	-0.0	0.0	0.0	-0.0	-0.0	-0.0	-0.0	-0.0	-0.0	0.0	0.0	0.0	0.0	0.0	0.0	0.0	0.0	0.0	0.0	0.0	0.0	0.0	0.0	0.0	0.0	0.0	0.0	0.0	0.0	0.0	0.0	0.0	0.0	0.0	0.0	-60.37	368.96	-0.12	41.78	-32.41	0.0	0.0	-0.39	-0.87	-0.91	-0.45	-0.16	-0.12	-0.06	-0.0	314.88
x0e_b	E188K	repacked	-0.0	-0.0	-0.0	-0.0	0.0	-0.0	-0.0	0.0	-0.0	0.0	0.0	-0.0	-0.0	-0.0	-0.0	-0.0	-0.0	0.0	0.0	0.0	0.0	0.0	0.0	0.0	0.0	0.0	0.0	0.0	0.0	0.0	0.0	0.0	0.0	0.0	0.0	0.0	0.0	0.0	0.0	0.0	0.0	0.0	0.0	-62.13	366.91	-0.29	42.6	-32.88	0.0	0.0	-0.39	-0.87	-0.91	-0.45	-0.16	-0.12	-0.06	-0.0	311.24
x0e_b	E188K	fixed_e2	-0.0	-0.0	-0.0	-0.0	0.0	-0.0	-0.0	0.0	-0.0	0.0	0.0	-0.0	-0.0	-0.0	-0.0	-0.0	-0.0	0.0	0.0	0.0	0.0	0.0	0.0	0.0	0.0	0.0	0.0	0.0	0.0	0.0	0.0	0.0	0.0	0.0	0.0	0.0	0.0	0.0	0.0	0.0	0.0	0.0	0.0	-60.61	368.96	-0.16	42.08	-32.5	0.0	0.0	-0.39	-0.87	-0.91	-0.45	-0.16	-0.12	-0.06	-0.0	314.81
x0e_b	F150S	repacked	-0.0	-0.0	-0.0	-0.0	0.0	-0.0	-0.0	0.0	-0.0	0.0	0.0	-0.0	-0.0	-0.0	-0.0	-0.0	-0.0	0.0	0.0	0.0	0.0	0.0	0.0	0.0	0.0	0.0	0.0	0.0	0.0	0.0	0.0	0.0	0.0	0.0	0.0	0.0	0.0	0.0	0.0	0.0	0.0	0.0	0.0	-61.7	366.86	-0.32	42.06	-32.55	0.0	0.0	-0.39	-0.87	-0.91	-0.45	-0.16	-0.12	-0.06	-0.0	311.37
x0e_b	F150S	fixed_e2	-0.0	-0.0	-0.0	-0.0	0.0	-0.0	-0.0	0.0	-0.0	0.0	0.0	-0.0	-0.0	-0.0	-0.0	-0.0	-0.0	0.0	0.0	0.0	0.0	0.0	0.0	0.0	0.0	0.0	0.0	0.0	0.0	0.0	0.0	0.0	0.0	0.0	0.0	0.0	0.0	0.0	0.0	0.0	0.0	0.0	0.0	-60.21	368.93	-0.02	41.58	-32.17	0.0	0.0	-0.39	-0.87	-0.91	-0.45	-0.16	-0.12	-0.06	-0.0	315.15
x0e_b	F186A	repacked	-0.0	-0.0	-0.0	-0.0	0.0	-0.0	-0.0	0.0	-0.0	0.0	0.0	-0.0	-0.0	-0.0	-0.0	-0.0	-0.0	0.0	0.0	0.0	0.0	0.0	0.0	0.0	0.0	0.0	0.0	0.0	0.0	0.0	0.0	0.0	0.0	0.0	0.0	0.0	0.0	0.0	0.0	0.0	0.0	0.0	0.0	-55.86	284.44	-0.33	39.22	-33.65	0.0	0.0	-0.39	-0.87	-0.91	-0.45	-0.16	-0.12	-0.06	-0.0	230.85
x0e_b	F186A	fixed_e2	-0.0	-0.0	-0.0	-0.0	0.0	-0.0	-0.0	0.0	-0.0	0.0	0.0	-0.0	-0.0	-0.0	-0.0	-0.0	-0.0	0.0	0.0	0.0	0.0	0.0	0.0	0.0	0.0	0.0	0.0	0.0	0.0	0.0	0.0	0.0	0.0	0.0	0.0	0.0	0.0	0.0	0.0	0.0	0.0	0.0	0.0	-54.36	286.51	-0.02	38.74	-33.17	0.0	0.0	-0.39	-0.87	-0.91	-0.45	-0.16	-0.12	-0.06	-0.0	234.72
x0e_b	F186L	repacked	-0.0	-0.0	-0.0	-0.0	0.0	-0.0	-0.0	0.0	-0.0	0.0	0.0	-0.0	-0.0	-0.0	-0.0	-0.0	-0.0	0.0	0.0	0.0	0.0	0.0	0.0	0.0	0.0	0.0	0.0	0.0	0.0	0.0	0.0	0.0	0.0	0.0	0.0	0.0	0.0	0.0	0.0	0.0	0.0	0.0	0.0	-59.56	364.2	-0.32	42.65	-39.47	0.0	0.0	-0.39	-0.87	-0.91	-0.45	-0.16	-0.12	-0.06	-0.0	304.52
x0e_b	F186L	fixed_e2	-0.0	-0.0	-0.0	-0.0	0.0	-0.0	-0.0	0.0	-0.0	0.0	0.0	-0.0	-0.0	-0.0	-0.0	-0.0	-0.0	0.0	0.0	0.0	0.0	0.0	0.0	0.0	0.0	0.0	0.0	0.0	0.0	0.0	0.0	0.0	0.0	0.0	0.0	0.0	0.0	0.0	0.0	0.0	0.0	0.0	0.0	-58.05	366.27	-0.02	42.16	-39.02	0.0	0.0	-0.39	-0.87	-0.91	-0.45	-0.16	-0.12	-0.06	-0.0	308.37
x0e_b	F186L+E188K	repacked	-0.0	-0.0	-0.0	-0.0	0.0	-0.0	-0.0	0.0	-0.0	0.0	0.0	-0.0	-0.0	-0.0	-0.0	-0.0	-0.0	0.0	0.0	0.0	0.0	0.0	0.0	0.0	0.0	0.0	0.0	0.0	0.0	0.0	0.0	0.0	0.0	0.0	0.0	0.0	0.0	0.0	0.0	0.0	0.0	0.0	0.0	-59.85	364.26	-0.29	43.07	-39.67	0.0	0.0	-0.39	-0.87	-0.91	-0.45	-0.16	-0.12	-0.06	-0.0	304.54
x0e_b	F186L+E188K	fixed_e2	-0.0	-0.0	-0.0	-0.0	0.0	-0.0	-0.0	0.0	-0.0	0.0	0.0	-0.0	-0.0	-0.0	-0.0	-0.0	-0.0	0.0	0.0	0.0	0.0	0.0	0.0	0.0	0.0	0.0	0.0	0.0	0.0	0.0	0.0	0.0	0.0	0.0	0.0	0.0	0.0	0.0	0.0	0.0	0.0	0.0	0.0	-58.31	366.3	-0.16	42.55	-39.22	0.0	0.0	-0.39	-0.87	-0.91	-0.45	-0.16	-0.12	-0.06	-0.0	308.19
x0e_b	F186S	repacked	-0.0	-0.0	-0.0	-0.0	0.0	-0.0	-0.0	0.0	-0.0	0.0	0.0	-0.0	-0.0	-0.0	-0.0	-0.0	-0.0	0.0	0.0	0.0	0.0	0.0	0.0	0.0	0.0	0.0	0.0	0.0	0.0	0.0	0.0	0.0	0.0	0.0	0.0	0.0	0.0	0.0	0.0	0.0	0.0	0.0	0.0	-56.95	288.96	-0.78	41.82	-31.83	0.0	0.0	-0.39	-0.87	-0.99	-0.81	-0.27	-0.12	-0.06	-0.0	237.71
x0e_b	F186S	fixed_e2	-0.0	-0.0	-0.0	-0.0	0.0	-0.0	-0.0	0.0	-0.0	0.0	0.0	-0.0	-0.0	-0.0	-0.0	-0.0	-0.0	0.0	0.0	0.0	0.0	0.0	0.0	0.0	0.0	0.0	0.0	0.0	0.0	0.0	0.0	0.0	0.0	0.0	0.0	0.0	0.0	0.0	0.0	0.0	0.0	0.0	0.0	-55.36	291.03	-0.42	41.2	-31.45	0.0	0.0	-0.39	-0.87	-0.99	-0.81	-0.27	-0.12	-0.06	-0.0	241.49
x0e_b	I181A	repacked	-0.0	-0.0	-0.0	-0.0	0.0	-0.0	-0.0	0.0	-0.0	0.0	0.0	-0.0	-0.0	-0.0	-0.0	-0.0	-0.0	0.0	0.0	0.0	0.0	0.0	0.0	0.0	0.0	0.0	0.0	0.0	0.0	0.0	0.0	0.0	0.0	0.0	0.0	0.0	0.0	0.0	0.0	0.0	0.0	0.0	0.0	-61.39	366.86	-0.32	42.18	-32.3	0.0	0.0	-0.39	-0.87	-0.91	-0.45	-0.16	-0.12	-0.06	-0.0	312.05
x0e_b	I181A	fixed_e2	-0.0	-0.0	-0.0	-0.0	0.0	-0.0	-0.0	0.0	-0.0	0.0	0.0	-0.0	-0.0	-0.0	-0.0	-0.0	-0.0	0.0	0.0	0.0	0.0	0.0	0.0	0.0	0.0	0.0	0.0	0.0	0.0	0.0	0.0	0.0	0.0	0.0	0.0	0.0	0.0	0.0	0.0	0.0	0.0	0.0	0.0	-59.9	368.93	-0.02	41.7	-31.92	0.0	0.0	-0.39	-0.87	-0.91	-0.45	-0.16	-0.12	-0.06	-0.0	315.82
x0e_b	I182A	repacked	-0.0	-0.0	-0.0	-0.0	0.0	-0.0	-0.0	0.0	-0.0	0.0	0.0	-0.0	-0.0	-0.0	-0.0	-0.0	-0.0	0.0	0.0	0.0	0.0	0.0	0.0	0.0	0.0	0.0	0.0	0.0	0.0	0.0	0.0	0.0	0.0	0.0	0.0	0.0	0.0	0.0	0.0	0.0	0.0	0.0	0.0	-61.65	366.86	-0.32	41.99	-32.5	0.0	0.0	-0.39	-0.87	-0.91	-0.45	-0.16	-0.12	-0.06	-0.0	311.4
x0e_b	I182A	fixed_e2	-0.0	-0.0	-0.0	-0.0	0.0	-0.0	-0.0	0.0	-0.0	0.0	0.0	-0.0	-0.0	-0.0	-0.0	-0.0	-0.0	0.0	0.0	0.0	0.0	0.0	0.0	0.0	0.0	0.0	0.0	0.0	0.0	0.0	0.0	0.0	0.0	0.0	0.0	0.0	0.0	0.0	0.0	0.0	0.0	0.0	0.0	-60.16	368.93	-0.02	41.51	-32.12	0.0	0.0	-0.39	-0.87	-0.91	-0.45	-0.16	-0.12	-0.06	-0.0	315.17
x0e_b	I182F	repacked	-0.0	-0.0	-0.0	-0.0	0.0	-0.0	-0.0	0.0	-0.0	0.0	0.0	-0.0	-0.0	-0.0	-0.0	-0.0	-0.0	0.0	0.0	0.0	0.0	0.0	0.0	0.0	0.0	0.0	0.0	0.0	0.0	0.0	0.0	0.0	0.0	0.0	0.0	0.0	0.0	0.0	0.0	0.0	0.0	0.0	0.0	-61.71	366.86	-0.32	42.08	-32.51	0.0	0.0	-0.39	-0.87	-0.91	-0.45	-0.16	-0.12	-0.06	-0.0	311.43
x0e_b	I182F	fixed_e2	-0.0	-0.0	-0.0	-0.0	0.0	-0.0	-0.0	0.0	-0.0	0.0	0.0	-0.0	-0.0	-0.0	-0.0	-0.0	-0.0	0.0	0.0	0.0	0.0	0.0	0.0	0.0	0.0	0.0	0.0	0.0	0.0	0.0	0.0	0.0	0.0	0.0	0.0	0.0	0.0	0.0	0.0	0.0	0.0	0.0	0.0	-60.21	368.93	-0.02	41.6	-32.12	0.0	0.0	-0.39	-0.87	-0.91	-0.45	-0.16	-0.12	-0.06	-0.0	315.2
x0e_b	K124T	repacked	-0.0	-0.0	-0.0	-0.0	0.0	-0.0	-0.0	0.0	-0.0	0.0	0.0	-0.0	-0.0	-0.0	-0.0	-0.0	-0.0	0.0	0.0	0.0	0.0	0.0	0.0	0.0	0.0	0.0	0.0	0.0	0.0	0.0	0.0	0.0	0.0	0.0	0.0	0.0	0.0	0.0	0.0	0.0	0.0	0.0	0.0	-61.7	366.86	-0.31	42.06	-32.55	0.0	0.0	-0.39	-0.87	-0.91	-0.45	-0.16	-0.12	-0.06	-0.0	311.39
x0e_b	K124T	fixed_e2	-0.0	-0.0	-0.0	-0.0	0.0	-0.0	-0.0	0.0	-0.0	0.0	0.0	-0.0	-0.0	-0.0	-0.0	-0.0	-0.0	0.0	0.0	0.0	0.0	0.0	0.0	0.0	0.0	0.0	0.0	0.0	0.0	0.0	0.0	0.0	0.0	0.0	0.0	0.0	0.0	0.0	0.0	0.0	0.0	0.0	0.0	-60.2	368.93	-0.13	41.57	-32.17	0.0	0.0	-0.39	-0.87	-0.91	-0.45	-0.16	-0.12	-0.06	-0.0	315.03
x0e_b	K171A	repacked	-0.0	-0.0	-0.0	-0.0	0.0	-0.0	-0.0	0.0	-0.0	0.0	0.0	-0.0	-0.0	-0.0	-0.0	-0.0	-0.0	0.0	0.0	0.0	0.0	0.0	0.0	0.0	0.0	0.0	0.0	0.0	0.0	0.0	0.0	0.0	0.0	0.0	0.0	0.0	0.0	0.0	0.0	0.0	0.0	0.0	0.0	-60.98	366.83	-0.43	41.58	-31.57	0.0	0.0	-0.39	-0.87	-0.91	-0.45	-0.16	-0.12	-0.06	-0.0	312.45
x0e_b	K171A	fixed_e2	-0.0	-0.0	-0.0	-0.0	0.0	-0.0	-0.0	0.0	-0.0	0.0	0.0	-0.0	-0.0	-0.0	-0.0	-0.0	-0.0	0.0	0.0	0.0	0.0	0.0	0.0	0.0	0.0	0.0	0.0	0.0	0.0	0.0	0.0	0.0	0.0	0.0	0.0	0.0	0.0	0.0	0.0	0.0	0.0	0.0	0.0	-59.49	368.9	-0.13	41.09	-31.18	0.0	0.0	-0.39	-0.87	-0.91	-0.45	-0.16	-0.12	-0.06	-0.0	316.22
x0e_b	L162P	repacked	-0.0	-0.0	-0.0	-0.0	0.0	-0.0	-0.0	0.0	-0.0	0.0	0.0	-0.0	-0.0	-0.0	-0.0	-0.0	-0.0	0.0	0.0	0.0	0.0	0.0	0.0	0.0	0.0	0.0	0.0	0.0	0.0	0.0	0.0	0.0	0.0	0.0	0.0	0.0	0.0	0.0	0.0	0.0	0.0	0.0	0.0	-61.52	366.86	-0.83	42.05	-32.08	0.0	0.0	-0.39	-0.87	-0.91	-0.45	-0.16	-0.21	-0.59	-0.0	310.89
x0e_b	L162P	fixed_e2	-0.0	-0.0	-0.0	-0.0	0.0	-0.0	-0.0	0.0	-0.0	0.0	0.0	-0.0	-0.0	-0.0	-0.0	-0.0	-0.0	0.0	0.0	0.0	0.0	0.0	0.0	0.0	0.0	0.0	0.0	0.0	0.0	0.0	0.0	0.0	0.0	0.0	0.0	0.0	0.0	0.0	0.0	0.0	0.0	0.0	0.0	-60.04	368.93	-0.61	41.53	-31.69	0.0	0.0	-0.39	-0.87	-0.91	-0.45	-0.16	-0.21	-0.59	-0.0	314.53
x0e_b	N184A	repacked	-0.0	-0.0	-0.0	-0.0	0.0	-0.0	-0.0	0.0	-0.0	0.0	0.0	-0.0	-0.0	-0.0	-0.0	-0.0	-0.0	0.0	0.0	0.0	0.0	0.0	0.0	0.0	0.0	0.0	0.0	0.0	0.0	0.0	0.0	0.0	0.0	0.0	0.0	0.0	0.0	0.0	0.0	0.0	0.0	0.0	0.0	-61.85	366.86	-0.53	42.16	-32.79	0.0	0.0	-0.39	-0.87	-0.91	-0.45	-0.16	-0.12	-0.06	-0.0	310.88
x0e_b	N184A	fixed_e2	-0.0	-0.0	-0.0	-0.0	0.0	-0.0	-0.0	0.0	-0.0	0.0	0.0	-0.0	-0.0	-0.0	-0.0	-0.0	-0.0	0.0	0.0	0.0	0.0	0.0	0.0	0.0	0.0	0.0	0.0	0.0	0.0	0.0	0.0	0.0	0.0	0.0	0.0	0.0	0.0	0.0	0.0	0.0	0.0	0.0	0.0	-60.36	368.93	-0.02	41.7	-32.41	0.0	0.0	-0.39	-0.87	-0.91	-0.45	-0.16	-0.12	-0.06	-0.0	314.87
x0e_b	N184Y	repacked	-0.0	-0.0	-0.0	-0.0	0.0	-0.0	-0.0	0.0	-0.0	0.0	0.0	-0.0	-0.0	-0.0	-0.0	-0.0	-0.0	0.0	0.0	0.0	0.0	0.0	0.0	0.0	0.0	0.0	0.0	0.0	0.0	0.0	0.0	0.0	0.0	0.0	0.0	0.0	0.0	0.0	0.0	0.0	0.0	0.0	0.0	-61.94	366.91	-0.48	42.35	-32.7	0.0	0.0	-0.39	-0.87	-0.91	-0.45	-0.16	-0.12	-0.06	-0.0	311.18
x0e_b	N184Y	fixed_e2	-0.0	-0.0	-0.0	-0.0	0.0	-0.0	-0.0	0.0	-0.0	0.0	0.0	-0.0	-0.0	-0.0	-0.0	-0.0	-0.0	0.0	0.0	0.0	0.0	0.0	0.0	0.0	0.0	0.0	0.0	0.0	0.0	0.0	0.0	0.0	0.0	0.0	0.0	0.0	0.0	0.0	0.0	0.0	0.0	0.0	0.0	-60.38	368.96	-0.14	41.8	-32.3	0.0	0.0	-0.39	-0.87	-0.91	-0.45	-0.16	-0.12	-0.06	-0.0	314.96
x0e_b	T163A	repacked	-0.0	-0.0	-0.0	-0.0	0.0	-0.0	-0.0	0.0	-0.0	0.0	0.0	-0.0	-0.0	-0.0	-0.0	-0.0	-0.0	0.0	0.0	0.0	0.0	0.0	0.0	0.0	0.0	0.0	0.0	0.0	0.0	0.0	0.0	0.0	0.0	0.0	0.0	0.0	0.0	0.0	0.0	0.0	0.0	0.0	0.0	-59.53	338.83	-0.59	39.63	-30.66	0.0	0.0	-0.39	-0.87	-0.91	-0.45	-0.16	-0.12	-0.06	-0.0	284.72
x0e_b	T163A	fixed_e2	-0.0	-0.0	-0.0	-0.0	0.0	-0.0	-0.0	0.0	-0.0	0.0	0.0	-0.0	-0.0	-0.0	-0.0	-0.0	-0.0	0.0	0.0	0.0	0.0	0.0	0.0	0.0	0.0	0.0	0.0	0.0	0.0	0.0	0.0	0.0	0.0	0.0	0.0	0.0	0.0	0.0	0.0	0.0	0.0	0.0	0.0	-58.64	340.9	-0.26	39.66	-30.42	0.0	0.0	-0.39	-0.87	-0.91	-0.45	-0.16	-0.12	-0.06	-0.0	288.27
x0e_b	T166I	repacked	-0.0	-0.0	-0.0	-0.0	0.0	-0.0	-0.0	0.0	-0.0	0.0	0.0	-0.0	-0.0	-0.0	-0.0	-0.0	-0.0	0.0	0.0	0.0	0.0	0.0	0.0	0.0	0.0	0.0	0.0	0.0	0.0	0.0	0.0	0.0	0.0	0.0	0.0	0.0	0.0	0.0	0.0	0.0	0.0	0.0	0.0	-61.87	366.86	-0.3	42.14	-32.85	0.0	0.0	-0.39	-0.87	-0.91	-0.45	-0.16	-0.12	-0.06	-0.0	311.0
x0e_b	T166I	fixed_e2	-0.0	-0.0	-0.0	-0.0	0.0	-0.0	-0.0	0.0	-0.0	0.0	0.0	-0.0	-0.0	-0.0	-0.0	-0.0	-0.0	0.0	0.0	0.0	0.0	0.0	0.0	0.0	0.0	0.0	0.0	0.0	0.0	0.0	0.0	0.0	0.0	0.0	0.0	0.0	0.0	0.0	0.0	0.0	0.0	0.0	0.0	-60.37	368.93	0.0	41.65	-32.47	0.0	0.0	-0.39	-0.87	-0.91	-0.45	-0.16	-0.12	-0.06	-0.0	314.78
x0e_b	V146E	repacked	-0.0	-0.0	-0.0	-0.0	0.0	-0.0	-0.0	0.0	-0.0	0.0	0.0	-0.0	-0.0	-0.0	-0.0	-0.0	-0.0	0.0	0.0	0.0	0.0	0.0	0.0	0.0	0.0	0.0	0.0	0.0	0.0	0.0	0.0	0.0	0.0	0.0	0.0	0.0	0.0	0.0	0.0	0.0	0.0	0.0	0.0	-61.7	366.86	-0.32	42.06	-32.55	0.0	0.0	-0.39	-0.87	-0.91	-0.45	-0.16	-0.12	-0.06	-0.0	311.37
x0e_b	V146E	fixed_e2	-0.0	-0.0	-0.0	-0.0	0.0	-0.0	-0.0	0.0	-0.0	0.0	0.0	-0.0	-0.0	-0.0	-0.0	-0.0	-0.0	0.0	0.0	0.0	0.0	0.0	0.0	0.0	0.0	0.0	0.0	0.0	0.0	0.0	0.0	0.0	0.0	0.0	0.0	0.0	0.0	0.0	0.0	0.0	0.0	0.0	0.0	-60.21	368.93	-0.02	41.58	-32.17	0.0	0.0	-0.39	-0.87	-0.91	-0.45	-0.16	-0.12	-0.06	-0.0	315.15
x0e_core	WT	repacked	-0.0	-0.0	-0.0	-0.0	0.0	-0.0	-0.0	0.0	-0.0	0.0	0.0	-0.0	-0.0	-0.0	-0.0	-0.0	-0.0	0.0	0.0	0.0	0.0	0.0	0.0	0.0	0.0	0.0	0.0	0.0	0.0	0.0	0.0	0.0	0.0	0.0	0.0	0.0	0.0	0.0	0.0	0.0	0.0	0.0	0.0	-75.02	441.95	-0.22	52.87	-53.74	0.0	-0.7	-0.19	-0.83	-0.66	-0.21	-0.55	-0.3	-0.51	-0.0	361.89
x0e_core	C157S	repacked	-0.0	-0.0	-0.0	-0.0	0.0	-0.0	-0.0	0.0	-0.0	0.0	0.0	-0.0	-0.0	-0.0	-0.0	-0.0	-0.0	0.0	0.0	0.0	0.0	0.0	0.0	0.0	0.0	0.0	0.0	0.0	0.0	0.0	0.0	0.0	0.0	0.0	0.0	0.0	0.0	0.0	0.0	0.0	0.0	0.0	0.0	-75.8	435.84	0.11	53.22	-54.56	0.0	-0.7	-0.19	-0.83	-0.64	-0.21	-0.55	-0.47	-0.75	-0.0	354.48
x0e_core	C157S	fixed_e2	-0.0	-0.0	-0.0	-0.0	0.0	-0.0	-0.0	0.0	-0.0	0.0	0.0	-0.0	-0.0	-0.0	-0.0	-0.0	-0.0	0.0	0.0	0.0	0.0	0.0	0.0	0.0	0.0	0.0	0.0	0.0	0.0	0.0	0.0	0.0	0.0	0.0	0.0	0.0	0.0	0.0	0.0	0.0	0.0	0.0	0.0	-75.93	443.9	0.1	53.31	-54.48	0.0	-0.7	-0.19	-0.83	-0.66	-0.21	-0.55	-0.47	-0.75	-0.0	362.53
x0e_core	C190R	repacked	-0.0	-0.0	-0.0	-0.0	0.0	-0.0	-0.0	0.0	-0.0	0.0	0.0	-0.0	-0.0	-0.0	-0.0	-0.0	-0.0	0.0	0.0	0.0	0.0	0.0	0.0	0.0	0.0	0.0	0.0	0.0	0.0	0.0	0.0	0.0	0.0	0.0	0.0	0.0	0.0	0.0	0.0	0.0	0.0	0.0	0.0	-75.93	435.84	0.11	53.13	-55.2	0.0	-0.7	-0.19	-0.83	-0.64	-0.21	-0.55	-0.47	-0.75	-0.0	353.62
x0e_core	C190R	fixed_e2	-0.0	-0.0	-0.0	-0.0	0.0	-0.0	-0.0	0.0	-0.0	0.0	0.0	-0.0	-0.0	-0.0	-0.0	-0.0	-0.0	0.0	0.0	0.0	0.0	0.0	0.0	0.0	0.0	0.0	0.0	0.0	0.0	0.0	0.0	0.0	0.0	0.0	0.0	0.0	0.0	0.0	0.0	0.0	0.0	0.0	0.0	-76.07	443.9	0.1	53.22	-55.12	0.0	-0.7	-0.19	-0.83	-0.66	-0.21	-0.55	-0.47	-0.75	-0.0	361.67
x0e_core	D196A	repacked	-0.0	-0.0	-0.0	-0.0	0.0	-0.0	-0.0	0.0	-0.0	0.0	0.0	-0.0	-0.0	-0.0	-0.0	-0.0	-0.0	0.0	0.0	0.0	0.0	0.0	0.0	0.0	0.0	0.0	0.0	0.0	0.0	0.0	0.0	0.0	0.0	0.0	0.0	0.0	0.0	0.0	0.0	0.0	0.0	0.0	0.0	-77.95	435.84	-0.0	54.43	-55.65	0.0	-0.7	-0.19	-0.83	-0.64	-0.21	-0.55	-0.47	-0.75	-0.0	352.34
x0e_core	D196A	fixed_e2	-0.0	-0.0	-0.0	-0.0	0.0	-0.0	-0.0	0.0	-0.0	0.0	0.0	-0.0	-0.0	-0.0	-0.0	-0.0	-0.0	0.0	0.0	0.0	0.0	0.0	0.0	0.0	0.0	0.0	0.0	0.0	0.0	0.0	0.0	0.0	0.0	0.0	0.0	0.0	0.0	0.0	0.0	0.0	0.0	0.0	0.0	-78.09	443.9	-0.01	54.52	-55.57	0.0	-0.7	-0.19	-0.83	-0.66	-0.21	-0.55	-0.47	-0.75	-0.0	360.4
x0e_core	D196E	repacked	-0.0	-0.0	-0.0	-0.0	0.0	-0.0	-0.0	0.0	-0.0	0.0	0.0	-0.0	-0.0	-0.0	-0.0	-0.0	-0.0	0.0	0.0	0.0	0.0	0.0	0.0	0.0	0.0	0.0	0.0	0.0	0.0	0.0	0.0	0.0	0.0	0.0	0.0	0.0	0.0	0.0	0.0	0.0	0.0	0.0	0.0	-75.93	435.84	0.23	53.13	-55.2	0.0	-0.7	-0.19	-0.83	-0.64	-0.21	-0.55	-0.47	-0.75	-0.0	353.75
x0e_core	D196E	fixed_e2	-0.0	-0.0	-0.0	-0.0	0.0	-0.0	-0.0	0.0	-0.0	0.0	0.0	-0.0	-0.0	-0.0	-0.0	-0.0	-0.0	0.0	0.0	0.0	0.0	0.0	0.0	0.0	0.0	0.0	0.0	0.0	0.0	0.0	0.0	0.0	0.0	0.0	0.0	0.0	0.0	0.0	0.0	0.0	0.0	0.0	0.0	-76.06	443.9	0.23	53.22	-55.12	0.0	-0.7	-0.19	-0.83	-0.66	-0.21	-0.55	-0.47	-0.75	-0.0	361.81
x0e_core	E188A	repacked	-0.0	-0.0	-0.0	-0.0	0.0	-0.0	-0.0	0.0	-0.0	0.0	0.0	-0.0	-0.0	-0.0	-0.0	-0.0	-0.0	0.0	0.0	0.0	0.0	0.0	0.0	0.0	0.0	0.0	0.0	0.0	0.0	0.0	0.0	0.0	0.0	0.0	0.0	0.0	0.0	0.0	0.0	0.0	0.0	0.0	0.0	-75.34	432.13	0.95	52.7	-55.06	0.0	-0.7	-0.19	-0.83	-0.64	-0.21	-0.55	-0.47	-0.75	-0.0	351.06
x0e_core	E188A	fixed_e2	-0.0	-0.0	-0.0	-0.0	0.0	-0.0	-0.0	0.0	-0.0	0.0	0.0	-0.0	-0.0	-0.0	-0.0	-0.0	-0.0	0.0	0.0	0.0	0.0	0.0	0.0	0.0	0.0	0.0	0.0	0.0	0.0	0.0	0.0	0.0	0.0	0.0	0.0	0.0	0.0	0.0	0.0	0.0	0.0	0.0	0.0	-75.49	442.18	0.49	52.91	-54.98	0.0	-0.7	-0.19	-0.83	-0.66	-0.21	-0.55	-0.47	-0.75	-0.0	360.76
x0e_core	E188K	repacked	-0.0	-0.0	-0.0	-0.0	0.0	-0.0	-0.0	0.0	-0.0	0.0	0.0	-0.0	-0.0	-0.0	-0.0	-0.0	-0.0	0.0	0.0	0.0	0.0	0.0	0.0	0.0	0.0	0.0	0.0	0.0	0.0	0.0	0.0	0.0	0.0	0.0	0.0	0.0	0.0	0.0	0.0	0.0	0.0	0.0	0.0	-75.85	434.75	1.05	52.91	-55.47	0.0	-0.7	-0.19	-0.83	-0.64	-0.21	-0.55	-0.47	-0.75	-0.0	353.07
x0e_core	E188K	fixed_e2	-0.0	-0.0	-0.0	-0.0	0.0	-0.0	-0.0	0.0	-0.0	0.0	0.0	-0.0	-0.0	-0.0	-0.0	-0.0	-0.0	0.0	0.0	0.0	0.0	0.0	0.0	0.0	0.0	0.0	0.0	0.0	0.0	0.0	0.0	0.0	0.0	0.0	0.0	0.0	0.0	0.0	0.0	0.0	0.0	0.0	0.0	-75.97	443.89	0.59	52.99	-55.36	0.0	-0.7	-0.19	-0.83	-0.66	-0.21	-0.55	-0.47	-0.75	-0.0	361.78
x0e_core	F150S	repacked	-0.0	-0.0	-0.0	-0.0	0.0	-0.0	-0.0	0.0	-0.0	0.0	0.0	-0.0	-0.0	-0.0	-0.0	-0.0	-0.0	0.0	0.0	0.0	0.0	0.0	0.0	0.0	0.0	0.0	0.0	0.0	0.0	0.0	0.0	0.0	0.0	0.0	0.0	0.0	0.0	0.0	0.0	0.0	0.0	0.0	0.0	-75.93	435.84	0.11	53.13	-55.2	0.0	-0.7	-0.19	-0.83	-0.64	-0.21	-0.55	-0.47	-0.75	-0.0	353.62
x0e_core	F150S	fixed_e2	-0.0	-0.0	-0.0	-0.0	0.0	-0.0	-0.0	0.0	-0.0	0.0	0.0	-0.0	-0.0	-0.0	-0.0	-0.0	-0.0	0.0	0.0	0.0	0.0	0.0	0.0	0.0	0.0	0.0	0.0	0.0	0.0	0.0	0.0	0.0	0.0	0.0	0.0	0.0	0.0	0.0	0.0	0.0	0.0	0.0	0.0	-76.07	443.9	0.1	53.22	-55.12	0.0	-0.7	-0.19	-0.83	-0.66	-0.21	-0.55	-0.47	-0.75	-0.0	361.67
x0e_core	F186A	repacked	-0.0	-0.0	-0.0	-0.0	0.0	-0.0	-0.0	0.0	-0.0	0.0	0.0	-0.0	-0.0	-0.0	-0.0	-0.0	-0.0	0.0	0.0	0.0	0.0	0.0	0.0	0.0	0.0	0.0	0.0	0.0	0.0	0.0	0.0	0.0	0.0	0.0	0.0	0.0	0.0	0.0	0.0	0.0	0.0	0.0	0.0	-70.71	409.79	0.53	51.81	-54.64	0.0	-0.7	-0.19	-0.83	-0.64	-0.21	-0.55	-0.47	-0.75	-0.0	332.45
x0e_core	F186A	fixed_e2	-0.0	-0.0	-0.0	-0.0	0.0	-0.0	-0.0	0.0	-0.0	0.0	0.0	-0.0	-0.0	-0.0	-0.0	-0.0	-0.0	0.0	0.0	0.0	0.0	0.0	0.0	0.0	0.0	0.0	0.0	0.0	0.0	0.0	0.0	0.0	0.0	0.0	0.0	0.0	0.0	0.0	0.0	0.0	0.0	0.0	0.0	-70.78	418.94	0.1	51.97	-54.56	0.0	-0.7	-0.19	-0.83	-0.66	-0.21	-0.55	-0.47	-0.75	-0.0	341.31
x0e_core	F186L	repacked	-0.0	-0.0	-0.0	-0.0	0.0	-0.0	-0.0	0.0	-0.0	0.0	0.0	-0.0	-0.0	-0.0	-0.0	-0.0	-0.0	0.0	0.0	0.0	0.0	0.0	0.0	0.0	0.0	0.0	0.0	0.0	0.0	0.0	0.0	0.0	0.0	0.0	0.0	0.0	0.0	0.0	0.0	0.0	0.0	0.0	0.0	-72.16	436.74	0.53	52.4	-56.43	0.0	-0.7	-0.19	-0.83	-0.64	-0.21	-0.55	-0.47	-0.75	-0.0	356.75
x0e_core	F186L	fixed_e2	-0.0	-0.0	-0.0	-0.0	0.0	-0.0	-0.0	0.0	-0.0	0.0	0.0	-0.0	-0.0	-0.0	-0.0	-0.0	-0.0	0.0	0.0	0.0	0.0	0.0	0.0	0.0	0.0	0.0	0.0	0.0	0.0	0.0	0.0	0.0	0.0	0.0	0.0	0.0	0.0	0.0	0.0	0.0	0.0	0.0	0.0	-72.21	445.89	0.1	52.56	-56.3	0.0	-0.7	-0.19	-0.83	-0.66	-0.21	-0.55	-0.47	-0.75	-0.0	365.69
x0e_core	F186L+E188K	repacked	-0.0	-0.0	-0.0	-0.0	0.0	-0.0	-0.0	0.0	-0.0	0.0	0.0	-0.0	-0.0	-0.0	-0.0	-0.0	-0.0	0.0	0.0	0.0	0.0	0.0	0.0	0.0	0.0	0.0	0.0	0.0	0.0	0.0	0.0	0.0	0.0	0.0	0.0	0.0	0.0	0.0	0.0	0.0	0.0	0.0	0.0	-72.0	436.75	1.05	52.26	-56.69	0.0	-0.7	-0.19	-0.83	-0.64	-0.21	-0.55	-0.47	-0.75	-0.0	357.03
x0e_core	F186L+E188K	fixed_e2	-0.0	-0.0	-0.0	-0.0	0.0	-0.0	-0.0	0.0	-0.0	0.0	0.0	-0.0	-0.0	-0.0	-0.0	-0.0	-0.0	0.0	0.0	0.0	0.0	0.0	0.0	0.0	0.0	0.0	0.0	0.0	0.0	0.0	0.0	0.0	0.0	0.0	0.0	0.0	0.0	0.0	0.0	0.0	0.0	0.0	0.0	-72.11	445.88	0.58	52.34	-56.54	0.0	-0.7	-0.19	-0.83	-0.66	-0.21	-0.55	-0.47	-0.75	-0.0	365.79
x0e_core	F186S	repacked	-0.0	-0.0	-0.0	-0.0	0.0	-0.0	-0.0	0.0	-0.0	0.0	0.0	-0.0	-0.0	-0.0	-0.0	-0.0	-0.0	0.0	0.0	0.0	0.0	0.0	0.0	0.0	0.0	0.0	0.0	0.0	0.0	0.0	0.0	0.0	0.0	0.0	0.0	0.0	0.0	0.0	0.0	0.0	0.0	0.0	0.0	-70.9	408.88	0.68	52.01	-54.09	0.0	-0.7	-0.19	-0.83	-0.64	-0.21	-0.55	-0.47	-0.75	-0.0	332.26
x0e_core	F186S	fixed_e2	-0.0	-0.0	-0.0	-0.0	0.0	-0.0	-0.0	0.0	-0.0	0.0	0.0	-0.0	-0.0	-0.0	-0.0	-0.0	-0.0	0.0	0.0	0.0	0.0	0.0	0.0	0.0	0.0	0.0	0.0	0.0	0.0	0.0	0.0	0.0	0.0	0.0	0.0	0.0	0.0	0.0	0.0	0.0	0.0	0.0	0.0	-70.97	418.03	0.41	52.17	-54.01	0.0	-0.7	-0.19	-0.83	-0.66	-0.21	-0.55	-0.47	-0.75	-0.0	341.27
x0e_core	I181A	repacked	-0.0	-0.0	-0.0	-0.0	0.0	-0.0	-0.0	0.0	-0.0	0.0	0.0	-0.0	-0.0	-0.0	-0.0	-0.0	-0.0	0.0	0.0	0.0	0.0	0.0	0.0	0.0	0.0	0.0	0.0	0.0	0.0	0.0	0.0	0.0	0.0	0.0	0.0	0.0	0.0	0.0	0.0	0.0	0.0	0.0	0.0	-72.43	432.62	0.11	52.3	-48.79	0.0	-0.7	-0.19	-0.83	-0.64	-0.21	-0.55	-0.47	-0.75	-0.0	359.47
x0e_core	I181A	fixed_e2	-0.0	-0.0	-0.0	-0.0	0.0	-0.0	-0.0	0.0	-0.0	0.0	0.0	-0.0	-0.0	-0.0	-0.0	-0.0	-0.0	0.0	0.0	0.0	0.0	0.0	0.0	0.0	0.0	0.0	0.0	0.0	0.0	0.0	0.0	0.0	0.0	0.0	0.0	0.0	0.0	0.0	0.0	0.0	0.0	0.0	0.0	-72.53	440.68	0.1	52.39	-48.69	0.0	-0.7	-0.19	-0.83	-0.66	-0.21	-0.55	-0.47	-0.75	-0.0	367.59
x0e_core	I182A	repacked	-0.0	-0.0	-0.0	-0.0	0.0	-0.0	-0.0	0.0	-0.0	0.0	0.0	-0.0	-0.0	-0.0	-0.0	-0.0	-0.0	0.0	0.0	0.0	0.0	0.0	0.0	0.0	0.0	0.0	0.0	0.0	0.0	0.0	0.0	0.0	0.0	0.0	0.0	0.0	0.0	0.0	0.0	0.0	0.0	0.0	0.0	-73.12	400.9	0.1	52.18	-50.67	0.0	-0.7	-0.19	-0.83	-0.62	-0.21	-0.49	-0.47	-0.75	-0.0	325.13
x0e_core	I182A	fixed_e2	-0.0	-0.0	-0.0	-0.0	0.0	-0.0	-0.0	0.0	-0.0	0.0	0.0	-0.0	-0.0	-0.0	-0.0	-0.0	-0.0	0.0	0.0	0.0	0.0	0.0	0.0	0.0	0.0	0.0	0.0	0.0	0.0	0.0	0.0	0.0	0.0	0.0	0.0	0.0	0.0	0.0	0.0	0.0	0.0	0.0	0.0	-73.12	400.9	0.1	52.19	-50.64	0.0	-0.7	-0.19	-0.83	-0.62	-0.21	-0.49	-0.47	-0.75	-0.0	325.17
x0e_core	I182F	repacked	-0.0	-0.0	-0.0	-0.0	0.0	-0.0	-0.0	0.0	-0.0	0.0	0.0	-0.0	-0.0	-0.0	-0.0	-0.0	-0.0	0.0	0.0	0.0	0.0	0.0	0.0	0.0	0.0	0.0	0.0	0.0	0.0	0.0	0.0	0.0	0.0	0.0	0.0	0.0	0.0	0.0	0.0	0.0	0.0	0.0	0.0	-82.29	433.35	0.11	53.55	-52.04	0.0	-0.7	-0.19	-0.83	-0.64	-0.21	-0.55	-0.47	-0.75	-0.0	348.35
x0e_core	I182F	fixed_e2	-0.0	-0.0	-0.0	-0.0	0.0	-0.0	-0.0	0.0	-0.0	0.0	0.0	-0.0	-0.0	-0.0	-0.0	-0.0	-0.0	0.0	0.0	0.0	0.0	0.0	0.0	0.0	0.0	0.0	0.0	0.0	0.0	0.0	0.0	0.0	0.0	0.0	0.0	0.0	0.0	0.0	0.0	0.0	0.0	0.0	0.0	-82.26	450.03	0.1	53.62	-52.07	0.0	-0.7	-0.19	-0.83	-0.66	-0.21	-0.55	-0.47	-0.75	-0.0	365.06
x0e_core	K124T	repacked	-0.0	-0.0	-0.0	-0.0	0.0	-0.0	-0.0	0.0	-0.0	0.0	0.0	-0.0	-0.0	-0.0	-0.0	-0.0	-0.0	0.0	0.0	0.0	0.0	0.0	0.0	0.0	0.0	0.0	0.0	0.0	0.0	0.0	0.0	0.0	0.0	0.0	0.0	0.0	0.0	0.0	0.0	0.0	0.0	0.0	0.0	-75.93	435.84	0.11	53.13	-55.2	0.0	-0.7	-0.19	-0.83	-0.64	-0.21	-0.55	-0.47	-0.75	-0.0	353.62
x0e_core	K124T	fixed_e2	-0.0	-0.0	-0.0	-0.0	0.0	-0.0	-0.0	0.0	-0.0	0.0	0.0	-0.0	-0.0	-0.0	-0.0	-0.0	-0.0	0.0	0.0	0.0	0.0	0.0	0.0	0.0	0.0	0.0	0.0	0.0	0.0	0.0	0.0	0.0	0.0	0.0	0.0	0.0	0.0	0.0	0.0	0.0	0.0	0.0	0.0	-76.07	443.9	0.1	53.22	-55.12	0.0	-0.7	-0.19	-0.83	-0.66	-0.21	-0.55	-0.47	-0.75	-0.0	361.67
x0e_core	K171A	repacked	-0.0	-0.0	-0.0	-0.0	0.0	-0.0	-0.0	0.0	-0.0	0.0	0.0	-0.0	-0.0	-0.0	-0.0	-0.0	-0.0	0.0	0.0	0.0	0.0	0.0	0.0	0.0	0.0	0.0	0.0	0.0	0.0	0.0	0.0	0.0	0.0	0.0	0.0	0.0	0.0	0.0	0.0	0.0	0.0	0.0	0.0	-73.63	435.84	-0.31	50.91	-53.53	0.0	-0.7	-0.19	-0.83	-0.12	-0.04	-0.36	-0.47	-0.75	-0.0	355.83
x0e_core	K171A	fixed_e2	-0.0	-0.0	-0.0	-0.0	0.0	-0.0	-0.0	0.0	-0.0	0.0	0.0	-0.0	-0.0	-0.0	-0.0	-0.0	-0.0	0.0	0.0	0.0	0.0	0.0	0.0	0.0	0.0	0.0	0.0	0.0	0.0	0.0	0.0	0.0	0.0	0.0	0.0	0.0	0.0	0.0	0.0	0.0	0.0	0.0	0.0	-73.76	443.9	-0.31	51.0	-53.45	0.0	-0.7	-0.19	-0.83	-0.14	-0.04	-0.37	-0.47	-0.75	-0.0	363.89
x0e_core	L162P	repacked	-0.0	-0.0	-0.0	-0.0	0.0	-0.0	-0.0	0.0	-0.0	0.0	0.0	-0.0	-0.0	-0.0	-0.0	-0.0	-0.0	0.0	0.0	0.0	0.0	0.0	0.0	0.0	0.0	0.0	0.0	0.0	0.0	0.0	0.0	0.0	0.0	0.0	0.0	0.0	0.0	0.0	0.0	0.0	0.0	0.0	0.0	-75.94	435.84	0.04	53.13	-55.2	0.0	-0.7	-0.19	-0.83	-0.64	-0.21	-0.55	-0.47	-0.75	-0.0	353.55
x0e_core	L162P	fixed_e2	-0.0	-0.0	-0.0	-0.0	0.0	-0.0	-0.0	0.0	-0.0	0.0	0.0	-0.0	-0.0	-0.0	-0.0	-0.0	-0.0	0.0	0.0	0.0	0.0	0.0	0.0	0.0	0.0	0.0	0.0	0.0	0.0	0.0	0.0	0.0	0.0	0.0	0.0	0.0	0.0	0.0	0.0	0.0	0.0	0.0	0.0	-76.07	443.9	0.03	53.22	-55.12	0.0	-0.7	-0.19	-0.83	-0.66	-0.21	-0.55	-0.47	-0.75	-0.0	361.6
x0e_core	N184A	repacked	-0.0	-0.0	-0.0	-0.0	0.0	-0.0	-0.0	0.0	-0.0	0.0	0.0	-0.0	-0.0	-0.0	-0.0	-0.0	-0.0	0.0	0.0	0.0	0.0	0.0	0.0	0.0	0.0	0.0	0.0	0.0	0.0	0.0	0.0	0.0	0.0	0.0	0.0	0.0	0.0	0.0	0.0	0.0	0.0	0.0	0.0	-76.76	409.95	0.44	52.71	-57.03	0.0	-0.7	-0.19	-0.83	-0.64	-0.21	-0.55	-0.47	-0.75	-0.0	324.98
x0e_core	N184A	fixed_e2	-0.0	-0.0	-0.0	-0.0	0.0	-0.0	-0.0	0.0	-0.0	0.0	0.0	-0.0	-0.0	-0.0	-0.0	-0.0	-0.0	0.0	0.0	0.0	0.0	0.0	0.0	0.0	0.0	0.0	0.0	0.0	0.0	0.0	0.0	0.0	0.0	0.0	0.0	0.0	0.0	0.0	0.0	0.0	0.0	0.0	0.0	-74.17	443.49	0.01	52.27	-55.49	0.0	-0.7	-0.19	-0.83	-0.66	-0.21	-0.55	-0.47	-0.75	-0.0	361.76
x0e_core	N184Y	repacked	-0.0	-0.0	-0.0	-0.0	0.0	-0.0	-0.0	0.0	-0.0	0.0	0.0	-0.0	-0.0	-0.0	-0.0	-0.0	-0.0	0.0	0.0	0.0	0.0	0.0	0.0	0.0	0.0	0.0	0.0	0.0	0.0	0.0	0.0	0.0	0.0	0.0	0.0	0.0	0.0	0.0	0.0	0.0	0.0	0.0	0.0	-77.95	418.59	0.34	52.44	-56.4	0.0	-0.7	-0.19	-0.83	-0.64	-0.21	-0.55	-0.47	-0.75	-0.0	332.68
x0e_core	N184Y	fixed_e2	-0.0	-0.0	-0.0	-0.0	0.0	-0.0	-0.0	0.0	-0.0	0.0	0.0	-0.0	-0.0	-0.0	-0.0	-0.0	-0.0	0.0	0.0	0.0	0.0	0.0	0.0	0.0	0.0	0.0	0.0	0.0	0.0	0.0	0.0	0.0	0.0	0.0	0.0	0.0	0.0	0.0	0.0	0.0	0.0	0.0	0.0	-76.35	441.66	-0.09	52.36	-54.82	0.0	-0.7	-0.19	-0.83	-0.66	-0.21	-0.55	-0.47	-0.75	-0.0	358.41
x0e_core	T163A	repacked	-0.0	-0.0	-0.0	-0.0	0.0	-0.0	-0.0	0.0	-0.0	0.0	0.0	-0.0	-0.0	-0.0	-0.0	-0.0	-0.0	0.0	0.0	0.0	0.0	0.0	0.0	0.0	0.0	0.0	0.0	0.0	0.0	0.0	0.0	0.0	0.0	0.0	0.0	0.0	0.0	0.0	0.0	0.0	0.0	0.0	0.0	-74.37	433.66	-0.05	52.2	-53.62	0.0	-0.7	-0.19	-0.83	-0.64	-0.21	-0.55	-0.3	-0.51	-0.0	353.91
x0e_core	T163A	fixed_e2	-0.0	-0.0	-0.0	-0.0	0.0	-0.0	-0.0	0.0	-0.0	0.0	0.0	-0.0	-0.0	-0.0	-0.0	-0.0	-0.0	0.0	0.0	0.0	0.0	0.0	0.0	0.0	0.0	0.0	0.0	0.0	0.0	0.0	0.0	0.0	0.0	0.0	0.0	0.0	0.0	0.0	0.0	0.0	0.0	0.0	0.0	-74.5	441.72	-0.05	52.29	-53.54	0.0	-0.7	-0.19	-0.83	-0.66	-0.21	-0.55	-0.3	-0.51	-0.0	361.96
x0e_core	T166I	repacked	-0.0	-0.0	-0.0	-0.0	0.0	-0.0	-0.0	0.0	-0.0	0.0	0.0	-0.0	-0.0	-0.0	-0.0	-0.0	-0.0	0.0	0.0	0.0	0.0	0.0	0.0	0.0	0.0	0.0	0.0	0.0	0.0	0.0	0.0	0.0	0.0	0.0	0.0	0.0	0.0	0.0	0.0	0.0	0.0	0.0	0.0	-77.74	443.74	0.81	52.53	-60.59	0.0	-0.7	-0.19	-0.83	-0.54	-0.17	-0.24	-2.01	-1.93	-0.0	352.16
x0e_core	T166I	fixed_e2	-0.0	-0.0	-0.0	-0.0	0.0	-0.0	-0.0	0.0	-0.0	0.0	0.0	-0.0	-0.0	-0.0	-0.0	-0.0	-0.0	0.0	0.0	0.0	0.0	0.0	0.0	0.0	0.0	0.0	0.0	0.0	0.0	0.0	0.0	0.0	0.0	0.0	0.0	0.0	0.0	0.0	0.0	0.0	0.0	0.0	0.0	-77.95	451.61	0.22	52.74	-60.47	0.0	-0.7	-0.19	-0.83	-0.56	-0.17	-0.24	-0.47	-0.75	-0.0	362.24
x0e_core	V146E	repacked	-0.0	-0.0	-0.0	-0.0	0.0	-0.0	-0.0	0.0	-0.0	0.0	0.0	-0.0	-0.0	-0.0	-0.0	-0.0	-0.0	0.0	0.0	0.0	0.0	0.0	0.0	0.0	0.0	0.0	0.0	0.0	0.0	0.0	0.0	0.0	0.0	0.0	0.0	0.0	0.0	0.0	0.0	0.0	0.0	0.0	0.0	-75.93	435.84	0.11	53.13	-55.2	0.0	-0.7	-0.19	-0.83	-0.64	-0.21	-0.55	-0.47	-0.75	-0.0	353.62
x0e_core	V146E	fixed_e2	-0.0	-0.0	-0.0	-0.0	0.0	-0.0	-0.0	0.0	-0.0	0.0	0.0	-0.0	-0.0	-0.0	-0.0	-0.0	-0.0	0.0	0.0	0.0	0.0	0.0	0.0	0.0	0.0	0.0	0.0	0.0	0.0	0.0	0.0	0.0	0.0	0.0	0.0	0.0	0.0	0.0	0.0	0.0	0.0	0.0	0.0	-76.07	443.9	0.1	53.22	-55.12	0.0	-0.7	-0.19	-0.83	-0.66	-0.21	-0.55	-0.47	-0.75	-0.0	361.67
g8q_a	WT	repacked	-0.0	-0.0	-0.0	-0.0	0.0	-0.0	-0.0	0.0	-0.0	0.0	0.0	-0.0	-0.0	-0.0	-0.0	-0.0	-0.0	0.0	0.0	0.0	0.0	0.0	0.0	0.0	0.0	0.0	0.0	0.0	0.0	0.0	0.0	0.0	0.0	0.0	0.0	0.0	0.0	0.0	0.0	0.0	0.0	0.0	0.0	-44.52	112.28	-0.58	27.19	-36.44	0.0	0.0	0.0	0.0	-0.99	-0.0	-0.16	0.0	0.0	0.0	56.78
g8q_a	C157S	repacked	-0.0	-0.0	-0.0	-0.0	0.0	-0.0	-0.0	0.0	-0.0	0.0	0.0	-0.0	-0.0	-0.0	-0.0	-0.0	-0.0	0.0	0.0	0.0	0.0	0.0	0.0	0.0	0.0	0.0	0.0	0.0	0.0	0.0	0.0	0.0	0.0	0.0	0.0	0.0	0.0	0.0	0.0	0.0	0.0	0.0	0.0	-45.21	105.75	-0.73	27.09	-36.39	0.0	0.0	0.0	0.0	-0.99	-0.0	-0.16	-0.0	-0.57	-0.0	48.78
g8q_a	C157S	fixed_e2	-0.0	-0.0	-0.0	-0.0	0.0	-0.0	-0.0	0.0	-0.0	0.0	0.0	-0.0	-0.0	-0.0	-0.0	-0.0	-0.0	0.0	0.0	0.0	0.0	0.0	0.0	0.0	0.0	0.0	0.0	0.0	0.0	0.0	0.0	0.0	0.0	0.0	0.0	0.0	0.0	0.0	0.0	0.0	0.0	0.0	0.0	-44.6	112.28	-0.4	27.28	-36.45	0.0	0.0	0.0	0.0	-0.99	-0.0	-0.16	-0.0	-0.57	-0.0	56.39
g8q_a	C190R	repacked	-0.0	-0.0	-0.0	-0.0	0.0	-0.0	-0.0	0.0	-0.0	0.0	0.0	-0.0	-0.0	-0.0	-0.0	-0.0	-0.0	0.0	0.0	0.0	0.0	0.0	0.0	0.0	0.0	0.0	0.0	0.0	0.0	0.0	0.0	0.0	0.0	0.0	0.0	0.0	0.0	0.0	0.0	0.0	0.0	0.0	0.0	-45.19	105.75	-0.73	26.97	-36.65	0.0	0.0	0.0	0.0	-0.99	-0.0	-0.16	-0.0	-0.57	-0.0	48.43
g8q_a	C190R	fixed_e2	-0.0	-0.0	-0.0	-0.0	0.0	-0.0	-0.0	0.0	-0.0	0.0	0.0	-0.0	-0.0	-0.0	-0.0	-0.0	-0.0	0.0	0.0	0.0	0.0	0.0	0.0	0.0	0.0	0.0	0.0	0.0	0.0	0.0	0.0	0.0	0.0	0.0	0.0	0.0	0.0	0.0	0.0	0.0	0.0	0.0	0.0	-44.6	112.28	-0.4	27.28	-36.45	0.0	0.0	0.0	0.0	-0.99	-0.0	-0.16	-0.0	-0.57	-0.0	56.39
g8q_a	D196A	repacked	-0.0	-0.0	-0.0	-0.0	0.0	-0.0	-0.0	0.0	-0.0	0.0	0.0	-0.0	-0.0	-0.0	-0.0	-0.0	-0.0	0.0	0.0	0.0	0.0	0.0	0.0	0.0	0.0	0.0	0.0	0.0	0.0	0.0	0.0	0.0	0.0	0.0	0.0	0.0	0.0	0.0	0.0	0.0	0.0	0.0	0.0	-45.19	105.75	-0.73	26.97	-36.65	0.0	0.0	0.0	0.0	-0.99	-0.0	-0.16	-0.0	-0.57	-0.0	48.43
g8q_a	D196A	fixed_e2	-0.0	-0.0	-0.0	-0.0	0.0	-0.0	-0.0	0.0	-0.0	0.0	0.0	-0.0	-0.0	-0.0	-0.0	-0.0	-0.0	0.0	0.0	0.0	0.0	0.0	0.0	0.0	0.0	0.0	0.0	0.0	0.0	0.0	0.0	0.0	0.0	0.0	0.0	0.0	0.0	0.0	0.0	0.0	0.0	0.0	0.0	-44.6	112.28	-0.4	27.28	-36.45	0.0	0.0	0.0	0.0	-0.99	-0.0	-0.16	-0.0	-0.57	-0.0	56.39
g8q_a	D196E	repacked	-0.0	-0.0	-0.0	-0.0	0.0	-0.0	-0.0	0.0	-0.0	0.0	0.0	-0.0	-0.0	-0.0	-0.0	-0.0	-0.0	0.0	0.0	0.0	0.0	0.0	0.0	0.0	0.0	0.0	0.0	0.0	0.0	0.0	0.0	0.0	0.0	0.0	0.0	0.0	0.0	0.0	0.0	0.0	0.0	0.0	0.0	-45.19	105.75	-0.73	26.97	-36.65	0.0	0.0	0.0	0.0	-0.99	-0.0	-0.16	-0.0	-0.57	-0.0	48.43
g8q_a	D196E	fixed_e2	-0.0	-0.0	-0.0	-0.0	0.0	-0.0	-0.0	0.0	-0.0	0.0	0.0	-0.0	-0.0	-0.0	-0.0	-0.0	-0.0	0.0	0.0	0.0	0.0	0.0	0.0	0.0	0.0	0.0	0.0	0.0	0.0	0.0	0.0	0.0	0.0	0.0	0.0	0.0	0.0	0.0	0.0	0.0	0.0	0.0	0.0	-44.6	112.28	-0.4	27.28	-36.45	0.0	0.0	0.0	0.0	-0.99	-0.0	-0.16	-0.0	-0.57	-0.0	56.39
g8q_a	E188A	repacked	-0.0	-0.0	-0.0	-0.0	0.0	-0.0	-0.0	0.0	-0.0	0.0	0.0	-0.0	-0.0	-0.0	-0.0	-0.0	-0.0	0.0	0.0	0.0	0.0	0.0	0.0	0.0	0.0	0.0	0.0	0.0	0.0	0.0	0.0	0.0	0.0	0.0	0.0	0.0	0.0	0.0	0.0	0.0	0.0	0.0	0.0	-44.72	105.75	-0.47	26.66	-36.65	0.0	0.0	0.0	0.0	-0.99	-0.0	-0.16	-0.0	-0.57	-0.0	48.85
g8q_a	E188A	fixed_e2	-0.0	-0.0	-0.0	-0.0	0.0	-0.0	-0.0	0.0	-0.0	0.0	0.0	-0.0	-0.0	-0.0	-0.0	-0.0	-0.0	0.0	0.0	0.0	0.0	0.0	0.0	0.0	0.0	0.0	0.0	0.0	0.0	0.0	0.0	0.0	0.0	0.0	0.0	0.0	0.0	0.0	0.0	0.0	0.0	0.0	0.0	-44.14	112.28	-0.13	26.97	-36.42	0.0	0.0	0.0	0.0	-0.99	-0.0	-0.16	-0.0	-0.57	-0.0	56.83
g8q_a	E188K	repacked	-0.0	-0.0	-0.0	-0.0	0.0	-0.0	-0.0	0.0	-0.0	0.0	0.0	-0.0	-0.0	-0.0	-0.0	-0.0	-0.0	0.0	0.0	0.0	0.0	0.0	0.0	0.0	0.0	0.0	0.0	0.0	0.0	0.0	0.0	0.0	0.0	0.0	0.0	0.0	0.0	0.0	0.0	0.0	0.0	0.0	0.0	-45.04	105.75	-0.47	26.8	-36.71	0.0	0.0	0.0	0.0	-0.99	-0.0	-0.16	-0.0	-0.57	-0.0	48.6
g8q_a	E188K	fixed_e2	-0.0	-0.0	-0.0	-0.0	0.0	-0.0	-0.0	0.0	-0.0	0.0	0.0	-0.0	-0.0	-0.0	-0.0	-0.0	-0.0	0.0	0.0	0.0	0.0	0.0	0.0	0.0	0.0	0.0	0.0	0.0	0.0	0.0	0.0	0.0	0.0	0.0	0.0	0.0	0.0	0.0	0.0	0.0	0.0	0.0	0.0	-44.46	112.28	-0.13	27.11	-36.51	0.0	0.0	0.0	0.0	-0.99	-0.0	-0.16	-0.0	-0.57	-0.0	56.56
g8q_a	F150S	repacked	-0.0	-0.0	-0.0	-0.0	0.0	-0.0	-0.0	0.0	-0.0	0.0	0.0	-0.0	-0.0	-0.0	-0.0	-0.0	-0.0	0.0	0.0	0.0	0.0	0.0	0.0	0.0	0.0	0.0	0.0	0.0	0.0	0.0	0.0	0.0	0.0	0.0	0.0	0.0	0.0	0.0	0.0	0.0	0.0	0.0	0.0	-45.19	105.75	-0.73	26.97	-36.65	0.0	0.0	0.0	0.0	-0.99	-0.0	-0.16	-0.0	-0.57	-0.0	48.43
g8q_a	F150S	fixed_e2	-0.0	-0.0	-0.0	-0.0	0.0	-0.0	-0.0	0.0	-0.0	0.0	0.0	-0.0	-0.0	-0.0	-0.0	-0.0	-0.0	0.0	0.0	0.0	0.0	0.0	0.0	0.0	0.0	0.0	0.0	0.0	0.0	0.0	0.0	0.0	0.0	0.0	0.0	0.0	0.0	0.0	0.0	0.0	0.0	0.0	0.0	-44.6	112.28	-0.4	27.28	-36.45	0.0	0.0	0.0	0.0	-0.99	-0.0	-0.16	-0.0	-0.57	-0.0	56.39
g8q_a	F186A	repacked	-0.0	-0.0	-0.0	-0.0	0.0	-0.0	-0.0	0.0	-0.0	0.0	0.0	-0.0	-0.0	-0.0	-0.0	-0.0	-0.0	0.0	0.0	0.0	0.0	0.0	0.0	0.0	0.0	0.0	0.0	0.0	0.0	0.0	0.0	0.0	0.0	0.0	0.0	0.0	0.0	0.0	0.0	0.0	0.0	0.0	0.0	-43.48	104.85	-0.73	26.62	-36.08	0.0	0.0	0.0	0.0	-0.99	-0.0	-0.16	-0.0	-0.57	-0.0	49.45
g8q_a	F186A	fixed_e2	-0.0	-0.0	-0.0	-0.0	0.0	-0.0	-0.0	0.0	-0.0	0.0	0.0	-0.0	-0.0	-0.0	-0.0	-0.0	-0.0	0.0	0.0	0.0	0.0	0.0	0.0	0.0	0.0	0.0	0.0	0.0	0.0	0.0	0.0	0.0	0.0	0.0	0.0	0.0	0.0	0.0	0.0	0.0	0.0	0.0	0.0	-42.82	110.6	-0.4	26.93	-35.84	0.0	0.0	0.0	0.0	-0.99	-0.0	-0.16	-0.0	-0.57	-0.0	56.75
g8q_a	F186L	repacked	-0.0	-0.0	-0.0	-0.0	0.0	-0.0	-0.0	0.0	-0.0	0.0	0.0	-0.0	-0.0	-0.0	-0.0	-0.0	-0.0	0.0	0.0	0.0	0.0	0.0	0.0	0.0	0.0	0.0	0.0	0.0	0.0	0.0	0.0	0.0	0.0	0.0	0.0	0.0	0.0	0.0	0.0	0.0	0.0	0.0	0.0	-43.83	104.85	-0.73	26.71	-36.81	0.0	0.0	0.0	0.0	-0.99	-0.0	-0.16	-0.0	-0.57	-0.0	48.46
g8q_a	F186L	fixed_e2	-0.0	-0.0	-0.0	-0.0	0.0	-0.0	-0.0	0.0	-0.0	0.0	0.0	-0.0	-0.0	-0.0	-0.0	-0.0	-0.0	0.0	0.0	0.0	0.0	0.0	0.0	0.0	0.0	0.0	0.0	0.0	0.0	0.0	0.0	0.0	0.0	0.0	0.0	0.0	0.0	0.0	0.0	0.0	0.0	0.0	0.0	-43.17	110.6	-0.4	27.02	-36.58	0.0	0.0	0.0	0.0	-0.99	-0.0	-0.16	-0.0	-0.57	-0.0	55.76
g8q_a	F186L+E188K	repacked	-0.0	-0.0	-0.0	-0.0	0.0	-0.0	-0.0	0.0	-0.0	0.0	0.0	-0.0	-0.0	-0.0	-0.0	-0.0	-0.0	0.0	0.0	0.0	0.0	0.0	0.0	0.0	0.0	0.0	0.0	0.0	0.0	0.0	0.0	0.0	0.0	0.0	0.0	0.0	0.0	0.0	0.0	0.0	0.0	0.0	0.0	-43.69	104.85	-0.47	26.55	-36.87	0.0	0.0	0.0	0.0	-0.99	-0.0	-0.16	-0.0	-0.57	-0.0	48.64
g8q_a	F186L+E188K	fixed_e2	-0.0	-0.0	-0.0	-0.0	0.0	-0.0	-0.0	0.0	-0.0	0.0	0.0	-0.0	-0.0	-0.0	-0.0	-0.0	-0.0	0.0	0.0	0.0	0.0	0.0	0.0	0.0	0.0	0.0	0.0	0.0	0.0	0.0	0.0	0.0	0.0	0.0	0.0	0.0	0.0	0.0	0.0	0.0	0.0	0.0	0.0	-43.03	110.6	-0.13	26.85	-36.64	0.0	0.0	0.0	0.0	-0.99	-0.0	-0.16	-0.0	-0.57	-0.0	55.93
g8q_a	F186S	repacked	-0.0	-0.0	-0.0	-0.0	0.0	-0.0	-0.0	0.0	-0.0	0.0	0.0	-0.0	-0.0	-0.0	-0.0	-0.0	-0.0	0.0	0.0	0.0	0.0	0.0	0.0	0.0	0.0	0.0	0.0	0.0	0.0	0.0	0.0	0.0	0.0	0.0	0.0	0.0	0.0	0.0	0.0	0.0	0.0	0.0	0.0	-43.48	104.85	-0.67	26.62	-36.08	0.0	0.0	0.0	0.0	-0.99	-0.0	-0.16	-0.0	-0.57	-0.0	49.51
g8q_a	F186S	fixed_e2	-0.0	-0.0	-0.0	-0.0	0.0	-0.0	-0.0	0.0	-0.0	0.0	0.0	-0.0	-0.0	-0.0	-0.0	-0.0	-0.0	0.0	0.0	0.0	0.0	0.0	0.0	0.0	0.0	0.0	0.0	0.0	0.0	0.0	0.0	0.0	0.0	0.0	0.0	0.0	0.0	0.0	0.0	0.0	0.0	0.0	0.0	-42.82	110.6	-0.34	26.93	-35.84	0.0	0.0	0.0	0.0	-0.99	-0.0	-0.16	-0.0	-0.57	-0.0	56.81
g8q_a	I181A	repacked	-0.0	-0.0	-0.0	-0.0	0.0	-0.0	-0.0	0.0	-0.0	0.0	0.0	-0.0	-0.0	-0.0	-0.0	-0.0	-0.0	0.0	0.0	0.0	0.0	0.0	0.0	0.0	0.0	0.0	0.0	0.0	0.0	0.0	0.0	0.0	0.0	0.0	0.0	0.0	0.0	0.0	0.0	0.0	0.0	0.0	0.0	-43.48	105.75	-0.73	26.61	-33.48	0.0	0.0	0.0	0.0	-0.99	-0.0	-0.16	-0.0	-0.57	-0.0	52.95
g8q_a	I181A	fixed_e2	-0.0	-0.0	-0.0	-0.0	0.0	-0.0	-0.0	0.0	-0.0	0.0	0.0	-0.0	-0.0	-0.0	-0.0	-0.0	-0.0	0.0	0.0	0.0	0.0	0.0	0.0	0.0	0.0	0.0	0.0	0.0	0.0	0.0	0.0	0.0	0.0	0.0	0.0	0.0	0.0	0.0	0.0	0.0	0.0	0.0	0.0	-42.9	112.28	-0.4	26.92	-33.28	0.0	0.0	0.0	0.0	-0.99	-0.0	-0.16	-0.0	-0.57	-0.0	60.91
g8q_a	I182A	repacked	-0.0	-0.0	-0.0	-0.0	0.0	-0.0	-0.0	0.0	-0.0	0.0	0.0	-0.0	-0.0	-0.0	-0.0	-0.0	-0.0	0.0	0.0	0.0	0.0	0.0	0.0	0.0	0.0	0.0	0.0	0.0	0.0	0.0	0.0	0.0	0.0	0.0	0.0	0.0	0.0	0.0	0.0	0.0	0.0	0.0	0.0	-42.41	102.81	-0.73	26.31	-33.06	0.0	0.0	0.0	0.0	-0.99	-0.0	-0.16	-0.0	-0.57	-0.0	51.2
g8q_a	I182A	fixed_e2	-0.0	-0.0	-0.0	-0.0	0.0	-0.0	-0.0	0.0	-0.0	0.0	0.0	-0.0	-0.0	-0.0	-0.0	-0.0	-0.0	0.0	0.0	0.0	0.0	0.0	0.0	0.0	0.0	0.0	0.0	0.0	0.0	0.0	0.0	0.0	0.0	0.0	0.0	0.0	0.0	0.0	0.0	0.0	0.0	0.0	0.0	-41.95	109.37	-0.4	26.62	-33.14	0.0	0.0	0.0	0.0	-0.99	-0.0	-0.16	-0.0	-0.57	-0.0	58.78
g8q_a	I182F	repacked	-0.0	-0.0	-0.0	-0.0	0.0	-0.0	-0.0	0.0	-0.0	0.0	0.0	-0.0	-0.0	-0.0	-0.0	-0.0	-0.0	0.0	0.0	0.0	0.0	0.0	0.0	0.0	0.0	0.0	0.0	0.0	0.0	0.0	0.0	0.0	0.0	0.0	0.0	0.0	0.0	0.0	0.0	0.0	0.0	0.0	0.0	-45.48	104.3	-0.73	27.06	-33.41	0.0	0.0	0.0	0.0	-0.99	-0.0	-0.16	-0.0	-0.57	-0.0	50.02
g8q_a	I182F	fixed_e2	-0.0	-0.0	-0.0	-0.0	0.0	-0.0	-0.0	0.0	-0.0	0.0	0.0	-0.0	-0.0	-0.0	-0.0	-0.0	-0.0	0.0	0.0	0.0	0.0	0.0	0.0	0.0	0.0	0.0	0.0	0.0	0.0	0.0	0.0	0.0	0.0	0.0	0.0	0.0	0.0	0.0	0.0	0.0	0.0	0.0	0.0	-45.04	110.86	-0.4	27.37	-33.48	0.0	0.0	0.0	0.0	-0.99	-0.0	-0.16	-0.0	-0.57	-0.0	57.58
g8q_a	K124T	repacked	-0.0	-0.0	-0.0	-0.0	0.0	-0.0	-0.0	0.0	-0.0	0.0	0.0	-0.0	-0.0	-0.0	-0.0	-0.0	-0.0	0.0	0.0	0.0	0.0	0.0	0.0	0.0	0.0	0.0	0.0	0.0	0.0	0.0	0.0	0.0	0.0	0.0	0.0	0.0	0.0	0.0	0.0	0.0	0.0	0.0	0.0	-45.19	105.75	-0.73	26.97	-36.65	0.0	0.0	0.0	0.0	-0.99	-0.0	-0.16	-0.0	-0.57	-0.0	48.43
g8q_a	K124T	fixed_e2	-0.0	-0.0	-0.0	-0.0	0.0	-0.0	-0.0	0.0	-0.0	0.0	0.0	-0.0	-0.0	-0.0	-0.0	-0.0	-0.0	0.0	0.0	0.0	0.0	0.0	0.0	0.0	0.0	0.0	0.0	0.0	0.0	0.0	0.0	0.0	0.0	0.0	0.0	0.0	0.0	0.0	0.0	0.0	0.0	0.0	0.0	-44.6	112.28	-0.4	27.28	-36.45	0.0	0.0	0.0	0.0	-0.99	-0.0	-0.16	-0.0	-0.57	-0.0	56.39
g8q_a	K171A	repacked	-0.0	-0.0	-0.0	-0.0	0.0	-0.0	-0.0	0.0	-0.0	0.0	0.0	-0.0	-0.0	-0.0	-0.0	-0.0	-0.0	0.0	0.0	0.0	0.0	0.0	0.0	0.0	0.0	0.0	0.0	0.0	0.0	0.0	0.0	0.0	0.0	0.0	0.0	0.0	0.0	0.0	0.0	0.0	0.0	0.0	0.0	-44.76	105.75	-1.18	26.54	-36.59	0.0	0.0	0.0	0.0	-0.99	-0.0	-0.16	-0.0	-0.57	-0.0	48.04
g8q_a	K171A	fixed_e2	-0.0	-0.0	-0.0	-0.0	0.0	-0.0	-0.0	0.0	-0.0	0.0	0.0	-0.0	-0.0	-0.0	-0.0	-0.0	-0.0	0.0	0.0	0.0	0.0	0.0	0.0	0.0	0.0	0.0	0.0	0.0	0.0	0.0	0.0	0.0	0.0	0.0	0.0	0.0	0.0	0.0	0.0	0.0	0.0	0.0	0.0	-44.17	112.28	-0.84	26.84	-36.39	0.0	0.0	0.0	0.0	-0.99	-0.0	-0.16	-0.0	-0.57	-0.0	56.0
g8q_a	L162P	repacked	-0.0	-0.0	-0.0	-0.0	0.0	-0.0	-0.0	0.0	-0.0	0.0	0.0	-0.0	-0.0	-0.0	-0.0	-0.0	-0.0	0.0	0.0	0.0	0.0	0.0	0.0	0.0	0.0	0.0	0.0	0.0	0.0	0.0	0.0	0.0	0.0	0.0	0.0	0.0	0.0	0.0	0.0	0.0	0.0	0.0	0.0	-45.19	105.75	-0.73	26.94	-36.64	0.0	0.0	0.0	0.0	-0.99	-0.0	-0.16	-0.0	-0.57	-0.0	48.41
g8q_a	L162P	fixed_e2	-0.0	-0.0	-0.0	-0.0	0.0	-0.0	-0.0	0.0	-0.0	0.0	0.0	-0.0	-0.0	-0.0	-0.0	-0.0	-0.0	0.0	0.0	0.0	0.0	0.0	0.0	0.0	0.0	0.0	0.0	0.0	0.0	0.0	0.0	0.0	0.0	0.0	0.0	0.0	0.0	0.0	0.0	0.0	0.0	0.0	0.0	-44.78	112.28	-0.4	27.14	-36.49	0.0	0.0	0.0	0.0	-0.99	-0.0	-0.16	-0.0	-0.57	-0.0	56.02
g8q_a	N184A	repacked	-0.0	-0.0	-0.0	-0.0	0.0	-0.0	-0.0	0.0	-0.0	0.0	0.0	-0.0	-0.0	-0.0	-0.0	-0.0	-0.0	0.0	0.0	0.0	0.0	0.0	0.0	0.0	0.0	0.0	0.0	0.0	0.0	0.0	0.0	0.0	0.0	0.0	0.0	0.0	0.0	0.0	0.0	0.0	0.0	0.0	0.0	-44.4	105.24	-0.73	26.48	-37.04	0.0	0.0	0.0	0.0	-0.99	-0.0	-0.16	-0.0	-0.57	-0.0	47.82
g8q_a	N184A	fixed_e2	-0.0	-0.0	-0.0	-0.0	0.0	-0.0	-0.0	0.0	-0.0	0.0	0.0	-0.0	-0.0	-0.0	-0.0	-0.0	-0.0	0.0	0.0	0.0	0.0	0.0	0.0	0.0	0.0	0.0	0.0	0.0	0.0	0.0	0.0	0.0	0.0	0.0	0.0	0.0	0.0	0.0	0.0	0.0	0.0	0.0	0.0	-44.6	112.28	-0.4	27.28	-36.48	0.0	0.0	0.0	0.0	-0.99	-0.0	-0.16	-0.0	-0.57	-0.0	56.36
g8q_a	N184Y	repacked	-0.0	-0.0	-0.0	-0.0	0.0	-0.0	-0.0	0.0	-0.0	0.0	0.0	-0.0	-0.0	-0.0	-0.0	-0.0	-0.0	0.0	0.0	0.0	0.0	0.0	0.0	0.0	0.0	0.0	0.0	0.0	0.0	0.0	0.0	0.0	0.0	0.0	0.0	0.0	0.0	0.0	0.0	0.0	0.0	0.0	0.0	-47.41	116.44	-0.65	27.86	-37.34	0.0	0.0	0.0	0.0	-0.99	-0.0	-0.16	-0.0	-0.57	-0.0	57.18
g8q_a	N184Y	fixed_e2	-0.0	-0.0	-0.0	-0.0	0.0	-0.0	-0.0	0.0	-0.0	0.0	0.0	-0.0	-0.0	-0.0	-0.0	-0.0	-0.0	0.0	0.0	0.0	0.0	0.0	0.0	0.0	0.0	0.0	0.0	0.0	0.0	0.0	0.0	0.0	0.0	0.0	0.0	0.0	0.0	0.0	0.0	0.0	0.0	0.0	0.0	-47.79	117.2	-0.32	28.16	-37.16	0.0	0.0	0.0	0.0	-0.99	-0.0	-0.16	-0.0	-0.57	-0.0	58.37
g8q_a	T163A	repacked	-0.0	-0.0	-0.0	-0.0	0.0	-0.0	-0.0	0.0	-0.0	0.0	0.0	-0.0	-0.0	-0.0	-0.0	-0.0	-0.0	0.0	0.0	0.0	0.0	0.0	0.0	0.0	0.0	0.0	0.0	0.0	0.0	0.0	0.0	0.0	0.0	0.0	0.0	0.0	0.0	0.0	0.0	0.0	0.0	0.0	0.0	-43.49	94.07	-0.81	24.81	-35.54	0.0	0.0	0.0	0.0	-0.09	-0.0	-0.15	-0.0	-0.57	-0.0	38.22
g8q_a	T163A	fixed_e2	-0.0	-0.0	-0.0	-0.0	0.0	-0.0	-0.0	0.0	-0.0	0.0	0.0	-0.0	-0.0	-0.0	-0.0	-0.0	-0.0	0.0	0.0	0.0	0.0	0.0	0.0	0.0	0.0	0.0	0.0	0.0	0.0	0.0	0.0	0.0	0.0	0.0	0.0	0.0	0.0	0.0	0.0	0.0	0.0	0.0	0.0	-42.69	99.07	-0.45	25.09	-35.07	0.0	0.0	0.0	0.0	-0.09	-0.0	-0.15	-0.0	-0.57	-0.0	45.12
g8q_a	T166I	repacked	-0.0	-0.0	-0.0	-0.0	0.0	-0.0	-0.0	0.0	-0.0	0.0	0.0	-0.0	-0.0	-0.0	-0.0	-0.0	-0.0	0.0	0.0	0.0	0.0	0.0	0.0	0.0	0.0	0.0	0.0	0.0	0.0	0.0	0.0	0.0	0.0	0.0	0.0	0.0	0.0	0.0	0.0	0.0	0.0	0.0	0.0	-46.78	106.73	-0.81	26.87	-39.26	0.0	0.0	0.0	0.0	-0.99	-0.0	-0.16	-0.0	-0.57	-0.0	45.01
g8q_a	T166I	fixed_e2	-0.0	-0.0	-0.0	-0.0	0.0	-0.0	-0.0	0.0	-0.0	0.0	0.0	-0.0	-0.0	-0.0	-0.0	-0.0	-0.0	0.0	0.0	0.0	0.0	0.0	0.0	0.0	0.0	0.0	0.0	0.0	0.0	0.0	0.0	0.0	0.0	0.0	0.0	0.0	0.0	0.0	0.0	0.0	0.0	0.0	0.0	-45.79	135.51	-0.48	26.86	-39.45	0.0	0.0	0.0	0.0	-0.99	-0.0	-0.16	-0.0	-0.57	-0.0	74.93
g8q_a	V146E	repacked	-0.0	-0.0	-0.0	-0.0	0.0	-0.0	-0.0	0.0	-0.0	0.0	0.0	-0.0	-0.0	-0.0	-0.0	-0.0	-0.0	0.0	0.0	0.0	0.0	0.0	0.0	0.0	0.0	0.0	0.0	0.0	0.0	0.0	0.0	0.0	0.0	0.0	0.0	0.0	0.0	0.0	0.0	0.0	0.0	0.0	0.0	-45.19	105.75	-0.73	26.97	-36.65	0.0	0.0	0.0	0.0	-0.99	-0.0	-0.16	-0.0	-0.57	-0.0	48.43
g8q_a	V146E	fixed_e2	-0.0	-0.0	-0.0	-0.0	0.0	-0.0	-0.0	0.0	-0.0	0.0	0.0	-0.0	-0.0	-0.0	-0.0	-0.0	-0.0	0.0	0.0	0.0	0.0	0.0	0.0	0.0	0.0	0.0	0.0	0.0	0.0	0.0	0.0	0.0	0.0	0.0	0.0	0.0	0.0	0.0	0.0	0.0	0.0	0.0	0.0	-44.6	112.28	-0.4	27.28	-36.45	0.0	0.0	0.0	0.0	-0.99	-0.0	-0.16	-0.0	-0.57	-0.0	56.39
g8q_b	WT	repacked	-0.0	-0.0	-0.0	-0.0	0.0	-0.0	-0.0	0.0	-0.0	0.0	0.0	-0.0	-0.0	-0.0	-0.0	-0.0	-0.0	0.0	0.0	0.0	0.0	0.0	0.0	0.0	0.0	0.0	0.0	0.0	0.0	0.0	0.0	0.0	0.0	0.0	0.0	0.0	0.0	0.0	0.0	0.0	0.0	0.0	0.0	-56.19	368.22	-0.69	38.51	-29.97	0.0	-1.22	-0.41	-0.74	-0.36	-0.51	-0.21	-0.91	-0.4	-0.0	315.11
g8q_b	C157S	repacked	-0.0	-0.0	-0.0	-0.0	0.0	-0.0	-0.0	0.0	-0.0	0.0	0.0	-0.0	-0.0	-0.0	-0.0	-0.0	-0.0	0.0	0.0	0.0	0.0	0.0	0.0	0.0	0.0	0.0	0.0	0.0	0.0	0.0	0.0	0.0	0.0	0.0	0.0	0.0	0.0	0.0	0.0	0.0	0.0	0.0	0.0	-57.28	366.74	-0.02	38.51	-30.25	0.0	-1.22	-0.41	-0.74	-0.36	-0.51	-0.21	-0.13	-0.02	-0.0	314.1
g8q_b	C157S	fixed_e2	-0.0	-0.0	-0.0	-0.0	0.0	-0.0	-0.0	0.0	-0.0	0.0	0.0	-0.0	-0.0	-0.0	-0.0	-0.0	-0.0	0.0	0.0	0.0	0.0	0.0	0.0	0.0	0.0	0.0	0.0	0.0	0.0	0.0	0.0	0.0	0.0	0.0	0.0	0.0	0.0	0.0	0.0	0.0	0.0	0.0	0.0	-55.81	368.33	-0.39	37.99	-29.85	0.0	-1.22	-0.41	-0.74	-0.36	-0.51	-0.21	-0.13	-0.02	-0.0	316.69
g8q_b	C190R	repacked	-0.0	-0.0	-0.0	-0.0	0.0	-0.0	-0.0	0.0	-0.0	0.0	0.0	-0.0	-0.0	-0.0	-0.0	-0.0	-0.0	0.0	0.0	0.0	0.0	0.0	0.0	0.0	0.0	0.0	0.0	0.0	0.0	0.0	0.0	0.0	0.0	0.0	0.0	0.0	0.0	0.0	0.0	0.0	0.0	0.0	0.0	-57.25	366.74	-0.02	38.42	-30.37	0.0	-1.22	-0.41	-0.74	-0.36	-0.51	-0.21	-0.13	-0.02	-0.0	313.92
g8q_b	C190R	fixed_e2	-0.0	-0.0	-0.0	-0.0	0.0	-0.0	-0.0	0.0	-0.0	0.0	0.0	-0.0	-0.0	-0.0	-0.0	-0.0	-0.0	0.0	0.0	0.0	0.0	0.0	0.0	0.0	0.0	0.0	0.0	0.0	0.0	0.0	0.0	0.0	0.0	0.0	0.0	0.0	0.0	0.0	0.0	0.0	0.0	0.0	0.0	-55.77	368.33	-0.39	37.9	-29.97	0.0	-1.22	-0.41	-0.74	-0.36	-0.51	-0.21	-0.13	-0.02	-0.0	316.51
g8q_b	D196A	repacked	-0.0	-0.0	-0.0	-0.0	0.0	-0.0	-0.0	0.0	-0.0	0.0	0.0	-0.0	-0.0	-0.0	-0.0	-0.0	-0.0	0.0	0.0	0.0	0.0	0.0	0.0	0.0	0.0	0.0	0.0	0.0	0.0	0.0	0.0	0.0	0.0	0.0	0.0	0.0	0.0	0.0	0.0	0.0	0.0	0.0	0.0	-57.38	366.74	-0.05	38.57	-30.38	0.0	-1.22	-0.41	-0.74	-0.36	-0.51	-0.21	-0.17	-0.03	-0.0	313.85
g8q_b	D196A	fixed_e2	-0.0	-0.0	-0.0	-0.0	0.0	-0.0	-0.0	0.0	-0.0	0.0	0.0	-0.0	-0.0	-0.0	-0.0	-0.0	-0.0	0.0	0.0	0.0	0.0	0.0	0.0	0.0	0.0	0.0	0.0	0.0	0.0	0.0	0.0	0.0	0.0	0.0	0.0	0.0	0.0	0.0	0.0	0.0	0.0	0.0	0.0	-55.91	368.33	-0.42	38.05	-29.97	0.0	-1.22	-0.41	-0.74	-0.36	-0.51	-0.21	-0.17	-0.03	-0.0	316.44
g8q_b	D196E	repacked	-0.0	-0.0	-0.0	-0.0	0.0	-0.0	-0.0	0.0	-0.0	0.0	0.0	-0.0	-0.0	-0.0	-0.0	-0.0	-0.0	0.0	0.0	0.0	0.0	0.0	0.0	0.0	0.0	0.0	0.0	0.0	0.0	0.0	0.0	0.0	0.0	0.0	0.0	0.0	0.0	0.0	0.0	0.0	0.0	0.0	0.0	-57.23	366.75	-0.29	38.51	-30.42	0.0	-1.22	-0.41	-0.74	-0.36	-0.51	-0.21	-0.13	-0.02	-0.0	313.72
g8q_b	D196E	fixed_e2	-0.0	-0.0	-0.0	-0.0	0.0	-0.0	-0.0	0.0	-0.0	0.0	0.0	-0.0	-0.0	-0.0	-0.0	-0.0	-0.0	0.0	0.0	0.0	0.0	0.0	0.0	0.0	0.0	0.0	0.0	0.0	0.0	0.0	0.0	0.0	0.0	0.0	0.0	0.0	0.0	0.0	0.0	0.0	0.0	0.0	0.0	-55.76	368.34	-0.66	37.99	-30.01	0.0	-1.22	-0.41	-0.74	-0.36	-0.51	-0.21	-0.13	-0.02	-0.0	316.31
g8q_b	E188A	repacked	-0.0	-0.0	-0.0	-0.0	0.0	-0.0	-0.0	0.0	-0.0	0.0	0.0	-0.0	-0.0	-0.0	-0.0	-0.0	-0.0	0.0	0.0	0.0	0.0	0.0	0.0	0.0	0.0	0.0	0.0	0.0	0.0	0.0	0.0	0.0	0.0	0.0	0.0	0.0	0.0	0.0	0.0	0.0	0.0	0.0	0.0	-57.58	366.82	-0.14	38.93	-30.5	0.0	-1.22	-0.41	-0.74	-0.36	-0.51	-0.21	-0.19	-0.18	-0.0	313.72
g8q_b	E188A	fixed_e2	-0.0	-0.0	-0.0	-0.0	0.0	-0.0	-0.0	0.0	-0.0	0.0	0.0	-0.0	-0.0	-0.0	-0.0	-0.0	-0.0	0.0	0.0	0.0	0.0	0.0	0.0	0.0	0.0	0.0	0.0	0.0	0.0	0.0	0.0	0.0	0.0	0.0	0.0	0.0	0.0	0.0	0.0	0.0	0.0	0.0	0.0	-56.15	368.22	-0.64	38.47	-30.09	0.0	-1.22	-0.41	-0.74	-0.36	-0.51	-0.21	-0.91	-0.4	-0.0	315.05
g8q_b	E188K	repacked	-0.0	-0.0	-0.0	-0.0	0.0	-0.0	-0.0	0.0	-0.0	0.0	0.0	-0.0	-0.0	-0.0	-0.0	-0.0	-0.0	0.0	0.0	0.0	0.0	0.0	0.0	0.0	0.0	0.0	0.0	0.0	0.0	0.0	0.0	0.0	0.0	0.0	0.0	0.0	0.0	0.0	0.0	0.0	0.0	0.0	0.0	-58.11	366.82	-0.11	39.5	-30.76	0.0	-1.22	-0.41	-0.74	-0.36	-0.51	-0.21	-0.19	-0.18	-0.0	313.51
g8q_b	E188K	fixed_e2	-0.0	-0.0	-0.0	-0.0	0.0	-0.0	-0.0	0.0	-0.0	0.0	0.0	-0.0	-0.0	-0.0	-0.0	-0.0	-0.0	0.0	0.0	0.0	0.0	0.0	0.0	0.0	0.0	0.0	0.0	0.0	0.0	0.0	0.0	0.0	0.0	0.0	0.0	0.0	0.0	0.0	0.0	0.0	0.0	0.0	0.0	-56.69	368.22	-0.61	39.04	-30.35	0.0	-1.22	-0.41	-0.74	-0.36	-0.51	-0.21	-0.91	-0.4	-0.0	314.85
g8q_b	F150S	repacked	-0.0	-0.0	-0.0	-0.0	0.0	-0.0	-0.0	0.0	-0.0	0.0	0.0	-0.0	-0.0	-0.0	-0.0	-0.0	-0.0	0.0	0.0	0.0	0.0	0.0	0.0	0.0	0.0	0.0	0.0	0.0	0.0	0.0	0.0	0.0	0.0	0.0	0.0	0.0	0.0	0.0	0.0	0.0	0.0	0.0	0.0	-57.25	366.74	-0.02	38.42	-30.37	0.0	-1.22	-0.41	-0.74	-0.36	-0.51	-0.21	-0.13	-0.02	-0.0	313.92
g8q_b	F150S	fixed_e2	-0.0	-0.0	-0.0	-0.0	0.0	-0.0	-0.0	0.0	-0.0	0.0	0.0	-0.0	-0.0	-0.0	-0.0	-0.0	-0.0	0.0	0.0	0.0	0.0	0.0	0.0	0.0	0.0	0.0	0.0	0.0	0.0	0.0	0.0	0.0	0.0	0.0	0.0	0.0	0.0	0.0	0.0	0.0	0.0	0.0	0.0	-55.77	368.33	-0.39	37.9	-29.97	0.0	-1.22	-0.41	-0.74	-0.36	-0.51	-0.21	-0.13	-0.02	-0.0	316.51
g8q_b	F186A	repacked	-0.0	-0.0	-0.0	-0.0	0.0	-0.0	-0.0	0.0	-0.0	0.0	0.0	-0.0	-0.0	-0.0	-0.0	-0.0	-0.0	0.0	0.0	0.0	0.0	0.0	0.0	0.0	0.0	0.0	0.0	0.0	0.0	0.0	0.0	0.0	0.0	0.0	0.0	0.0	0.0	0.0	0.0	0.0	0.0	0.0	0.0	-49.68	271.05	-0.02	35.63	-27.39	0.0	-1.22	-0.41	-0.74	-0.36	-0.51	-0.21	-0.13	-0.02	-0.0	225.99
g8q_b	F186A	fixed_e2	-0.0	-0.0	-0.0	-0.0	0.0	-0.0	-0.0	0.0	-0.0	0.0	0.0	-0.0	-0.0	-0.0	-0.0	-0.0	-0.0	0.0	0.0	0.0	0.0	0.0	0.0	0.0	0.0	0.0	0.0	0.0	0.0	0.0	0.0	0.0	0.0	0.0	0.0	0.0	0.0	0.0	0.0	0.0	0.0	0.0	0.0	-48.64	278.93	-0.39	35.15	-27.0	0.0	-1.22	-0.41	-0.74	-0.36	-0.51	-0.21	-0.13	-0.02	-0.0	234.44
g8q_b	F186L	repacked	-0.0	-0.0	-0.0	-0.0	0.0	-0.0	-0.0	0.0	-0.0	0.0	0.0	-0.0	-0.0	-0.0	-0.0	-0.0	-0.0	0.0	0.0	0.0	0.0	0.0	0.0	0.0	0.0	0.0	0.0	0.0	0.0	0.0	0.0	0.0	0.0	0.0	0.0	0.0	0.0	0.0	0.0	0.0	0.0	0.0	0.0	-54.16	324.2	-0.01	38.8	-33.08	0.0	-1.22	-0.41	-0.74	-0.36	-0.51	-0.21	-0.13	-0.02	-0.0	272.15
g8q_b	F186L	fixed_e2	-0.0	-0.0	-0.0	-0.0	0.0	-0.0	-0.0	0.0	-0.0	0.0	0.0	-0.0	-0.0	-0.0	-0.0	-0.0	-0.0	0.0	0.0	0.0	0.0	0.0	0.0	0.0	0.0	0.0	0.0	0.0	0.0	0.0	0.0	0.0	0.0	0.0	0.0	0.0	0.0	0.0	0.0	0.0	0.0	0.0	0.0	-53.15	331.64	-0.39	38.32	-32.74	0.0	-1.22	-0.41	-0.74	-0.36	-0.51	-0.21	-0.13	-0.02	-0.0	280.08
g8q_b	F186L+E188K	repacked	-0.0	-0.0	-0.0	-0.0	0.0	-0.0	-0.0	0.0	-0.0	0.0	0.0	-0.0	-0.0	-0.0	-0.0	-0.0	-0.0	0.0	0.0	0.0	0.0	0.0	0.0	0.0	0.0	0.0	0.0	0.0	0.0	0.0	0.0	0.0	0.0	0.0	0.0	0.0	0.0	0.0	0.0	0.0	0.0	0.0	0.0	-55.02	324.29	-0.11	39.88	-33.47	0.0	-1.22	-0.41	-0.74	-0.36	-0.51	-0.21	-0.19	-0.18	-0.0	271.74
g8q_b	F186L+E188K	fixed_e2	-0.0	-0.0	-0.0	-0.0	0.0	-0.0	-0.0	0.0	-0.0	0.0	0.0	-0.0	-0.0	-0.0	-0.0	-0.0	-0.0	0.0	0.0	0.0	0.0	0.0	0.0	0.0	0.0	0.0	0.0	0.0	0.0	0.0	0.0	0.0	0.0	0.0	0.0	0.0	0.0	0.0	0.0	0.0	0.0	0.0	0.0	-54.07	331.53	-0.61	39.45	-33.12	0.0	-1.22	-0.41	-0.74	-0.36	-0.51	-0.21	-0.91	-0.4	-0.0	278.42
g8q_b	F186S	repacked	-0.0	-0.0	-0.0	-0.0	0.0	-0.0	-0.0	0.0	-0.0	0.0	0.0	-0.0	-0.0	-0.0	-0.0	-0.0	-0.0	0.0	0.0	0.0	0.0	0.0	0.0	0.0	0.0	0.0	0.0	0.0	0.0	0.0	0.0	0.0	0.0	0.0	0.0	0.0	0.0	0.0	0.0	0.0	0.0	0.0	0.0	-50.96	285.32	-0.44	38.2	-25.58	0.0	-1.22	-0.41	-0.74	-0.36	-0.51	-0.21	-0.13	-0.02	-0.0	242.94
g8q_b	F186S	fixed_e2	-0.0	-0.0	-0.0	-0.0	0.0	-0.0	-0.0	0.0	-0.0	0.0	0.0	-0.0	-0.0	-0.0	-0.0	-0.0	-0.0	0.0	0.0	0.0	0.0	0.0	0.0	0.0	0.0	0.0	0.0	0.0	0.0	0.0	0.0	0.0	0.0	0.0	0.0	0.0	0.0	0.0	0.0	0.0	0.0	0.0	0.0	-49.68	293.15	-0.72	37.55	-25.21	0.0	-1.22	-0.41	-0.74	-0.36	-0.51	-0.21	-0.13	-0.02	-0.0	251.49
g8q_b	I181A	repacked	-0.0	-0.0	-0.0	-0.0	0.0	-0.0	-0.0	0.0	-0.0	0.0	0.0	-0.0	-0.0	-0.0	-0.0	-0.0	-0.0	0.0	0.0	0.0	0.0	0.0	0.0	0.0	0.0	0.0	0.0	0.0	0.0	0.0	0.0	0.0	0.0	0.0	0.0	0.0	0.0	0.0	0.0	0.0	0.0	0.0	0.0	-56.96	366.74	-0.02	38.42	-30.11	0.0	-1.22	-0.41	-0.74	-0.36	-0.51	-0.21	-0.13	-0.02	-0.0	314.47
g8q_b	I181A	fixed_e2	-0.0	-0.0	-0.0	-0.0	0.0	-0.0	-0.0	0.0	-0.0	0.0	0.0	-0.0	-0.0	-0.0	-0.0	-0.0	-0.0	0.0	0.0	0.0	0.0	0.0	0.0	0.0	0.0	0.0	0.0	0.0	0.0	0.0	0.0	0.0	0.0	0.0	0.0	0.0	0.0	0.0	0.0	0.0	0.0	0.0	0.0	-55.49	368.33	-0.39	37.9	-29.71	0.0	-1.22	-0.41	-0.74	-0.36	-0.51	-0.21	-0.13	-0.02	-0.0	317.06
g8q_b	I182A	repacked	-0.0	-0.0	-0.0	-0.0	0.0	-0.0	-0.0	0.0	-0.0	0.0	0.0	-0.0	-0.0	-0.0	-0.0	-0.0	-0.0	0.0	0.0	0.0	0.0	0.0	0.0	0.0	0.0	0.0	0.0	0.0	0.0	0.0	0.0	0.0	0.0	0.0	0.0	0.0	0.0	0.0	0.0	0.0	0.0	0.0	0.0	-57.23	366.74	-0.02	38.36	-30.32	0.0	-1.22	-0.41	-0.74	-0.36	-0.51	-0.21	-0.13	-0.02	-0.0	313.92
g8q_b	I182A	fixed_e2	-0.0	-0.0	-0.0	-0.0	0.0	-0.0	-0.0	0.0	-0.0	0.0	0.0	-0.0	-0.0	-0.0	-0.0	-0.0	-0.0	0.0	0.0	0.0	0.0	0.0	0.0	0.0	0.0	0.0	0.0	0.0	0.0	0.0	0.0	0.0	0.0	0.0	0.0	0.0	0.0	0.0	0.0	0.0	0.0	0.0	0.0	-55.76	368.33	-0.39	37.84	-29.92	0.0	-1.22	-0.41	-0.74	-0.36	-0.51	-0.21	-0.13	-0.02	-0.0	316.51
g8q_b	I182F	repacked	-0.0	-0.0	-0.0	-0.0	0.0	-0.0	-0.0	0.0	-0.0	0.0	0.0	-0.0	-0.0	-0.0	-0.0	-0.0	-0.0	0.0	0.0	0.0	0.0	0.0	0.0	0.0	0.0	0.0	0.0	0.0	0.0	0.0	0.0	0.0	0.0	0.0	0.0	0.0	0.0	0.0	0.0	0.0	0.0	0.0	0.0	-57.24	366.74	-0.02	38.39	-30.33	0.0	-1.22	-0.41	-0.74	-0.36	-0.51	-0.21	-0.13	-0.02	-0.0	313.95
g8q_b	I182F	fixed_e2	-0.0	-0.0	-0.0	-0.0	0.0	-0.0	-0.0	0.0	-0.0	0.0	0.0	-0.0	-0.0	-0.0	-0.0	-0.0	-0.0	0.0	0.0	0.0	0.0	0.0	0.0	0.0	0.0	0.0	0.0	0.0	0.0	0.0	0.0	0.0	0.0	0.0	0.0	0.0	0.0	0.0	0.0	0.0	0.0	0.0	0.0	-55.76	368.33	-0.39	37.87	-29.92	0.0	-1.22	-0.41	-0.74	-0.36	-0.51	-0.21	-0.13	-0.02	-0.0	316.53
g8q_b	K124T	repacked	-0.0	-0.0	-0.0	-0.0	0.0	-0.0	-0.0	0.0	-0.0	0.0	0.0	-0.0	-0.0	-0.0	-0.0	-0.0	-0.0	0.0	0.0	0.0	0.0	0.0	0.0	0.0	0.0	0.0	0.0	0.0	0.0	0.0	0.0	0.0	0.0	0.0	0.0	0.0	0.0	0.0	0.0	0.0	0.0	0.0	0.0	-57.87	366.74	0.2	38.5	-30.41	0.0	-1.22	-0.41	-0.74	-0.36	-0.51	-0.21	-0.13	-0.02	-0.0	313.54
g8q_b	K124T	fixed_e2	-0.0	-0.0	-0.0	-0.0	0.0	-0.0	-0.0	0.0	-0.0	0.0	0.0	-0.0	-0.0	-0.0	-0.0	-0.0	-0.0	0.0	0.0	0.0	0.0	0.0	0.0	0.0	0.0	0.0	0.0	0.0	0.0	0.0	0.0	0.0	0.0	0.0	0.0	0.0	0.0	0.0	0.0	0.0	0.0	0.0	0.0	-56.4	368.33	-0.17	37.98	-30.01	0.0	-1.22	-0.41	-0.74	-0.36	-0.51	-0.21	-0.13	-0.02	-0.0	316.13
g8q_b	K171A	repacked	-0.0	-0.0	-0.0	-0.0	0.0	-0.0	-0.0	0.0	-0.0	0.0	0.0	-0.0	-0.0	-0.0	-0.0	-0.0	-0.0	0.0	0.0	0.0	0.0	0.0	0.0	0.0	0.0	0.0	0.0	0.0	0.0	0.0	0.0	0.0	0.0	0.0	0.0	0.0	0.0	0.0	0.0	0.0	0.0	0.0	0.0	-56.48	366.74	-0.17	38.0	-29.61	0.0	-1.22	-0.41	-0.74	-0.36	-0.51	-0.21	-0.13	-0.02	-0.0	314.87
g8q_b	K171A	fixed_e2	-0.0	-0.0	-0.0	-0.0	0.0	-0.0	-0.0	0.0	-0.0	0.0	0.0	-0.0	-0.0	-0.0	-0.0	-0.0	-0.0	0.0	0.0	0.0	0.0	0.0	0.0	0.0	0.0	0.0	0.0	0.0	0.0	0.0	0.0	0.0	0.0	0.0	0.0	0.0	0.0	0.0	0.0	0.0	0.0	0.0	0.0	-55.01	368.33	-0.54	37.48	-29.2	0.0	-1.22	-0.41	-0.74	-0.36	-0.51	-0.21	-0.13	-0.02	-0.0	317.46
g8q_b	L162P	repacked	-0.0	-0.0	-0.0	-0.0	0.0	-0.0	-0.0	0.0	-0.0	0.0	0.0	-0.0	-0.0	-0.0	-0.0	-0.0	-0.0	0.0	0.0	0.0	0.0	0.0	0.0	0.0	0.0	0.0	0.0	0.0	0.0	0.0	0.0	0.0	0.0	0.0	0.0	0.0	0.0	0.0	0.0	0.0	0.0	0.0	0.0	-56.99	366.74	0.01	38.34	-29.99	0.0	-1.22	-0.41	-0.74	-0.36	-0.51	-0.21	-0.13	-0.02	-0.0	314.5
g8q_b	L162P	fixed_e2	-0.0	-0.0	-0.0	-0.0	0.0	-0.0	-0.0	0.0	-0.0	0.0	0.0	-0.0	-0.0	-0.0	-0.0	-0.0	-0.0	0.0	0.0	0.0	0.0	0.0	0.0	0.0	0.0	0.0	0.0	0.0	0.0	0.0	0.0	0.0	0.0	0.0	0.0	0.0	0.0	0.0	0.0	0.0	0.0	0.0	0.0	-55.51	368.33	-0.36	37.82	-29.59	0.0	-1.22	-0.41	-0.74	-0.36	-0.51	-0.21	-0.13	-0.02	-0.0	317.09
g8q_b	N184A	repacked	-0.0	-0.0	-0.0	-0.0	0.0	-0.0	-0.0	0.0	-0.0	0.0	0.0	-0.0	-0.0	-0.0	-0.0	-0.0	-0.0	0.0	0.0	0.0	0.0	0.0	0.0	0.0	0.0	0.0	0.0	0.0	0.0	0.0	0.0	0.0	0.0	0.0	0.0	0.0	0.0	0.0	0.0	0.0	0.0	0.0	0.0	-57.29	366.74	-0.08	38.41	-30.58	0.0	-1.22	-0.41	-0.74	-0.36	-0.51	-0.21	-0.13	-0.02	-0.0	313.58
g8q_b	N184A	fixed_e2	-0.0	-0.0	-0.0	-0.0	0.0	-0.0	-0.0	0.0	-0.0	0.0	0.0	-0.0	-0.0	-0.0	-0.0	-0.0	-0.0	0.0	0.0	0.0	0.0	0.0	0.0	0.0	0.0	0.0	0.0	0.0	0.0	0.0	0.0	0.0	0.0	0.0	0.0	0.0	0.0	0.0	0.0	0.0	0.0	0.0	0.0	-55.82	368.33	-0.39	37.9	-30.18	0.0	-1.22	-0.41	-0.74	-0.36	-0.51	-0.21	-0.13	-0.02	-0.0	316.25
g8q_b	N184Y	repacked	-0.0	-0.0	-0.0	-0.0	0.0	-0.0	-0.0	0.0	-0.0	0.0	0.0	-0.0	-0.0	-0.0	-0.0	-0.0	-0.0	0.0	0.0	0.0	0.0	0.0	0.0	0.0	0.0	0.0	0.0	0.0	0.0	0.0	0.0	0.0	0.0	0.0	0.0	0.0	0.0	0.0	0.0	0.0	0.0	0.0	0.0	-57.65	366.82	-0.16	38.97	-30.38	0.0	-1.22	-0.41	-0.74	-0.36	-0.51	-0.21	-0.19	-0.18	-0.0	313.79
g8q_b	N184Y	fixed_e2	-0.0	-0.0	-0.0	-0.0	0.0	-0.0	-0.0	0.0	-0.0	0.0	0.0	-0.0	-0.0	-0.0	-0.0	-0.0	-0.0	0.0	0.0	0.0	0.0	0.0	0.0	0.0	0.0	0.0	0.0	0.0	0.0	0.0	0.0	0.0	0.0	0.0	0.0	0.0	0.0	0.0	0.0	0.0	0.0	0.0	0.0	-56.22	368.22	-0.59	38.5	-29.97	0.0	-1.22	-0.41	-0.74	-0.36	-0.51	-0.21	-0.91	-0.4	-0.0	315.18
g8q_b	T163A	repacked	-0.0	-0.0	-0.0	-0.0	0.0	-0.0	-0.0	0.0	-0.0	0.0	0.0	-0.0	-0.0	-0.0	-0.0	-0.0	-0.0	0.0	0.0	0.0	0.0	0.0	0.0	0.0	0.0	0.0	0.0	0.0	0.0	0.0	0.0	0.0	0.0	0.0	0.0	0.0	0.0	0.0	0.0	0.0	0.0	0.0	0.0	-56.44	351.82	-0.05	36.92	-29.07	0.0	-1.22	-0.41	-0.74	-0.36	-0.51	-0.21	-0.13	-0.02	-0.0	299.56
g8q_b	T163A	fixed_e2	-0.0	-0.0	-0.0	-0.0	0.0	-0.0	-0.0	0.0	-0.0	0.0	0.0	-0.0	-0.0	-0.0	-0.0	-0.0	-0.0	0.0	0.0	0.0	0.0	0.0	0.0	0.0	0.0	0.0	0.0	0.0	0.0	0.0	0.0	0.0	0.0	0.0	0.0	0.0	0.0	0.0	0.0	0.0	0.0	0.0	0.0	-54.97	353.42	-0.43	36.4	-28.67	0.0	-1.22	-0.41	-0.74	-0.36	-0.51	-0.21	-0.13	-0.02	-0.0	302.15
g8q_b	T166I	repacked	-0.0	-0.0	-0.0	-0.0	0.0	-0.0	-0.0	0.0	-0.0	0.0	0.0	-0.0	-0.0	-0.0	-0.0	-0.0	-0.0	0.0	0.0	0.0	0.0	0.0	0.0	0.0	0.0	0.0	0.0	0.0	0.0	0.0	0.0	0.0	0.0	0.0	0.0	0.0	0.0	0.0	0.0	0.0	0.0	0.0	0.0	-57.28	366.74	0.12	38.39	-30.53	0.0	-1.22	-0.41	-0.74	-0.36	-0.51	-0.21	-0.13	-0.02	-0.0	313.82
g8q_b	T166I	fixed_e2	-0.0	-0.0	-0.0	-0.0	0.0	-0.0	-0.0	0.0	-0.0	0.0	0.0	-0.0	-0.0	-0.0	-0.0	-0.0	-0.0	0.0	0.0	0.0	0.0	0.0	0.0	0.0	0.0	0.0	0.0	0.0	0.0	0.0	0.0	0.0	0.0	0.0	0.0	0.0	0.0	0.0	0.0	0.0	0.0	0.0	0.0	-55.81	368.33	-0.25	37.87	-30.13	0.0	-1.22	-0.41	-0.74	-0.36	-0.51	-0.21	-0.13	-0.02	-0.0	316.41
g8q_b	V146E	repacked	-0.0	-0.0	-0.0	-0.0	0.0	-0.0	-0.0	0.0	-0.0	0.0	0.0	-0.0	-0.0	-0.0	-0.0	-0.0	-0.0	0.0	0.0	0.0	0.0	0.0	0.0	0.0	0.0	0.0	0.0	0.0	0.0	0.0	0.0	0.0	0.0	0.0	0.0	0.0	0.0	0.0	0.0	0.0	0.0	0.0	0.0	-57.25	366.74	-0.02	38.42	-30.37	0.0	-1.22	-0.41	-0.74	-0.36	-0.51	-0.21	-0.13	-0.02	-0.0	313.92
g8q_b	V146E	fixed_e2	-0.0	-0.0	-0.0	-0.0	0.0	-0.0	-0.0	0.0	-0.0	0.0	0.0	-0.0	-0.0	-0.0	-0.0	-0.0	-0.0	0.0	0.0	0.0	0.0	0.0	0.0	0.0	0.0	0.0	0.0	0.0	0.0	0.0	0.0	0.0	0.0	0.0	0.0	0.0	0.0	0.0	0.0	0.0	0.0	0.0	0.0	-55.77	368.33	-0.39	37.9	-29.97	0.0	-1.22	-0.41	-0.74	-0.36	-0.51	-0.21	-0.13	-0.02	-0.0	316.51
tcx_a	WT	repacked	-0.0	-0.0	-0.0	-0.0	0.0	-0.0	-0.0	0.0	-0.0	0.0	0.0	-0.0	-0.0	-0.0	-0.0	-0.0	-0.0	0.0	0.0	0.0	0.0	0.0	0.0	0.0	0.0	0.0	0.0	0.0	0.0	0.0	0.0	0.0	0.0	0.0	0.0	0.0	0.0	0.0	0.0	0.0	0.0	0.0	0.0	-77.38	378.24	-0.79	51.73	-61.5	0.0	-2.0	-0.22	-2.17	-0.23	-0.09	-0.4	0.0	0.0	0.0	285.19
tcx_a	C157S	repacked	-0.0	-0.0	-0.0	-0.0	0.0	-0.0	-0.0	0.0	-0.0	0.0	0.0	-0.0	-0.0	-0.0	-0.0	-0.0	-0.0	0.0	0.0	0.0	0.0	0.0	0.0	0.0	0.0	0.0	0.0	0.0	0.0	0.0	0.0	0.0	0.0	0.0	0.0	0.0	0.0	0.0	0.0	0.0	0.0	0.0	0.0	-75.53	367.16	-1.17	49.66	-60.26	0.0	-2.0	-0.22	-2.17	-0.94	-0.09	-0.62	0.0	0.0	0.0	273.83
tcx_a	C157S	fixed_e2	-0.0	-0.0	-0.0	-0.0	0.0	-0.0	-0.0	0.0	-0.0	0.0	0.0	-0.0	-0.0	-0.0	-0.0	-0.0	-0.0	0.0	0.0	0.0	0.0	0.0	0.0	0.0	0.0	0.0	0.0	0.0	0.0	0.0	0.0	0.0	0.0	0.0	0.0	0.0	0.0	0.0	0.0	0.0	0.0	0.0	0.0	-77.46	378.24	-0.79	51.85	-61.46	0.0	-2.0	-0.22	-2.17	-0.23	-0.09	-0.4	0.0	0.0	0.0	285.26
tcx_a	C190R	repacked	-0.0	-0.0	-0.0	-0.0	0.0	-0.0	-0.0	0.0	-0.0	0.0	0.0	-0.0	-0.0	-0.0	-0.0	-0.0	-0.0	0.0	0.0	0.0	0.0	0.0	0.0	0.0	0.0	0.0	0.0	0.0	0.0	0.0	0.0	0.0	0.0	0.0	0.0	0.0	0.0	0.0	0.0	0.0	0.0	0.0	0.0	-75.48	367.16	-1.17	49.58	-60.29	0.0	-2.0	-0.22	-2.17	-0.94	-0.09	-0.62	0.0	0.0	0.0	273.77
tcx_a	C190R	fixed_e2	-0.0	-0.0	-0.0	-0.0	0.0	-0.0	-0.0	0.0	-0.0	0.0	0.0	-0.0	-0.0	-0.0	-0.0	-0.0	-0.0	0.0	0.0	0.0	0.0	0.0	0.0	0.0	0.0	0.0	0.0	0.0	0.0	0.0	0.0	0.0	0.0	0.0	0.0	0.0	0.0	0.0	0.0	0.0	0.0	0.0	0.0	-77.38	378.24	-0.79	51.73	-61.47	0.0	-2.0	-0.22	-2.17	-0.23	-0.09	-0.4	0.0	0.0	0.0	285.22
tcx_a	D196A	repacked	-0.0	-0.0	-0.0	-0.0	0.0	-0.0	-0.0	0.0	-0.0	0.0	0.0	-0.0	-0.0	-0.0	-0.0	-0.0	-0.0	0.0	0.0	0.0	0.0	0.0	0.0	0.0	0.0	0.0	0.0	0.0	0.0	0.0	0.0	0.0	0.0	0.0	0.0	0.0	0.0	0.0	0.0	0.0	0.0	0.0	0.0	-75.48	367.16	-1.03	49.58	-60.32	0.0	-2.0	-0.22	-2.17	-0.94	-0.09	-0.62	0.0	0.0	0.0	273.88
tcx_a	D196A	fixed_e2	-0.0	-0.0	-0.0	-0.0	0.0	-0.0	-0.0	0.0	-0.0	0.0	0.0	-0.0	-0.0	-0.0	-0.0	-0.0	-0.0	0.0	0.0	0.0	0.0	0.0	0.0	0.0	0.0	0.0	0.0	0.0	0.0	0.0	0.0	0.0	0.0	0.0	0.0	0.0	0.0	0.0	0.0	0.0	0.0	0.0	0.0	-77.38	378.24	-0.79	51.73	-61.5	0.0	-2.0	-0.22	-2.17	-0.23	-0.09	-0.4	0.0	0.0	0.0	285.19
tcx_a	D196E	repacked	-0.0	-0.0	-0.0	-0.0	0.0	-0.0	-0.0	0.0	-0.0	0.0	0.0	-0.0	-0.0	-0.0	-0.0	-0.0	-0.0	0.0	0.0	0.0	0.0	0.0	0.0	0.0	0.0	0.0	0.0	0.0	0.0	0.0	0.0	0.0	0.0	0.0	0.0	0.0	0.0	0.0	0.0	0.0	0.0	0.0	0.0	-75.48	367.16	-1.03	49.58	-60.32	0.0	-2.0	-0.22	-2.17	-0.94	-0.09	-0.62	0.0	0.0	0.0	273.88
tcx_a	D196E	fixed_e2	-0.0	-0.0	-0.0	-0.0	0.0	-0.0	-0.0	0.0	-0.0	0.0	0.0	-0.0	-0.0	-0.0	-0.0	-0.0	-0.0	0.0	0.0	0.0	0.0	0.0	0.0	0.0	0.0	0.0	0.0	0.0	0.0	0.0	0.0	0.0	0.0	0.0	0.0	0.0	0.0	0.0	0.0	0.0	0.0	0.0	0.0	-77.38	378.24	-0.79	51.73	-61.5	0.0	-2.0	-0.22	-2.17	-0.23	-0.09	-0.4	0.0	0.0	0.0	285.19
tcx_a	E188A	repacked	-0.0	-0.0	-0.0	-0.0	0.0	-0.0	-0.0	0.0	-0.0	0.0	0.0	-0.0	-0.0	-0.0	-0.0	-0.0	-0.0	0.0	0.0	0.0	0.0	0.0	0.0	0.0	0.0	0.0	0.0	0.0	0.0	0.0	0.0	0.0	0.0	0.0	0.0	0.0	0.0	0.0	0.0	0.0	0.0	0.0	0.0	-75.45	367.16	-1.08	49.44	-60.54	0.0	-2.0	-0.22	-2.17	-0.94	-0.09	-0.62	0.0	0.0	0.0	273.5
tcx_a	E188A	fixed_e2	-0.0	-0.0	-0.0	-0.0	0.0	-0.0	-0.0	0.0	-0.0	0.0	0.0	-0.0	-0.0	-0.0	-0.0	-0.0	-0.0	0.0	0.0	0.0	0.0	0.0	0.0	0.0	0.0	0.0	0.0	0.0	0.0	0.0	0.0	0.0	0.0	0.0	0.0	0.0	0.0	0.0	0.0	0.0	0.0	0.0	0.0	-77.22	378.19	-0.54	51.51	-61.71	0.0	-2.0	-0.22	-2.17	-0.23	-0.09	-0.4	0.0	0.0	0.0	285.11
tcx_a	E188K	repacked	-0.0	-0.0	-0.0	-0.0	0.0	-0.0	-0.0	0.0	-0.0	0.0	0.0	-0.0	-0.0	-0.0	-0.0	-0.0	-0.0	0.0	0.0	0.0	0.0	0.0	0.0	0.0	0.0	0.0	0.0	0.0	0.0	0.0	0.0	0.0	0.0	0.0	0.0	0.0	0.0	0.0	0.0	0.0	0.0	0.0	0.0	-76.11	367.82	-1.11	50.01	-61.11	0.0	-2.0	-0.22	-2.17	-0.94	-0.09	-0.62	0.0	0.0	0.0	273.47
tcx_a	E188K	fixed_e2	-0.0	-0.0	-0.0	-0.0	0.0	-0.0	-0.0	0.0	-0.0	0.0	0.0	-0.0	-0.0	-0.0	-0.0	-0.0	-0.0	0.0	0.0	0.0	0.0	0.0	0.0	0.0	0.0	0.0	0.0	0.0	0.0	0.0	0.0	0.0	0.0	0.0	0.0	0.0	0.0	0.0	0.0	0.0	0.0	0.0	0.0	-77.69	384.11	-0.32	52.2	-62.42	0.0	-2.0	-0.22	-2.17	-0.23	-0.09	-0.4	0.0	0.0	0.0	290.76
tcx_a	F150S	repacked	-0.0	-0.0	-0.0	-0.0	0.0	-0.0	-0.0	0.0	-0.0	0.0	0.0	-0.0	-0.0	-0.0	-0.0	-0.0	-0.0	0.0	0.0	0.0	0.0	0.0	0.0	0.0	0.0	0.0	0.0	0.0	0.0	0.0	0.0	0.0	0.0	0.0	0.0	0.0	0.0	0.0	0.0	0.0	0.0	0.0	0.0	-75.48	367.16	-1.17	49.58	-60.32	0.0	-2.0	-0.22	-2.17	-0.94	-0.09	-0.62	0.0	0.0	0.0	273.74
tcx_a	F150S	fixed_e2	-0.0	-0.0	-0.0	-0.0	0.0	-0.0	-0.0	0.0	-0.0	0.0	0.0	-0.0	-0.0	-0.0	-0.0	-0.0	-0.0	0.0	0.0	0.0	0.0	0.0	0.0	0.0	0.0	0.0	0.0	0.0	0.0	0.0	0.0	0.0	0.0	0.0	0.0	0.0	0.0	0.0	0.0	0.0	0.0	0.0	0.0	-77.38	378.24	-0.79	51.73	-61.5	0.0	-2.0	-0.22	-2.17	-0.23	-0.09	-0.4	0.0	0.0	0.0	285.19
tcx_a	F186A	repacked	-0.0	-0.0	-0.0	-0.0	0.0	-0.0	-0.0	0.0	-0.0	0.0	0.0	-0.0	-0.0	-0.0	-0.0	-0.0	-0.0	0.0	0.0	0.0	0.0	0.0	0.0	0.0	0.0	0.0	0.0	0.0	0.0	0.0	0.0	0.0	0.0	0.0	0.0	0.0	0.0	0.0	0.0	0.0	0.0	0.0	0.0	-73.82	367.16	-1.17	49.24	-60.33	0.0	-2.0	-0.22	-2.17	-0.94	-0.09	-0.62	0.0	0.0	0.0	275.05
tcx_a	F186A	fixed_e2	-0.0	-0.0	-0.0	-0.0	0.0	-0.0	-0.0	0.0	-0.0	0.0	0.0	-0.0	-0.0	-0.0	-0.0	-0.0	-0.0	0.0	0.0	0.0	0.0	0.0	0.0	0.0	0.0	0.0	0.0	0.0	0.0	0.0	0.0	0.0	0.0	0.0	0.0	0.0	0.0	0.0	0.0	0.0	0.0	0.0	0.0	-75.73	378.24	-0.79	51.38	-61.52	0.0	-2.0	-0.22	-2.17	-0.23	-0.09	-0.4	0.0	0.0	0.0	286.48
tcx_a	F186L	repacked	-0.0	-0.0	-0.0	-0.0	0.0	-0.0	-0.0	0.0	-0.0	0.0	0.0	-0.0	-0.0	-0.0	-0.0	-0.0	-0.0	0.0	0.0	0.0	0.0	0.0	0.0	0.0	0.0	0.0	0.0	0.0	0.0	0.0	0.0	0.0	0.0	0.0	0.0	0.0	0.0	0.0	0.0	0.0	0.0	0.0	0.0	-76.9	367.16	-1.17	49.94	-62.99	0.0	-2.0	-0.22	-2.17	-0.94	-0.09	-0.62	0.0	0.0	0.0	270.01
tcx_a	F186L	fixed_e2	-0.0	-0.0	-0.0	-0.0	0.0	-0.0	-0.0	0.0	-0.0	0.0	0.0	-0.0	-0.0	-0.0	-0.0	-0.0	-0.0	0.0	0.0	0.0	0.0	0.0	0.0	0.0	0.0	0.0	0.0	0.0	0.0	0.0	0.0	0.0	0.0	0.0	0.0	0.0	0.0	0.0	0.0	0.0	0.0	0.0	0.0	-78.42	378.24	-0.79	51.97	-64.04	0.0	-2.0	-0.22	-2.17	-0.23	-0.09	-0.4	0.0	0.0	0.0	281.86
tcx_a	F186L+E188K	repacked	-0.0	-0.0	-0.0	-0.0	0.0	-0.0	-0.0	0.0	-0.0	0.0	0.0	-0.0	-0.0	-0.0	-0.0	-0.0	-0.0	0.0	0.0	0.0	0.0	0.0	0.0	0.0	0.0	0.0	0.0	0.0	0.0	0.0	0.0	0.0	0.0	0.0	0.0	0.0	0.0	0.0	0.0	0.0	0.0	0.0	0.0	-77.53	367.82	-1.11	50.37	-63.78	0.0	-2.0	-0.22	-2.17	-0.94	-0.09	-0.62	0.0	0.0	0.0	269.73
tcx_a	F186L+E188K	fixed_e2	-0.0	-0.0	-0.0	-0.0	0.0	-0.0	-0.0	0.0	-0.0	0.0	0.0	-0.0	-0.0	-0.0	-0.0	-0.0	-0.0	0.0	0.0	0.0	0.0	0.0	0.0	0.0	0.0	0.0	0.0	0.0	0.0	0.0	0.0	0.0	0.0	0.0	0.0	0.0	0.0	0.0	0.0	0.0	0.0	0.0	0.0	-78.73	384.11	-0.32	52.44	-64.97	0.0	-2.0	-0.22	-2.17	-0.23	-0.09	-0.4	0.0	0.0	0.0	287.43
tcx_a	F186S	repacked	-0.0	-0.0	-0.0	-0.0	0.0	-0.0	-0.0	0.0	-0.0	0.0	0.0	-0.0	-0.0	-0.0	-0.0	-0.0	-0.0	0.0	0.0	0.0	0.0	0.0	0.0	0.0	0.0	0.0	0.0	0.0	0.0	0.0	0.0	0.0	0.0	0.0	0.0	0.0	0.0	0.0	0.0	0.0	0.0	0.0	0.0	-73.8	367.16	-1.27	49.28	-60.1	0.0	-2.0	-0.22	-2.17	-0.94	-0.09	-0.62	0.0	0.0	0.0	275.24
tcx_a	F186S	fixed_e2	-0.0	-0.0	-0.0	-0.0	0.0	-0.0	-0.0	0.0	-0.0	0.0	0.0	-0.0	-0.0	-0.0	-0.0	-0.0	-0.0	0.0	0.0	0.0	0.0	0.0	0.0	0.0	0.0	0.0	0.0	0.0	0.0	0.0	0.0	0.0	0.0	0.0	0.0	0.0	0.0	0.0	0.0	0.0	0.0	0.0	0.0	-75.69	378.24	-0.78	51.41	-61.28	0.0	-2.0	-0.22	-2.17	-0.23	-0.09	-0.4	0.0	0.0	0.0	286.8
tcx_a	I181A	repacked	-0.0	-0.0	-0.0	-0.0	0.0	-0.0	-0.0	0.0	-0.0	0.0	0.0	-0.0	-0.0	-0.0	-0.0	-0.0	-0.0	0.0	0.0	0.0	0.0	0.0	0.0	0.0	0.0	0.0	0.0	0.0	0.0	0.0	0.0	0.0	0.0	0.0	0.0	0.0	0.0	0.0	0.0	0.0	0.0	0.0	0.0	-73.96	365.27	-1.17	48.99	-57.43	0.0	-2.0	-0.22	-2.17	-0.94	-0.09	-0.62	0.0	0.0	0.0	275.66
tcx_a	I181A	fixed_e2	-0.0	-0.0	-0.0	-0.0	0.0	-0.0	-0.0	0.0	-0.0	0.0	0.0	-0.0	-0.0	-0.0	-0.0	-0.0	-0.0	0.0	0.0	0.0	0.0	0.0	0.0	0.0	0.0	0.0	0.0	0.0	0.0	0.0	0.0	0.0	0.0	0.0	0.0	0.0	0.0	0.0	0.0	0.0	0.0	0.0	0.0	-75.87	376.34	-0.79	51.13	-58.66	0.0	-2.0	-0.22	-2.17	-0.23	-0.09	-0.4	0.0	0.0	0.0	287.05
tcx_a	I182A	repacked	-0.0	-0.0	-0.0	-0.0	0.0	-0.0	-0.0	0.0	-0.0	0.0	0.0	-0.0	-0.0	-0.0	-0.0	-0.0	-0.0	0.0	0.0	0.0	0.0	0.0	0.0	0.0	0.0	0.0	0.0	0.0	0.0	0.0	0.0	0.0	0.0	0.0	0.0	0.0	0.0	0.0	0.0	0.0	0.0	0.0	0.0	-73.28	362.59	-1.15	49.13	-57.05	0.0	-2.0	-0.22	-2.17	-1.0	-0.09	-0.68	0.0	0.0	0.0	274.09
tcx_a	I182A	fixed_e2	-0.0	-0.0	-0.0	-0.0	0.0	-0.0	-0.0	0.0	-0.0	0.0	0.0	-0.0	-0.0	-0.0	-0.0	-0.0	-0.0	0.0	0.0	0.0	0.0	0.0	0.0	0.0	0.0	0.0	0.0	0.0	0.0	0.0	0.0	0.0	0.0	0.0	0.0	0.0	0.0	0.0	0.0	0.0	0.0	0.0	0.0	-75.01	375.81	-0.79	51.35	-57.99	0.0	-2.0	-0.22	-2.17	-0.23	-0.09	-0.4	0.0	0.0	0.0	288.26
tcx_a	I182F	repacked	-0.0	-0.0	-0.0	-0.0	0.0	-0.0	-0.0	0.0	-0.0	0.0	0.0	-0.0	-0.0	-0.0	-0.0	-0.0	-0.0	0.0	0.0	0.0	0.0	0.0	0.0	0.0	0.0	0.0	0.0	0.0	0.0	0.0	0.0	0.0	0.0	0.0	0.0	0.0	0.0	0.0	0.0	0.0	0.0	0.0	0.0	-79.9	379.66	-1.08	50.42	-58.61	0.0	-2.0	-0.22	-2.17	-0.23	-0.09	-0.4	0.0	0.0	0.0	285.37
tcx_a	I182F	fixed_e2	-0.0	-0.0	-0.0	-0.0	0.0	-0.0	-0.0	0.0	-0.0	0.0	0.0	-0.0	-0.0	-0.0	-0.0	-0.0	-0.0	0.0	0.0	0.0	0.0	0.0	0.0	0.0	0.0	0.0	0.0	0.0	0.0	0.0	0.0	0.0	0.0	0.0	0.0	0.0	0.0	0.0	0.0	0.0	0.0	0.0	0.0	-81.41	384.23	-0.79	52.35	-59.29	0.0	-2.0	-0.22	-2.17	-0.23	-0.09	-0.4	0.0	0.0	0.0	289.98
tcx_a	K124T	repacked	-0.0	-0.0	-0.0	-0.0	0.0	-0.0	-0.0	0.0	-0.0	0.0	0.0	-0.0	-0.0	-0.0	-0.0	-0.0	-0.0	0.0	0.0	0.0	0.0	0.0	0.0	0.0	0.0	0.0	0.0	0.0	0.0	0.0	0.0	0.0	0.0	0.0	0.0	0.0	0.0	0.0	0.0	0.0	0.0	0.0	0.0	-75.48	367.16	-1.09	49.58	-60.32	0.0	-2.0	-0.22	-2.17	-0.94	-0.09	-0.62	0.0	0.0	0.0	273.82
tcx_a	K124T	fixed_e2	-0.0	-0.0	-0.0	-0.0	0.0	-0.0	-0.0	0.0	-0.0	0.0	0.0	-0.0	-0.0	-0.0	-0.0	-0.0	-0.0	0.0	0.0	0.0	0.0	0.0	0.0	0.0	0.0	0.0	0.0	0.0	0.0	0.0	0.0	0.0	0.0	0.0	0.0	0.0	0.0	0.0	0.0	0.0	0.0	0.0	0.0	-77.38	378.24	-0.71	51.73	-61.5	0.0	-2.0	-0.22	-2.17	-0.23	-0.09	-0.4	0.0	0.0	0.0	285.27
tcx_a	K171A	repacked	-0.0	-0.0	-0.0	-0.0	0.0	-0.0	-0.0	0.0	-0.0	0.0	0.0	-0.0	-0.0	-0.0	-0.0	-0.0	-0.0	0.0	0.0	0.0	0.0	0.0	0.0	0.0	0.0	0.0	0.0	0.0	0.0	0.0	0.0	0.0	0.0	0.0	0.0	0.0	0.0	0.0	0.0	0.0	0.0	0.0	0.0	-75.48	367.16	-1.17	49.58	-60.32	0.0	-2.0	-0.22	-2.17	-0.94	-0.09	-0.62	0.0	0.0	0.0	273.74
tcx_a	K171A	fixed_e2	-0.0	-0.0	-0.0	-0.0	0.0	-0.0	-0.0	0.0	-0.0	0.0	0.0	-0.0	-0.0	-0.0	-0.0	-0.0	-0.0	0.0	0.0	0.0	0.0	0.0	0.0	0.0	0.0	0.0	0.0	0.0	0.0	0.0	0.0	0.0	0.0	0.0	0.0	0.0	0.0	0.0	0.0	0.0	0.0	0.0	0.0	-77.38	378.24	-0.79	51.73	-61.5	0.0	-2.0	-0.22	-2.17	-0.23	-0.09	-0.4	0.0	0.0	0.0	285.19
tcx_a	L162P	repacked	-0.0	-0.0	-0.0	-0.0	0.0	-0.0	-0.0	0.0	-0.0	0.0	0.0	-0.0	-0.0	-0.0	-0.0	-0.0	-0.0	0.0	0.0	0.0	0.0	0.0	0.0	0.0	0.0	0.0	0.0	0.0	0.0	0.0	0.0	0.0	0.0	0.0	0.0	0.0	0.0	0.0	0.0	0.0	0.0	0.0	0.0	-73.47	312.63	-0.95	46.3	-54.25	0.0	-2.0	-0.22	-2.17	-0.94	-0.09	-0.62	0.0	0.0	0.0	224.23
tcx_a	L162P	fixed_e2	-0.0	-0.0	-0.0	-0.0	0.0	-0.0	-0.0	0.0	-0.0	0.0	0.0	-0.0	-0.0	-0.0	-0.0	-0.0	-0.0	0.0	0.0	0.0	0.0	0.0	0.0	0.0	0.0	0.0	0.0	0.0	0.0	0.0	0.0	0.0	0.0	0.0	0.0	0.0	0.0	0.0	0.0	0.0	0.0	0.0	0.0	-75.67	323.71	-0.57	48.43	-55.88	0.0	-2.0	-0.22	-2.17	-0.23	-0.09	-0.4	0.0	0.0	0.0	234.9
tcx_a	N184A	repacked	-0.0	-0.0	-0.0	-0.0	0.0	-0.0	-0.0	0.0	-0.0	0.0	0.0	-0.0	-0.0	-0.0	-0.0	-0.0	-0.0	0.0	0.0	0.0	0.0	0.0	0.0	0.0	0.0	0.0	0.0	0.0	0.0	0.0	0.0	0.0	0.0	0.0	0.0	0.0	0.0	0.0	0.0	0.0	0.0	0.0	0.0	-74.05	367.43	-1.25	48.94	-60.79	0.0	-2.0	-0.22	-2.17	-0.94	-0.09	-0.62	0.0	0.0	0.0	274.24
tcx_a	N184A	fixed_e2	-0.0	-0.0	-0.0	-0.0	0.0	-0.0	-0.0	0.0	-0.0	0.0	0.0	-0.0	-0.0	-0.0	-0.0	-0.0	-0.0	0.0	0.0	0.0	0.0	0.0	0.0	0.0	0.0	0.0	0.0	0.0	0.0	0.0	0.0	0.0	0.0	0.0	0.0	0.0	0.0	0.0	0.0	0.0	0.0	0.0	0.0	-76.54	387.34	-0.87	51.1	-62.37	0.0	-2.0	-0.22	-2.17	-0.23	-0.09	-0.4	0.0	0.0	0.0	293.55
tcx_a	N184Y	repacked	-0.0	-0.0	-0.0	-0.0	0.0	-0.0	-0.0	0.0	-0.0	0.0	0.0	-0.0	-0.0	-0.0	-0.0	-0.0	-0.0	0.0	0.0	0.0	0.0	0.0	0.0	0.0	0.0	0.0	0.0	0.0	0.0	0.0	0.0	0.0	0.0	0.0	0.0	0.0	0.0	0.0	0.0	0.0	0.0	0.0	0.0	-75.77	369.95	-1.25	48.99	-60.47	0.0	-2.0	-0.22	-2.17	-0.94	-0.09	-0.62	0.0	0.0	0.0	275.42
tcx_a	N184Y	fixed_e2	-0.0	-0.0	-0.0	-0.0	0.0	-0.0	-0.0	0.0	-0.0	0.0	0.0	-0.0	-0.0	-0.0	-0.0	-0.0	-0.0	0.0	0.0	0.0	0.0	0.0	0.0	0.0	0.0	0.0	0.0	0.0	0.0	0.0	0.0	0.0	0.0	0.0	0.0	0.0	0.0	0.0	0.0	0.0	0.0	0.0	0.0	-77.68	381.02	-0.87	51.05	-61.63	0.0	-2.0	-0.22	-2.17	-0.23	-0.09	-0.4	0.0	0.0	0.0	286.79
tcx_a	T163A	repacked	-0.0	-0.0	-0.0	-0.0	0.0	-0.0	-0.0	0.0	-0.0	0.0	0.0	-0.0	-0.0	-0.0	-0.0	-0.0	-0.0	0.0	0.0	0.0	0.0	0.0	0.0	0.0	0.0	0.0	0.0	0.0	0.0	0.0	0.0	0.0	0.0	0.0	0.0	0.0	0.0	0.0	0.0	0.0	0.0	0.0	0.0	-75.48	367.16	-1.17	49.56	-60.3	0.0	-2.0	-0.22	-2.17	-0.94	-0.09	-0.62	0.0	0.0	0.0	273.74
tcx_a	T163A	fixed_e2	-0.0	-0.0	-0.0	-0.0	0.0	-0.0	-0.0	0.0	-0.0	0.0	0.0	-0.0	-0.0	-0.0	-0.0	-0.0	-0.0	0.0	0.0	0.0	0.0	0.0	0.0	0.0	0.0	0.0	0.0	0.0	0.0	0.0	0.0	0.0	0.0	0.0	0.0	0.0	0.0	0.0	0.0	0.0	0.0	0.0	0.0	-77.38	378.24	-0.79	51.7	-61.54	0.0	-2.0	-0.22	-2.17	-0.23	-0.09	-0.4	0.0	0.0	0.0	285.12
tcx_a	T166I	repacked	-0.0	-0.0	-0.0	-0.0	0.0	-0.0	-0.0	0.0	-0.0	0.0	0.0	-0.0	-0.0	-0.0	-0.0	-0.0	-0.0	0.0	0.0	0.0	0.0	0.0	0.0	0.0	0.0	0.0	0.0	0.0	0.0	0.0	0.0	0.0	0.0	0.0	0.0	0.0	0.0	0.0	0.0	0.0	0.0	0.0	0.0	-75.76	367.16	-1.17	49.69	-60.58	0.0	-2.0	-0.22	-2.17	-0.94	-0.09	-0.62	0.0	0.0	0.0	273.3
tcx_a	T166I	fixed_e2	-0.0	-0.0	-0.0	-0.0	0.0	-0.0	-0.0	0.0	-0.0	0.0	0.0	-0.0	-0.0	-0.0	-0.0	-0.0	-0.0	0.0	0.0	0.0	0.0	0.0	0.0	0.0	0.0	0.0	0.0	0.0	0.0	0.0	0.0	0.0	0.0	0.0	0.0	0.0	0.0	0.0	0.0	0.0	0.0	0.0	0.0	-77.65	378.24	-0.79	51.81	-61.78	0.0	-2.0	-0.22	-2.17	-0.23	-0.09	-0.4	0.0	0.0	0.0	284.73
tcx_a	V146E	repacked	-0.0	-0.0	-0.0	-0.0	0.0	-0.0	-0.0	0.0	-0.0	0.0	0.0	-0.0	-0.0	-0.0	-0.0	-0.0	-0.0	0.0	0.0	0.0	0.0	0.0	0.0	0.0	0.0	0.0	0.0	0.0	0.0	0.0	0.0	0.0	0.0	0.0	0.0	0.0	0.0	0.0	0.0	0.0	0.0	0.0	0.0	-75.48	367.16	-1.17	49.58	-60.32	0.0	-2.0	-0.22	-2.17	-0.94	-0.09	-0.62	0.0	0.0	0.0	273.74
tcx_a	V146E	fixed_e2	-0.0	-0.0	-0.0	-0.0	0.0	-0.0	-0.0	0.0	-0.0	0.0	0.0	-0.0	-0.0	-0.0	-0.0	-0.0	-0.0	0.0	0.0	0.0	0.0	0.0	0.0	0.0	0.0	0.0	0.0	0.0	0.0	0.0	0.0	0.0	0.0	0.0	0.0	0.0	0.0	0.0	0.0	0.0	0.0	0.0	0.0	-77.38	378.24	-0.79	51.73	-61.5	0.0	-2.0	-0.22	-2.17	-0.23	-0.09	-0.4	0.0	0.0	0.0	285.19
bound_ae	WT	repacked	-0.0	-0.0	-0.0	-0.0	0.0	-0.0	-0.0	0.0	-0.0	0.0	0.0	-0.0	-0.0	-0.0	-0.0	-0.0	-0.0	0.0	0.0	0.0	0.0	0.0	0.0	0.0	0.0	0.0	0.0	0.0	0.0	0.0	0.0	0.0	0.0	0.0	0.0	0.0	0.0	0.0	0.0	0.0	0.0	0.0	0.0	-49.67	10.27	1.29	29.13	-26.95	0.0	0.0	0.0	0.0	-0.0	-0.55	-0.3	-0.53	-1.61	-0.0	-38.93
bound_ae	C157S	repacked	-0.0	-0.0	-0.0	-0.0	0.0	-0.0	-0.0	0.0	-0.0	0.0	0.0	-0.0	-0.0	-0.0	-0.0	-0.0	-0.0	0.0	0.0	0.0	0.0	0.0	0.0	0.0	0.0	0.0	0.0	0.0	0.0	0.0	0.0	0.0	0.0	0.0	0.0	0.0	0.0	0.0	0.0	0.0	0.0	0.0	0.0	-49.08	10.27	1.14	28.64	-26.83	0.0	0.0	0.0	0.0	-0.0	-0.55	-0.3	-0.53	-1.61	-0.0	-38.87
bound_ae	C157S	fixed_e2	-0.0	-0.0	-0.0	-0.0	0.0	-0.0	-0.0	0.0	-0.0	0.0	0.0	-0.0	-0.0	-0.0	-0.0	-0.0	-0.0	0.0	0.0	0.0	0.0	0.0	0.0	0.0	0.0	0.0	0.0	0.0	0.0	0.0	0.0	0.0	0.0	0.0	0.0	0.0	0.0	0.0	0.0	0.0	0.0	0.0	0.0	-49.67	10.27	1.29	29.14	-26.95	0.0	0.0	0.0	0.0	-0.0	-0.55	-0.3	-0.53	-1.61	-0.0	-38.92
bound_ae	C190R	repacked	-0.0	-0.0	-0.0	-0.0	0.0	-0.0	-0.0	0.0	-0.0	0.0	0.0	-0.0	-0.0	-0.0	-0.0	-0.0	-0.0	0.0	0.0	0.0	0.0	0.0	0.0	0.0	0.0	0.0	0.0	0.0	0.0	0.0	0.0	0.0	0.0	0.0	0.0	0.0	0.0	0.0	0.0	0.0	0.0	0.0	0.0	-49.08	10.27	1.14	28.63	-26.83	0.0	0.0	0.0	0.0	-0.0	-0.55	-0.3	-0.53	-1.61	-0.0	-38.88
bound_ae	C190R	fixed_e2	-0.0	-0.0	-0.0	-0.0	0.0	-0.0	-0.0	0.0	-0.0	0.0	0.0	-0.0	-0.0	-0.0	-0.0	-0.0	-0.0	0.0	0.0	0.0	0.0	0.0	0.0	0.0	0.0	0.0	0.0	0.0	0.0	0.0	0.0	0.0	0.0	0.0	0.0	0.0	0.0	0.0	0.0	0.0	0.0	0.0	0.0	-49.67	10.27	1.29	29.13	-26.95	0.0	0.0	0.0	0.0	-0.0	-0.55	-0.3	-0.53	-1.61	-0.0	-38.93
bound_ae	D196A	repacked	-0.0	-0.0	-0.0	-0.0	0.0	-0.0	-0.0	0.0	-0.0	0.0	0.0	-0.0	-0.0	-0.0	-0.0	-0.0	-0.0	0.0	0.0	0.0	0.0	0.0	0.0	0.0	0.0	0.0	0.0	0.0	0.0	0.0	0.0	0.0	0.0	0.0	0.0	0.0	0.0	0.0	0.0	0.0	0.0	0.0	0.0	-49.08	10.27	1.28	28.63	-26.83	0.0	0.0	0.0	0.0	-0.0	-0.55	-0.3	-0.53	-1.61	-0.0	-38.74
bound_ae	D196A	fixed_e2	-0.0	-0.0	-0.0	-0.0	0.0	-0.0	-0.0	0.0	-0.0	0.0	0.0	-0.0	-0.0	-0.0	-0.0	-0.0	-0.0	0.0	0.0	0.0	0.0	0.0	0.0	0.0	0.0	0.0	0.0	0.0	0.0	0.0	0.0	0.0	0.0	0.0	0.0	0.0	0.0	0.0	0.0	0.0	0.0	0.0	0.0	-49.67	10.27	1.43	29.13	-26.95	0.0	0.0	0.0	0.0	-0.0	-0.55	-0.3	-0.53	-1.61	-0.0	-38.79
bound_ae	D196E	repacked	-0.0	-0.0	-0.0	-0.0	0.0	-0.0	-0.0	0.0	-0.0	0.0	0.0	-0.0	-0.0	-0.0	-0.0	-0.0	-0.0	0.0	0.0	0.0	0.0	0.0	0.0	0.0	0.0	0.0	0.0	0.0	0.0	0.0	0.0	0.0	0.0	0.0	0.0	0.0	0.0	0.0	0.0	0.0	0.0	0.0	0.0	-48.97	10.27	1.36	28.64	-26.82	0.0	0.0	0.0	0.0	-0.0	-0.55	-0.3	-0.53	-1.61	-0.0	-38.53
bound_ae	D196E	fixed_e2	-0.0	-0.0	-0.0	-0.0	0.0	-0.0	-0.0	0.0	-0.0	0.0	0.0	-0.0	-0.0	-0.0	-0.0	-0.0	-0.0	0.0	0.0	0.0	0.0	0.0	0.0	0.0	0.0	0.0	0.0	0.0	0.0	0.0	0.0	0.0	0.0	0.0	0.0	0.0	0.0	0.0	0.0	0.0	0.0	0.0	0.0	-49.56	10.27	1.51	29.14	-26.93	0.0	0.0	0.0	0.0	-0.0	-0.55	-0.3	-0.53	-1.61	-0.0	-38.58
bound_ae	E188A	repacked	-0.0	-0.0	-0.0	-0.0	0.0	-0.0	-0.0	0.0	-0.0	0.0	0.0	-0.0	-0.0	-0.0	-0.0	-0.0	-0.0	0.0	0.0	0.0	0.0	0.0	0.0	0.0	0.0	0.0	0.0	0.0	0.0	0.0	0.0	0.0	0.0	0.0	0.0	0.0	0.0	0.0	0.0	0.0	0.0	0.0	0.0	-49.09	10.27	1.14	28.63	-26.91	0.0	0.0	0.0	0.0	-0.0	-0.55	-0.3	-0.53	-1.61	-0.0	-38.95
bound_ae	E188A	fixed_e2	-0.0	-0.0	-0.0	-0.0	0.0	-0.0	-0.0	0.0	-0.0	0.0	0.0	-0.0	-0.0	-0.0	-0.0	-0.0	-0.0	0.0	0.0	0.0	0.0	0.0	0.0	0.0	0.0	0.0	0.0	0.0	0.0	0.0	0.0	0.0	0.0	0.0	0.0	0.0	0.0	0.0	0.0	0.0	0.0	0.0	0.0	-49.67	10.27	1.29	29.13	-27.02	0.0	0.0	0.0	0.0	-0.0	-0.55	-0.3	-0.53	-1.61	-0.0	-39.01
bound_ae	E188K	repacked	-0.0	-0.0	-0.0	-0.0	0.0	-0.0	-0.0	0.0	-0.0	0.0	0.0	-0.0	-0.0	-0.0	-0.0	-0.0	-0.0	0.0	0.0	0.0	0.0	0.0	0.0	0.0	0.0	0.0	0.0	0.0	0.0	0.0	0.0	0.0	0.0	0.0	0.0	0.0	0.0	0.0	0.0	0.0	0.0	0.0	0.0	-49.26	10.27	1.33	29.09	-27.09	0.0	0.0	0.0	0.0	-0.0	-0.55	-0.3	-0.53	-1.61	-0.0	-38.64
bound_ae	E188K	fixed_e2	-0.0	-0.0	-0.0	-0.0	0.0	-0.0	-0.0	0.0	-0.0	0.0	0.0	-0.0	-0.0	-0.0	-0.0	-0.0	-0.0	0.0	0.0	0.0	0.0	0.0	0.0	0.0	0.0	0.0	0.0	0.0	0.0	0.0	0.0	0.0	0.0	0.0	0.0	0.0	0.0	0.0	0.0	0.0	0.0	0.0	0.0	-49.85	10.27	1.48	29.59	-27.2	0.0	0.0	0.0	0.0	-0.0	-0.55	-0.3	-0.53	-1.61	-0.0	-38.7
bound_ae	F150S	repacked	-0.0	-0.0	-0.0	-0.0	0.0	-0.0	-0.0	0.0	-0.0	0.0	0.0	-0.0	-0.0	-0.0	-0.0	-0.0	-0.0	0.0	0.0	0.0	0.0	0.0	0.0	0.0	0.0	0.0	0.0	0.0	0.0	0.0	0.0	0.0	0.0	0.0	0.0	0.0	0.0	0.0	0.0	0.0	0.0	0.0	0.0	-49.08	10.27	1.14	28.63	-26.83	0.0	0.0	0.0	0.0	-0.0	-0.55	-0.3	-0.53	-1.61	-0.0	-38.88
bound_ae	F150S	fixed_e2	-0.0	-0.0	-0.0	-0.0	0.0	-0.0	-0.0	0.0	-0.0	0.0	0.0	-0.0	-0.0	-0.0	-0.0	-0.0	-0.0	0.0	0.0	0.0	0.0	0.0	0.0	0.0	0.0	0.0	0.0	0.0	0.0	0.0	0.0	0.0	0.0	0.0	0.0	0.0	0.0	0.0	0.0	0.0	0.0	0.0	0.0	-49.67	10.27	1.29	29.13	-26.95	0.0	0.0	0.0	0.0	-0.0	-0.55	-0.3	-0.53	-1.61	-0.0	-38.93
bound_ae	F186A	repacked	-0.0	-0.0	-0.0	-0.0	0.0	-0.0	-0.0	0.0	-0.0	0.0	0.0	-0.0	-0.0	-0.0	-0.0	-0.0	-0.0	0.0	0.0	0.0	0.0	0.0	0.0	0.0	0.0	0.0	0.0	0.0	0.0	0.0	0.0	0.0	0.0	0.0	0.0	0.0	0.0	0.0	0.0	0.0	0.0	0.0	0.0	-44.56	8.89	1.07	27.6	-27.03	0.0	0.0	0.0	0.0	-0.0	-0.55	-0.3	-0.53	-1.61	-0.0	-37.03
bound_ae	F186A	fixed_e2	-0.0	-0.0	-0.0	-0.0	0.0	-0.0	-0.0	0.0	-0.0	0.0	0.0	-0.0	-0.0	-0.0	-0.0	-0.0	-0.0	0.0	0.0	0.0	0.0	0.0	0.0	0.0	0.0	0.0	0.0	0.0	0.0	0.0	0.0	0.0	0.0	0.0	0.0	0.0	0.0	0.0	0.0	0.0	0.0	0.0	0.0	-44.77	8.89	1.29	28.06	-26.84	0.0	0.0	0.0	0.0	-0.0	-0.55	-0.3	-0.53	-1.61	-0.0	-36.37
bound_ae	F186L	repacked	-0.0	-0.0	-0.0	-0.0	0.0	-0.0	-0.0	0.0	-0.0	0.0	0.0	-0.0	-0.0	-0.0	-0.0	-0.0	-0.0	0.0	0.0	0.0	0.0	0.0	0.0	0.0	0.0	0.0	0.0	0.0	0.0	0.0	0.0	0.0	0.0	0.0	0.0	0.0	0.0	0.0	0.0	0.0	0.0	0.0	0.0	-48.37	12.59	1.14	29.43	-29.94	0.0	0.0	0.0	0.0	-0.0	-0.55	-0.3	-0.53	-1.61	-0.0	-38.16
bound_ae	F186L	fixed_e2	-0.0	-0.0	-0.0	-0.0	0.0	-0.0	-0.0	0.0	-0.0	0.0	0.0	-0.0	-0.0	-0.0	-0.0	-0.0	-0.0	0.0	0.0	0.0	0.0	0.0	0.0	0.0	0.0	0.0	0.0	0.0	0.0	0.0	0.0	0.0	0.0	0.0	0.0	0.0	0.0	0.0	0.0	0.0	0.0	0.0	0.0	-48.96	12.59	1.29	29.93	-30.05	0.0	0.0	0.0	0.0	-0.0	-0.55	-0.3	-0.53	-1.61	-0.0	-38.21
bound_ae	F186L+E188K	repacked	-0.0	-0.0	-0.0	-0.0	0.0	-0.0	-0.0	0.0	-0.0	0.0	0.0	-0.0	-0.0	-0.0	-0.0	-0.0	-0.0	0.0	0.0	0.0	0.0	0.0	0.0	0.0	0.0	0.0	0.0	0.0	0.0	0.0	0.0	0.0	0.0	0.0	0.0	0.0	0.0	0.0	0.0	0.0	0.0	0.0	0.0	-48.55	12.59	1.33	29.9	-30.19	0.0	0.0	0.0	0.0	-0.0	-0.55	-0.3	-0.53	-1.61	-0.0	-37.92
bound_ae	F186L+E188K	fixed_e2	-0.0	-0.0	-0.0	-0.0	0.0	-0.0	-0.0	0.0	-0.0	0.0	0.0	-0.0	-0.0	-0.0	-0.0	-0.0	-0.0	0.0	0.0	0.0	0.0	0.0	0.0	0.0	0.0	0.0	0.0	0.0	0.0	0.0	0.0	0.0	0.0	0.0	0.0	0.0	0.0	0.0	0.0	0.0	0.0	0.0	0.0	-49.14	12.59	1.48	30.4	-30.3	0.0	0.0	0.0	0.0	-0.0	-0.55	-0.3	-0.53	-1.61	-0.0	-37.97
bound_ae	F186S	repacked	-0.0	-0.0	-0.0	-0.0	0.0	-0.0	-0.0	0.0	-0.0	0.0	0.0	-0.0	-0.0	-0.0	-0.0	-0.0	-0.0	0.0	0.0	0.0	0.0	0.0	0.0	0.0	0.0	0.0	0.0	0.0	0.0	0.0	0.0	0.0	0.0	0.0	0.0	0.0	0.0	0.0	0.0	0.0	0.0	0.0	0.0	-45.55	9.03	0.97	28.99	-25.98	0.0	0.0	0.0	0.0	-0.78	-0.71	-0.62	-0.53	-1.61	-0.0	-36.79
bound_ae	F186S	fixed_e2	-0.0	-0.0	-0.0	-0.0	0.0	-0.0	-0.0	0.0	-0.0	0.0	0.0	-0.0	-0.0	-0.0	-0.0	-0.0	-0.0	0.0	0.0	0.0	0.0	0.0	0.0	0.0	0.0	0.0	0.0	0.0	0.0	0.0	0.0	0.0	0.0	0.0	0.0	0.0	0.0	0.0	0.0	0.0	0.0	0.0	0.0	-45.6	9.03	1.33	29.28	-25.95	0.0	0.0	0.0	0.0	-0.78	-0.71	-0.62	-0.53	-1.61	-0.0	-36.16
bound_ae	I181A	repacked	-0.0	-0.0	-0.0	-0.0	0.0	-0.0	-0.0	0.0	-0.0	0.0	0.0	-0.0	-0.0	-0.0	-0.0	-0.0	-0.0	0.0	0.0	0.0	0.0	0.0	0.0	0.0	0.0	0.0	0.0	0.0	0.0	0.0	0.0	0.0	0.0	0.0	0.0	0.0	0.0	0.0	0.0	0.0	0.0	0.0	0.0	-49.09	10.27	1.14	28.63	-26.88	0.0	0.0	0.0	0.0	-0.0	-0.55	-0.3	-0.53	-1.61	-0.0	-38.93
bound_ae	I181A	fixed_e2	-0.0	-0.0	-0.0	-0.0	0.0	-0.0	-0.0	0.0	-0.0	0.0	0.0	-0.0	-0.0	-0.0	-0.0	-0.0	-0.0	0.0	0.0	0.0	0.0	0.0	0.0	0.0	0.0	0.0	0.0	0.0	0.0	0.0	0.0	0.0	0.0	0.0	0.0	0.0	0.0	0.0	0.0	0.0	0.0	0.0	0.0	-49.68	10.27	1.29	29.13	-26.99	0.0	0.0	0.0	0.0	-0.0	-0.55	-0.3	-0.53	-1.61	-0.0	-38.98
bound_ae	I182A	repacked	-0.0	-0.0	-0.0	-0.0	0.0	-0.0	-0.0	0.0	-0.0	0.0	0.0	-0.0	-0.0	-0.0	-0.0	-0.0	-0.0	0.0	0.0	0.0	0.0	0.0	0.0	0.0	0.0	0.0	0.0	0.0	0.0	0.0	0.0	0.0	0.0	0.0	0.0	0.0	0.0	0.0	0.0	0.0	0.0	0.0	0.0	-47.64	10.17	1.14	28.11	-25.83	0.0	0.0	0.0	0.0	-0.0	-0.55	-0.3	-0.53	-1.61	-0.0	-37.05
bound_ae	I182A	fixed_e2	-0.0	-0.0	-0.0	-0.0	0.0	-0.0	-0.0	0.0	-0.0	0.0	0.0	-0.0	-0.0	-0.0	-0.0	-0.0	-0.0	0.0	0.0	0.0	0.0	0.0	0.0	0.0	0.0	0.0	0.0	0.0	0.0	0.0	0.0	0.0	0.0	0.0	0.0	0.0	0.0	0.0	0.0	0.0	0.0	0.0	0.0	-48.23	10.17	1.29	28.61	-25.94	0.0	0.0	0.0	0.0	-0.0	-0.55	-0.3	-0.53	-1.61	-0.0	-37.1
bound_ae	I182F	repacked	-0.0	-0.0	-0.0	-0.0	0.0	-0.0	-0.0	0.0	-0.0	0.0	0.0	-0.0	-0.0	-0.0	-0.0	-0.0	-0.0	0.0	0.0	0.0	0.0	0.0	0.0	0.0	0.0	0.0	0.0	0.0	0.0	0.0	0.0	0.0	0.0	0.0	0.0	0.0	0.0	0.0	0.0	0.0	0.0	0.0	0.0	-49.15	10.22	1.14	28.54	-25.55	0.0	0.0	0.0	0.0	-0.0	-0.55	-0.3	-0.53	-1.61	-0.0	-37.8
bound_ae	I182F	fixed_e2	-0.0	-0.0	-0.0	-0.0	0.0	-0.0	-0.0	0.0	-0.0	0.0	0.0	-0.0	-0.0	-0.0	-0.0	-0.0	-0.0	0.0	0.0	0.0	0.0	0.0	0.0	0.0	0.0	0.0	0.0	0.0	0.0	0.0	0.0	0.0	0.0	0.0	0.0	0.0	0.0	0.0	0.0	0.0	0.0	0.0	0.0	-49.74	10.22	1.29	29.04	-25.66	0.0	0.0	0.0	0.0	-0.0	-0.55	-0.3	-0.53	-1.61	-0.0	-37.85
bound_ae	K124T	repacked	-0.0	-0.0	-0.0	-0.0	0.0	-0.0	-0.0	0.0	-0.0	0.0	0.0	-0.0	-0.0	-0.0	-0.0	-0.0	-0.0	0.0	0.0	0.0	0.0	0.0	0.0	0.0	0.0	0.0	0.0	0.0	0.0	0.0	0.0	0.0	0.0	0.0	0.0	0.0	0.0	0.0	0.0	0.0	0.0	0.0	0.0	-49.08	10.27	1.14	28.62	-26.83	0.0	0.0	0.0	0.0	-0.0	-0.55	-0.3	-0.53	-1.61	-0.0	-38.88
bound_ae	K124T	fixed_e2	-0.0	-0.0	-0.0	-0.0	0.0	-0.0	-0.0	0.0	-0.0	0.0	0.0	-0.0	-0.0	-0.0	-0.0	-0.0	-0.0	0.0	0.0	0.0	0.0	0.0	0.0	0.0	0.0	0.0	0.0	0.0	0.0	0.0	0.0	0.0	0.0	0.0	0.0	0.0	0.0	0.0	0.0	0.0	0.0	0.0	0.0	-49.67	10.27	1.29	29.12	-26.95	0.0	0.0	0.0	0.0	-0.0	-0.55	-0.3	-0.53	-1.61	-0.0	-38.93
bound_ae	K171A	repacked	-0.0	-0.0	-0.0	-0.0	0.0	-0.0	-0.0	0.0	-0.0	0.0	0.0	-0.0	-0.0	-0.0	-0.0	-0.0	-0.0	0.0	0.0	0.0	0.0	0.0	0.0	0.0	0.0	0.0	0.0	0.0	0.0	0.0	0.0	0.0	0.0	0.0	0.0	0.0	0.0	0.0	0.0	0.0	0.0	0.0	0.0	-47.93	10.27	0.9	27.59	-26.19	0.0	0.0	0.0	0.0	-0.0	-0.55	-0.3	-0.53	-1.61	-0.0	-38.37
bound_ae	K171A	fixed_e2	-0.0	-0.0	-0.0	-0.0	0.0	-0.0	-0.0	0.0	-0.0	0.0	0.0	-0.0	-0.0	-0.0	-0.0	-0.0	-0.0	0.0	0.0	0.0	0.0	0.0	0.0	0.0	0.0	0.0	0.0	0.0	0.0	0.0	0.0	0.0	0.0	0.0	0.0	0.0	0.0	0.0	0.0	0.0	0.0	0.0	0.0	-48.52	10.27	1.05	28.09	-26.31	0.0	0.0	0.0	0.0	-0.0	-0.55	-0.3	-0.53	-1.61	-0.0	-38.42
bound_ae	L162P	repacked	-0.0	-0.0	-0.0	-0.0	0.0	-0.0	-0.0	0.0	-0.0	0.0	0.0	-0.0	-0.0	-0.0	-0.0	-0.0	-0.0	0.0	0.0	0.0	0.0	0.0	0.0	0.0	0.0	0.0	0.0	0.0	0.0	0.0	0.0	0.0	0.0	0.0	0.0	0.0	0.0	0.0	0.0	0.0	0.0	0.0	0.0	-49.08	10.27	1.14	28.63	-26.83	0.0	0.0	0.0	0.0	-0.0	-0.55	-0.3	-0.53	-1.61	-0.0	-38.88
bound_ae	L162P	fixed_e2	-0.0	-0.0	-0.0	-0.0	0.0	-0.0	-0.0	0.0	-0.0	0.0	0.0	-0.0	-0.0	-0.0	-0.0	-0.0	-0.0	0.0	0.0	0.0	0.0	0.0	0.0	0.0	0.0	0.0	0.0	0.0	0.0	0.0	0.0	0.0	0.0	0.0	0.0	0.0	0.0	0.0	0.0	0.0	0.0	0.0	0.0	-49.67	10.27	1.29	29.13	-26.95	0.0	0.0	0.0	0.0	-0.0	-0.55	-0.3	-0.53	-1.61	-0.0	-38.93
bound_ae	N184A	repacked	-0.0	-0.0	-0.0	-0.0	0.0	-0.0	-0.0	0.0	-0.0	0.0	0.0	-0.0	-0.0	-0.0	-0.0	-0.0	-0.0	0.0	0.0	0.0	0.0	0.0	0.0	0.0	0.0	0.0	0.0	0.0	0.0	0.0	0.0	0.0	0.0	0.0	0.0	0.0	0.0	0.0	0.0	0.0	0.0	0.0	0.0	-46.78	10.04	1.17	26.76	-27.31	0.0	0.0	0.0	0.0	-0.0	-0.55	-0.3	-0.07	-0.85	-0.0	-37.89
bound_ae	N184A	fixed_e2	-0.0	-0.0	-0.0	-0.0	0.0	-0.0	-0.0	0.0	-0.0	0.0	0.0	-0.0	-0.0	-0.0	-0.0	-0.0	-0.0	0.0	0.0	0.0	0.0	0.0	0.0	0.0	0.0	0.0	0.0	0.0	0.0	0.0	0.0	0.0	0.0	0.0	0.0	0.0	0.0	0.0	0.0	0.0	0.0	0.0	0.0	-47.37	10.04	1.32	27.26	-27.42	0.0	0.0	0.0	0.0	-0.0	-0.55	-0.3	-0.07	-0.85	-0.0	-37.94
bound_ae	N184Y	repacked	-0.0	-0.0	-0.0	-0.0	0.0	-0.0	-0.0	0.0	-0.0	0.0	0.0	-0.0	-0.0	-0.0	-0.0	-0.0	-0.0	0.0	0.0	0.0	0.0	0.0	0.0	0.0	0.0	0.0	0.0	0.0	0.0	0.0	0.0	0.0	0.0	0.0	0.0	0.0	0.0	0.0	0.0	0.0	0.0	0.0	0.0	-55.09	63.28	0.48	29.18	-28.62	0.0	0.0	0.0	0.0	-0.0	-0.55	-0.3	-0.07	-0.85	-0.0	7.46
bound_ae	N184Y	fixed_e2	-0.0	-0.0	-0.0	-0.0	0.0	-0.0	-0.0	0.0	-0.0	0.0	0.0	-0.0	-0.0	-0.0	-0.0	-0.0	-0.0	0.0	0.0	0.0	0.0	0.0	0.0	0.0	0.0	0.0	0.0	0.0	0.0	0.0	0.0	0.0	0.0	0.0	0.0	0.0	0.0	0.0	0.0	0.0	0.0	0.0	0.0	-56.04	70.08	0.63	29.77	-29.18	0.0	0.0	0.0	0.0	-0.0	-0.55	-0.3	-0.07	-0.85	-0.0	13.49
bound_ae	T163A	repacked	-0.0	-0.0	-0.0	-0.0	0.0	-0.0	-0.0	0.0	-0.0	0.0	0.0	-0.0	-0.0	-0.0	-0.0	-0.0	-0.0	0.0	0.0	0.0	0.0	0.0	0.0	0.0	0.0	0.0	0.0	0.0	0.0	0.0	0.0	0.0	0.0	0.0	0.0	0.0	0.0	0.0	0.0	0.0	0.0	0.0	0.0	-47.11	6.6	1.21	27.28	-24.68	0.0	0.0	0.0	0.0	-0.0	-0.55	-0.3	-0.53	-1.61	-0.0	-39.69
bound_ae	T163A	fixed_e2	-0.0	-0.0	-0.0	-0.0	0.0	-0.0	-0.0	0.0	-0.0	0.0	0.0	-0.0	-0.0	-0.0	-0.0	-0.0	-0.0	0.0	0.0	0.0	0.0	0.0	0.0	0.0	0.0	0.0	0.0	0.0	0.0	0.0	0.0	0.0	0.0	0.0	0.0	0.0	0.0	0.0	0.0	0.0	0.0	0.0	0.0	-47.7	6.6	1.37	27.78	-24.79	0.0	0.0	0.0	0.0	-0.0	-0.55	-0.3	-0.53	-1.61	-0.0	-39.74
bound_ae	T166I	repacked	-0.0	-0.0	-0.0	-0.0	0.0	-0.0	-0.0	0.0	-0.0	0.0	0.0	-0.0	-0.0	-0.0	-0.0	-0.0	-0.0	0.0	0.0	0.0	0.0	0.0	0.0	0.0	0.0	0.0	0.0	0.0	0.0	0.0	0.0	0.0	0.0	0.0	0.0	0.0	0.0	0.0	0.0	0.0	0.0	0.0	0.0	-49.24	11.76	1.14	28.26	-27.71	0.0	0.0	0.0	0.0	-0.0	-0.55	-0.3	-0.53	-1.61	-0.0	-38.79
bound_ae	T166I	fixed_e2	-0.0	-0.0	-0.0	-0.0	0.0	-0.0	-0.0	0.0	-0.0	0.0	0.0	-0.0	-0.0	-0.0	-0.0	-0.0	-0.0	0.0	0.0	0.0	0.0	0.0	0.0	0.0	0.0	0.0	0.0	0.0	0.0	0.0	0.0	0.0	0.0	0.0	0.0	0.0	0.0	0.0	0.0	0.0	0.0	0.0	0.0	-49.83	11.76	1.29	28.76	-27.83	0.0	0.0	0.0	0.0	-0.0	-0.55	-0.3	-0.53	-1.61	-0.0	-38.84
bound_ae	V146E	repacked	-0.0	-0.0	-0.0	-0.0	0.0	-0.0	-0.0	0.0	-0.0	0.0	0.0	-0.0	-0.0	-0.0	-0.0	-0.0	-0.0	0.0	0.0	0.0	0.0	0.0	0.0	0.0	0.0	0.0	0.0	0.0	0.0	0.0	0.0	0.0	0.0	0.0	0.0	0.0	0.0	0.0	0.0	0.0	0.0	0.0	0.0	-49.08	10.27	1.14	28.63	-26.83	0.0	0.0	0.0	0.0	-0.0	-0.55	-0.3	-0.53	-1.61	-0.0	-38.88
bound_ae	V146E	fixed_e2	-0.0	-0.0	-0.0	-0.0	0.0	-0.0	-0.0	0.0	-0.0	0.0	0.0	-0.0	-0.0	-0.0	-0.0	-0.0	-0.0	0.0	0.0	0.0	0.0	0.0	0.0	0.0	0.0	0.0	0.0	0.0	0.0	0.0	0.0	0.0	0.0	0.0	0.0	0.0	0.0	0.0	0.0	0.0	0.0	0.0	0.0	-49.67	10.27	1.29	29.13	-26.95	0.0	0.0	0.0	0.0	-0.0	-0.55	-0.3	-0.53	-1.61	-0.0	-38.93
bound_bh	WT	repacked	-0.0	-0.0	-0.0	-0.0	0.0	-0.0	-0.0	0.0	-0.0	0.0	0.0	-0.0	-0.0	-0.0	-0.0	-0.0	-0.0	0.0	0.0	0.0	0.0	0.0	0.0	0.0	0.0	0.0	0.0	0.0	0.0	0.0	0.0	0.0	0.0	0.0	0.0	0.0	0.0	0.0	0.0	0.0	0.0	0.0	0.0	-41.29	13.89	-0.61	27.24	-23.6	0.0	-0.28	-0.09	-0.33	-2.1	-0.33	-0.77	-0.02	-1.89	-0.0	-30.17
bound_bh	C157S	repacked	-0.0	-0.0	-0.0	-0.0	0.0	-0.0	-0.0	0.0	-0.0	0.0	0.0	-0.0	-0.0	-0.0	-0.0	-0.0	-0.0	0.0	0.0	0.0	0.0	0.0	0.0	0.0	0.0	0.0	0.0	0.0	0.0	0.0	0.0	0.0	0.0	0.0	0.0	0.0	0.0	0.0	0.0	0.0	0.0	0.0	0.0	-41.3	13.89	-0.49	27.26	-23.6	0.0	-0.28	-0.09	-0.33	-2.1	-0.33	-0.77	-0.02	-1.89	-0.0	-30.03
bound_bh	C157S	fixed_e2	-0.0	-0.0	-0.0	-0.0	0.0	-0.0	-0.0	0.0	-0.0	0.0	0.0	-0.0	-0.0	-0.0	-0.0	-0.0	-0.0	0.0	0.0	0.0	0.0	0.0	0.0	0.0	0.0	0.0	0.0	0.0	0.0	0.0	0.0	0.0	0.0	0.0	0.0	0.0	0.0	0.0	0.0	0.0	0.0	0.0	0.0	-41.3	13.89	-0.49	27.26	-23.6	0.0	-0.28	-0.09	-0.33	-2.1	-0.33	-0.77	-0.02	-1.89	-0.0	-30.03
bound_bh	C190R	repacked	-0.0	-0.0	-0.0	-0.0	0.0	-0.0	-0.0	0.0	-0.0	0.0	0.0	-0.0	-0.0	-0.0	-0.0	-0.0	-0.0	0.0	0.0	0.0	0.0	0.0	0.0	0.0	0.0	0.0	0.0	0.0	0.0	0.0	0.0	0.0	0.0	0.0	0.0	0.0	0.0	0.0	0.0	0.0	0.0	0.0	0.0	-41.3	13.89	-0.49	27.26	-23.6	0.0	-0.28	-0.09	-0.33	-2.1	-0.33	-0.77	-0.02	-1.89	-0.0	-30.03
bound_bh	C190R	fixed_e2	-0.0	-0.0	-0.0	-0.0	0.0	-0.0	-0.0	0.0	-0.0	0.0	0.0	-0.0	-0.0	-0.0	-0.0	-0.0	-0.0	0.0	0.0	0.0	0.0	0.0	0.0	0.0	0.0	0.0	0.0	0.0	0.0	0.0	0.0	0.0	0.0	0.0	0.0	0.0	0.0	0.0	0.0	0.0	0.0	0.0	0.0	-41.3	13.89	-0.49	27.26	-23.6	0.0	-0.28	-0.09	-0.33	-2.1	-0.33	-0.77	-0.02	-1.89	-0.0	-30.03
bound_bh	D196A	repacked	-0.0	-0.0	-0.0	-0.0	0.0	-0.0	-0.0	0.0	-0.0	0.0	0.0	-0.0	-0.0	-0.0	-0.0	-0.0	-0.0	0.0	0.0	0.0	0.0	0.0	0.0	0.0	0.0	0.0	0.0	0.0	0.0	0.0	0.0	0.0	0.0	0.0	0.0	0.0	0.0	0.0	0.0	0.0	0.0	0.0	0.0	-41.72	13.89	-0.56	27.64	-23.65	0.0	-0.28	-0.09	-0.33	-2.1	-0.33	-0.77	-0.02	-1.89	-0.0	-30.21
bound_bh	D196A	fixed_e2	-0.0	-0.0	-0.0	-0.0	0.0	-0.0	-0.0	0.0	-0.0	0.0	0.0	-0.0	-0.0	-0.0	-0.0	-0.0	-0.0	0.0	0.0	0.0	0.0	0.0	0.0	0.0	0.0	0.0	0.0	0.0	0.0	0.0	0.0	0.0	0.0	0.0	0.0	0.0	0.0	0.0	0.0	0.0	0.0	0.0	0.0	-41.72	13.89	-0.56	27.64	-23.65	0.0	-0.28	-0.09	-0.33	-2.1	-0.33	-0.77	-0.02	-1.89	-0.0	-30.21
bound_bh	D196E	repacked	-0.0	-0.0	-0.0	-0.0	0.0	-0.0	-0.0	0.0	-0.0	0.0	0.0	-0.0	-0.0	-0.0	-0.0	-0.0	-0.0	0.0	0.0	0.0	0.0	0.0	0.0	0.0	0.0	0.0	0.0	0.0	0.0	0.0	0.0	0.0	0.0	0.0	0.0	0.0	0.0	0.0	0.0	0.0	0.0	0.0	0.0	-41.89	13.89	-0.19	27.75	-23.65	0.0	-0.28	-0.09	-0.33	-2.1	-0.33	-0.77	-0.02	-1.89	-0.0	-29.89
bound_bh	D196E	fixed_e2	-0.0	-0.0	-0.0	-0.0	0.0	-0.0	-0.0	0.0	-0.0	0.0	0.0	-0.0	-0.0	-0.0	-0.0	-0.0	-0.0	0.0	0.0	0.0	0.0	0.0	0.0	0.0	0.0	0.0	0.0	0.0	0.0	0.0	0.0	0.0	0.0	0.0	0.0	0.0	0.0	0.0	0.0	0.0	0.0	0.0	0.0	-41.89	13.89	-0.19	27.75	-23.65	0.0	-0.28	-0.09	-0.33	-2.1	-0.33	-0.77	-0.02	-1.89	-0.0	-29.89
bound_bh	E188A	repacked	-0.0	-0.0	-0.0	-0.0	0.0	-0.0	-0.0	0.0	-0.0	0.0	0.0	-0.0	-0.0	-0.0	-0.0	-0.0	-0.0	0.0	0.0	0.0	0.0	0.0	0.0	0.0	0.0	0.0	0.0	0.0	0.0	0.0	0.0	0.0	0.0	0.0	0.0	0.0	0.0	0.0	0.0	0.0	0.0	0.0	0.0	-41.3	13.89	-0.49	27.26	-23.6	0.0	-0.28	-0.09	-0.33	-2.1	-0.33	-0.77	-0.02	-1.89	-0.0	-30.03
bound_bh	E188A	fixed_e2	-0.0	-0.0	-0.0	-0.0	0.0	-0.0	-0.0	0.0	-0.0	0.0	0.0	-0.0	-0.0	-0.0	-0.0	-0.0	-0.0	0.0	0.0	0.0	0.0	0.0	0.0	0.0	0.0	0.0	0.0	0.0	0.0	0.0	0.0	0.0	0.0	0.0	0.0	0.0	0.0	0.0	0.0	0.0	0.0	0.0	0.0	-41.3	13.89	-0.49	27.26	-23.6	0.0	-0.28	-0.09	-0.33	-2.1	-0.33	-0.77	-0.02	-1.89	-0.0	-30.03
bound_bh	E188K	repacked	-0.0	-0.0	-0.0	-0.0	0.0	-0.0	-0.0	0.0	-0.0	0.0	0.0	-0.0	-0.0	-0.0	-0.0	-0.0	-0.0	0.0	0.0	0.0	0.0	0.0	0.0	0.0	0.0	0.0	0.0	0.0	0.0	0.0	0.0	0.0	0.0	0.0	0.0	0.0	0.0	0.0	0.0	0.0	0.0	0.0	0.0	-41.51	13.89	-0.15	27.49	-23.88	0.0	-0.28	-0.09	-0.33	-2.1	-0.33	-0.77	-0.02	-1.89	-0.0	-29.96
bound_bh	E188K	fixed_e2	-0.0	-0.0	-0.0	-0.0	0.0	-0.0	-0.0	0.0	-0.0	0.0	0.0	-0.0	-0.0	-0.0	-0.0	-0.0	-0.0	0.0	0.0	0.0	0.0	0.0	0.0	0.0	0.0	0.0	0.0	0.0	0.0	0.0	0.0	0.0	0.0	0.0	0.0	0.0	0.0	0.0	0.0	0.0	0.0	0.0	0.0	-41.51	13.89	-0.15	27.49	-23.88	0.0	-0.28	-0.09	-0.33	-2.1	-0.33	-0.77	-0.02	-1.89	-0.0	-29.96
bound_bh	F150S	repacked	-0.0	-0.0	-0.0	-0.0	0.0	-0.0	-0.0	0.0	-0.0	0.0	0.0	-0.0	-0.0	-0.0	-0.0	-0.0	-0.0	0.0	0.0	0.0	0.0	0.0	0.0	0.0	0.0	0.0	0.0	0.0	0.0	0.0	0.0	0.0	0.0	0.0	0.0	0.0	0.0	0.0	0.0	0.0	0.0	0.0	0.0	-41.3	13.89	-0.49	27.26	-23.6	0.0	-0.28	-0.09	-0.33	-2.1	-0.33	-0.77	-0.02	-1.89	-0.0	-30.03
bound_bh	F150S	fixed_e2	-0.0	-0.0	-0.0	-0.0	0.0	-0.0	-0.0	0.0	-0.0	0.0	0.0	-0.0	-0.0	-0.0	-0.0	-0.0	-0.0	0.0	0.0	0.0	0.0	0.0	0.0	0.0	0.0	0.0	0.0	0.0	0.0	0.0	0.0	0.0	0.0	0.0	0.0	0.0	0.0	0.0	0.0	0.0	0.0	0.0	0.0	-41.3	13.89	-0.49	27.26	-23.6	0.0	-0.28	-0.09	-0.33	-2.1	-0.33	-0.77	-0.02	-1.89	-0.0	-30.03
bound_bh	F186A	repacked	-0.0	-0.0	-0.0	-0.0	0.0	-0.0	-0.0	0.0	-0.0	0.0	0.0	-0.0	-0.0	-0.0	-0.0	-0.0	-0.0	0.0	0.0	0.0	0.0	0.0	0.0	0.0	0.0	0.0	0.0	0.0	0.0	0.0	0.0	0.0	0.0	0.0	0.0	0.0	0.0	0.0	0.0	0.0	0.0	0.0	0.0	-41.1	13.89	-0.61	27.22	-24.07	0.0	-0.28	-0.09	-0.33	-2.1	-0.33	-0.77	-0.02	-1.89	-0.0	-30.46
bound_bh	F186A	fixed_e2	-0.0	-0.0	-0.0	-0.0	0.0	-0.0	-0.0	0.0	-0.0	0.0	0.0	-0.0	-0.0	-0.0	-0.0	-0.0	-0.0	0.0	0.0	0.0	0.0	0.0	0.0	0.0	0.0	0.0	0.0	0.0	0.0	0.0	0.0	0.0	0.0	0.0	0.0	0.0	0.0	0.0	0.0	0.0	0.0	0.0	0.0	-41.1	13.89	-0.61	27.22	-24.07	0.0	-0.28	-0.09	-0.33	-2.1	-0.33	-0.77	-0.02	-1.89	-0.0	-30.46
bound_bh	F186L	repacked	-0.0	-0.0	-0.0	-0.0	0.0	-0.0	-0.0	0.0	-0.0	0.0	0.0	-0.0	-0.0	-0.0	-0.0	-0.0	-0.0	0.0	0.0	0.0	0.0	0.0	0.0	0.0	0.0	0.0	0.0	0.0	0.0	0.0	0.0	0.0	0.0	0.0	0.0	0.0	0.0	0.0	0.0	0.0	0.0	0.0	0.0	-44.52	18.28	-0.61	29.38	-27.29	0.0	-0.28	-0.09	-0.33	-2.1	-0.33	-0.77	-0.02	-1.89	-0.0	-30.57
bound_bh	F186L	fixed_e2	-0.0	-0.0	-0.0	-0.0	0.0	-0.0	-0.0	0.0	-0.0	0.0	0.0	-0.0	-0.0	-0.0	-0.0	-0.0	-0.0	0.0	0.0	0.0	0.0	0.0	0.0	0.0	0.0	0.0	0.0	0.0	0.0	0.0	0.0	0.0	0.0	0.0	0.0	0.0	0.0	0.0	0.0	0.0	0.0	0.0	0.0	-44.52	18.28	-0.61	29.38	-27.29	0.0	-0.28	-0.09	-0.33	-2.1	-0.33	-0.77	-0.02	-1.89	-0.0	-30.57
bound_bh	F186L+E188K	repacked	-0.0	-0.0	-0.0	-0.0	0.0	-0.0	-0.0	0.0	-0.0	0.0	0.0	-0.0	-0.0	-0.0	-0.0	-0.0	-0.0	0.0	0.0	0.0	0.0	0.0	0.0	0.0	0.0	0.0	0.0	0.0	0.0	0.0	0.0	0.0	0.0	0.0	0.0	0.0	0.0	0.0	0.0	0.0	0.0	0.0	0.0	-44.74	18.28	-0.27	29.61	-27.57	0.0	-0.28	-0.09	-0.33	-2.1	-0.33	-0.77	-0.02	-1.89	-0.0	-30.49
bound_bh	F186L+E188K	fixed_e2	-0.0	-0.0	-0.0	-0.0	0.0	-0.0	-0.0	0.0	-0.0	0.0	0.0	-0.0	-0.0	-0.0	-0.0	-0.0	-0.0	0.0	0.0	0.0	0.0	0.0	0.0	0.0	0.0	0.0	0.0	0.0	0.0	0.0	0.0	0.0	0.0	0.0	0.0	0.0	0.0	0.0	0.0	0.0	0.0	0.0	0.0	-44.74	18.28	-0.27	29.61	-27.57	0.0	-0.28	-0.09	-0.33	-2.1	-0.33	-0.77	-0.02	-1.89	-0.0	-30.49
bound_bh	F186S	repacked	-0.0	-0.0	-0.0	-0.0	0.0	-0.0	-0.0	0.0	-0.0	0.0	0.0	-0.0	-0.0	-0.0	-0.0	-0.0	-0.0	0.0	0.0	0.0	0.0	0.0	0.0	0.0	0.0	0.0	0.0	0.0	0.0	0.0	0.0	0.0	0.0	0.0	0.0	0.0	0.0	0.0	0.0	0.0	0.0	0.0	0.0	-41.73	13.9	-0.3	28.14	-23.55	0.0	-0.28	-0.09	-0.33	-2.1	-0.33	-0.77	-0.02	-1.89	-0.0	-29.35
bound_bh	F186S	fixed_e2	-0.0	-0.0	-0.0	-0.0	0.0	-0.0	-0.0	0.0	-0.0	0.0	0.0	-0.0	-0.0	-0.0	-0.0	-0.0	-0.0	0.0	0.0	0.0	0.0	0.0	0.0	0.0	0.0	0.0	0.0	0.0	0.0	0.0	0.0	0.0	0.0	0.0	0.0	0.0	0.0	0.0	0.0	0.0	0.0	0.0	0.0	-41.73	13.9	-0.3	28.14	-23.55	0.0	-0.28	-0.09	-0.33	-2.1	-0.33	-0.77	-0.02	-1.89	-0.0	-29.35
bound_bh	I181A	repacked	-0.0	-0.0	-0.0	-0.0	0.0	-0.0	-0.0	0.0	-0.0	0.0	0.0	-0.0	-0.0	-0.0	-0.0	-0.0	-0.0	0.0	0.0	0.0	0.0	0.0	0.0	0.0	0.0	0.0	0.0	0.0	0.0	0.0	0.0	0.0	0.0	0.0	0.0	0.0	0.0	0.0	0.0	0.0	0.0	0.0	0.0	-38.68	13.41	-0.49	26.11	-20.95	0.0	-0.28	-0.09	-0.33	-2.1	-0.33	-0.77	-0.02	-1.89	-0.0	-26.41
bound_bh	I181A	fixed_e2	-0.0	-0.0	-0.0	-0.0	0.0	-0.0	-0.0	0.0	-0.0	0.0	0.0	-0.0	-0.0	-0.0	-0.0	-0.0	-0.0	0.0	0.0	0.0	0.0	0.0	0.0	0.0	0.0	0.0	0.0	0.0	0.0	0.0	0.0	0.0	0.0	0.0	0.0	0.0	0.0	0.0	0.0	0.0	0.0	0.0	0.0	-38.68	13.41	-0.49	26.11	-20.95	0.0	-0.28	-0.09	-0.33	-2.1	-0.33	-0.77	-0.02	-1.89	-0.0	-26.41
bound_bh	I182A	repacked	-0.0	-0.0	-0.0	-0.0	0.0	-0.0	-0.0	0.0	-0.0	0.0	0.0	-0.0	-0.0	-0.0	-0.0	-0.0	-0.0	0.0	0.0	0.0	0.0	0.0	0.0	0.0	0.0	0.0	0.0	0.0	0.0	0.0	0.0	0.0	0.0	0.0	0.0	0.0	0.0	0.0	0.0	0.0	0.0	0.0	0.0	-40.99	13.89	-0.62	26.89	-23.35	0.0	-0.28	-0.09	-0.33	-2.1	-0.33	-0.77	-0.02	-1.89	-0.0	-29.98
bound_bh	I182A	fixed_e2	-0.0	-0.0	-0.0	-0.0	0.0	-0.0	-0.0	0.0	-0.0	0.0	0.0	-0.0	-0.0	-0.0	-0.0	-0.0	-0.0	0.0	0.0	0.0	0.0	0.0	0.0	0.0	0.0	0.0	0.0	0.0	0.0	0.0	0.0	0.0	0.0	0.0	0.0	0.0	0.0	0.0	0.0	0.0	0.0	0.0	0.0	-40.99	13.89	-0.62	26.89	-23.35	0.0	-0.28	-0.09	-0.33	-2.1	-0.33	-0.77	-0.02	-1.89	-0.0	-29.98
bound_bh	I182F	repacked	-0.0	-0.0	-0.0	-0.0	0.0	-0.0	-0.0	0.0	-0.0	0.0	0.0	-0.0	-0.0	-0.0	-0.0	-0.0	-0.0	0.0	0.0	0.0	0.0	0.0	0.0	0.0	0.0	0.0	0.0	0.0	0.0	0.0	0.0	0.0	0.0	0.0	0.0	0.0	0.0	0.0	0.0	0.0	0.0	0.0	0.0	-41.01	13.89	-0.62	26.96	-23.34	0.0	-0.28	-0.09	-0.33	-2.1	-0.33	-0.77	-0.02	-1.89	-0.0	-29.92
bound_bh	I182F	fixed_e2	-0.0	-0.0	-0.0	-0.0	0.0	-0.0	-0.0	0.0	-0.0	0.0	0.0	-0.0	-0.0	-0.0	-0.0	-0.0	-0.0	0.0	0.0	0.0	0.0	0.0	0.0	0.0	0.0	0.0	0.0	0.0	0.0	0.0	0.0	0.0	0.0	0.0	0.0	0.0	0.0	0.0	0.0	0.0	0.0	0.0	0.0	-41.01	13.89	-0.62	26.96	-23.34	0.0	-0.28	-0.09	-0.33	-2.1	-0.33	-0.77	-0.02	-1.89	-0.0	-29.92
bound_bh	K124T	repacked	-0.0	-0.0	-0.0	-0.0	0.0	-0.0	-0.0	0.0	-0.0	0.0	0.0	-0.0	-0.0	-0.0	-0.0	-0.0	-0.0	0.0	0.0	0.0	0.0	0.0	0.0	0.0	0.0	0.0	0.0	0.0	0.0	0.0	0.0	0.0	0.0	0.0	0.0	0.0	0.0	0.0	0.0	0.0	0.0	0.0	0.0	-41.3	13.89	-0.49	27.26	-23.6	0.0	-0.28	-0.09	-0.33	-2.1	-0.33	-0.77	-0.02	-1.89	-0.0	-30.03
bound_bh	K124T	fixed_e2	-0.0	-0.0	-0.0	-0.0	0.0	-0.0	-0.0	0.0	-0.0	0.0	0.0	-0.0	-0.0	-0.0	-0.0	-0.0	-0.0	0.0	0.0	0.0	0.0	0.0	0.0	0.0	0.0	0.0	0.0	0.0	0.0	0.0	0.0	0.0	0.0	0.0	0.0	0.0	0.0	0.0	0.0	0.0	0.0	0.0	0.0	-41.3	13.89	-0.49	27.26	-23.6	0.0	-0.28	-0.09	-0.33	-2.1	-0.33	-0.77	-0.02	-1.89	-0.0	-30.03
bound_bh	K171A	repacked	-0.0	-0.0	-0.0	-0.0	0.0	-0.0	-0.0	0.0	-0.0	0.0	0.0	-0.0	-0.0	-0.0	-0.0	-0.0	-0.0	0.0	0.0	0.0	0.0	0.0	0.0	0.0	0.0	0.0	0.0	0.0	0.0	0.0	0.0	0.0	0.0	0.0	0.0	0.0	0.0	0.0	0.0	0.0	0.0	0.0	0.0	-38.46	13.89	1.53	24.91	-22.76	0.0	-0.28	-0.09	-0.33	-2.1	-0.33	-0.77	0.0	0.0	0.0	-24.78
bound_bh	K171A	fixed_e2	-0.0	-0.0	-0.0	-0.0	0.0	-0.0	-0.0	0.0	-0.0	0.0	0.0	-0.0	-0.0	-0.0	-0.0	-0.0	-0.0	0.0	0.0	0.0	0.0	0.0	0.0	0.0	0.0	0.0	0.0	0.0	0.0	0.0	0.0	0.0	0.0	0.0	0.0	0.0	0.0	0.0	0.0	0.0	0.0	0.0	0.0	-39.28	13.89	0.99	25.45	-23.12	0.0	-0.28	-0.09	-0.33	-2.1	-0.33	-0.77	-0.01	-0.29	-0.0	-26.26
bound_bh	L162P	repacked	-0.0	-0.0	-0.0	-0.0	0.0	-0.0	-0.0	0.0	-0.0	0.0	0.0	-0.0	-0.0	-0.0	-0.0	-0.0	-0.0	0.0	0.0	0.0	0.0	0.0	0.0	0.0	0.0	0.0	0.0	0.0	0.0	0.0	0.0	0.0	0.0	0.0	0.0	0.0	0.0	0.0	0.0	0.0	0.0	0.0	0.0	-41.3	13.89	-0.49	27.26	-23.6	0.0	-0.28	-0.09	-0.33	-2.1	-0.33	-0.77	-0.02	-1.89	-0.0	-30.03
bound_bh	L162P	fixed_e2	-0.0	-0.0	-0.0	-0.0	0.0	-0.0	-0.0	0.0	-0.0	0.0	0.0	-0.0	-0.0	-0.0	-0.0	-0.0	-0.0	0.0	0.0	0.0	0.0	0.0	0.0	0.0	0.0	0.0	0.0	0.0	0.0	0.0	0.0	0.0	0.0	0.0	0.0	0.0	0.0	0.0	0.0	0.0	0.0	0.0	0.0	-41.3	13.89	-0.49	27.26	-23.6	0.0	-0.28	-0.09	-0.33	-2.1	-0.33	-0.77	-0.02	-1.89	-0.0	-30.03
bound_bh	N184A	repacked	-0.0	-0.0	-0.0	-0.0	0.0	-0.0	-0.0	0.0	-0.0	0.0	0.0	-0.0	-0.0	-0.0	-0.0	-0.0	-0.0	0.0	0.0	0.0	0.0	0.0	0.0	0.0	0.0	0.0	0.0	0.0	0.0	0.0	0.0	0.0	0.0	0.0	0.0	0.0	0.0	0.0	0.0	0.0	0.0	0.0	0.0	-41.3	13.89	-0.49	27.26	-23.6	0.0	-0.28	-0.09	-0.33	-2.1	-0.33	-0.77	-0.02	-1.89	-0.0	-30.03
bound_bh	N184A	fixed_e2	-0.0	-0.0	-0.0	-0.0	0.0	-0.0	-0.0	0.0	-0.0	0.0	0.0	-0.0	-0.0	-0.0	-0.0	-0.0	-0.0	0.0	0.0	0.0	0.0	0.0	0.0	0.0	0.0	0.0	0.0	0.0	0.0	0.0	0.0	0.0	0.0	0.0	0.0	0.0	0.0	0.0	0.0	0.0	0.0	0.0	0.0	-41.3	13.89	-0.49	27.26	-23.6	0.0	-0.28	-0.09	-0.33	-2.1	-0.33	-0.77	-0.02	-1.89	-0.0	-30.03
bound_bh	N184Y	repacked	-0.0	-0.0	-0.0	-0.0	0.0	-0.0	-0.0	0.0	-0.0	0.0	0.0	-0.0	-0.0	-0.0	-0.0	-0.0	-0.0	0.0	0.0	0.0	0.0	0.0	0.0	0.0	0.0	0.0	0.0	0.0	0.0	0.0	0.0	0.0	0.0	0.0	0.0	0.0	0.0	0.0	0.0	0.0	0.0	0.0	0.0	-41.45	13.89	-0.22	27.38	-23.67	0.0	-0.28	-0.09	-0.33	-2.1	-0.33	-0.77	-0.02	-1.89	-0.0	-29.87
bound_bh	N184Y	fixed_e2	-0.0	-0.0	-0.0	-0.0	0.0	-0.0	-0.0	0.0	-0.0	0.0	0.0	-0.0	-0.0	-0.0	-0.0	-0.0	-0.0	0.0	0.0	0.0	0.0	0.0	0.0	0.0	0.0	0.0	0.0	0.0	0.0	0.0	0.0	0.0	0.0	0.0	0.0	0.0	0.0	0.0	0.0	0.0	0.0	0.0	0.0	-41.45	13.89	-0.22	27.38	-23.67	0.0	-0.28	-0.09	-0.33	-2.1	-0.33	-0.77	-0.02	-1.89	-0.0	-29.87
bound_bh	T163A	repacked	-0.0	-0.0	-0.0	-0.0	0.0	-0.0	-0.0	0.0	-0.0	0.0	0.0	-0.0	-0.0	-0.0	-0.0	-0.0	-0.0	0.0	0.0	0.0	0.0	0.0	0.0	0.0	0.0	0.0	0.0	0.0	0.0	0.0	0.0	0.0	0.0	0.0	0.0	0.0	0.0	0.0	0.0	0.0	0.0	0.0	0.0	-39.64	12.55	-0.69	26.02	-21.82	0.0	-0.28	-0.09	-0.33	-2.05	-0.01	-0.64	-0.02	-1.89	-0.0	-28.87
bound_bh	T163A	fixed_e2	-0.0	-0.0	-0.0	-0.0	0.0	-0.0	-0.0	0.0	-0.0	0.0	0.0	-0.0	-0.0	-0.0	-0.0	-0.0	-0.0	0.0	0.0	0.0	0.0	0.0	0.0	0.0	0.0	0.0	0.0	0.0	0.0	0.0	0.0	0.0	0.0	0.0	0.0	0.0	0.0	0.0	0.0	0.0	0.0	0.0	0.0	-39.64	12.55	-0.69	26.02	-21.82	0.0	-0.28	-0.09	-0.33	-2.05	-0.01	-0.64	-0.02	-1.89	-0.0	-28.87
bound_bh	T166I	repacked	-0.0	-0.0	-0.0	-0.0	0.0	-0.0	-0.0	0.0	-0.0	0.0	0.0	-0.0	-0.0	-0.0	-0.0	-0.0	-0.0	0.0	0.0	0.0	0.0	0.0	0.0	0.0	0.0	0.0	0.0	0.0	0.0	0.0	0.0	0.0	0.0	0.0	0.0	0.0	0.0	0.0	0.0	0.0	0.0	0.0	0.0	-41.5	13.89	-0.48	26.61	-24.34	0.0	-0.28	-0.09	-0.33	-2.1	-0.33	-0.77	-0.02	-1.89	-0.0	-31.62
bound_bh	T166I	fixed_e2	-0.0	-0.0	-0.0	-0.0	0.0	-0.0	-0.0	0.0	-0.0	0.0	0.0	-0.0	-0.0	-0.0	-0.0	-0.0	-0.0	0.0	0.0	0.0	0.0	0.0	0.0	0.0	0.0	0.0	0.0	0.0	0.0	0.0	0.0	0.0	0.0	0.0	0.0	0.0	0.0	0.0	0.0	0.0	0.0	0.0	0.0	-41.5	13.89	-0.48	26.61	-24.34	0.0	-0.28	-0.09	-0.33	-2.1	-0.33	-0.77	-0.02	-1.89	-0.0	-31.62
bound_bh	V146E	repacked	-0.0	-0.0	-0.0	-0.0	0.0	-0.0	-0.0	0.0	-0.0	0.0	0.0	-0.0	-0.0	-0.0	-0.0	-0.0	-0.0	0.0	0.0	0.0	0.0	0.0	0.0	0.0	0.0	0.0	0.0	0.0	0.0	0.0	0.0	0.0	0.0	0.0	0.0	0.0	0.0	0.0	0.0	0.0	0.0	0.0	0.0	-41.3	13.89	-0.49	27.26	-23.6	0.0	-0.28	-0.09	-0.33	-2.1	-0.33	-0.77	-0.02	-1.89	-0.0	-30.03
bound_bh	V146E	fixed_e2	-0.0	-0.0	-0.0	-0.0	0.0	-0.0	-0.0	0.0	-0.0	0.0	0.0	-0.0	-0.0	-0.0	-0.0	-0.0	-0.0	0.0	0.0	0.0	0.0	0.0	0.0	0.0	0.0	0.0	0.0	0.0	0.0	0.0	0.0	0.0	0.0	0.0	0.0	0.0	0.0	0.0	0.0	0.0	0.0	0.0	0.0	-41.3	13.89	-0.49	27.26	-23.6	0.0	-0.28	-0.09	-0.33	-2.1	-0.33	-0.77	-0.02	-1.89	-0.0	-30.03
