path	sha256	bytes
followup\archival_coverage_curve.tsv	b1b07f9034aaa445de208b4218033d191d9133bef212d450b4060b957a88a9c6	6730
followup\balanced_development_panel.tsv	a3b0cef2052823b4ffe61e41fa7388dacf32bf313fab73beae6f5ca66eca1f4c	212322
followup\balanced_genotype_coverage.tsv	eeab64a7dfc60c4bfdea88f897965a6cf99043ef87f4d6a6f069548e8709899f	198
followup\balanced_only_panel.tsv	652441e9b0608e37b4007eb8b60edddb5d249af42de8afa46edce11aa60dfffd	15316
followup\balanced_panel_summary.json	f4e8dc3b74c34e965c7f73cfc605a87e5723bdcd47f21b929bfca8f639c411a7	300
followup\benchmark.tsv	6c1a807b7a346858553bd8842dea782942d25bb5255527736c33411ad202664c	76526
followup\benchmark_summary.tsv	2a9739e7a29fab3f646904bca1f2010d2534dba6d48c997a2349bd8b06f46623	8977
followup\code_manifest.tsv	8b5127dfb2def8ee15cfef0f5cc2ce867f33c7ebbd34bbdf0165322788296afc	469
followup\control_contacts.tsv	a6d214d4d36455abb17ac44cb224c1214378c0720fa4c09519c3dbb80b77083c	5007
followup\coverage_curve.tsv	b41b0f47cd4865534ab0fafef0beaa119ee43c17c2ace23499b96e9d23a43fc3	16400
followup\coverage_summary.json	4a825487e35a36510fb5e710f50091b3bf02289ab0a905d938e8806a8efbc2c2	1441
followup\curation_audit.tsv	b30b1641c1139cfdb3f42b82b54928c8305e8c4ed2b8c768a5257c99f7ccfb3b	401
followup\development_panel.tsv	c775dc5ebbc9ad4a3328a63d20dcf578299de4601e48a44b1d70238f49ec5f7f	197098
followup\development_sequences.json	968844c8e209cc72c049019e6de9727d9a8fafa0c083542d39400a73d5e33a78	373715
followup\downloads.tsv	b96ce4bf9aa06b6880ca54adc9af5d3a0347bee417346780b10909460a508222	29150
followup\energy_terms.tsv	888626e5674d40e121ab0ffa9c93dfbf093e7ff9dcc6a66fe408d397ba214c92	108680
followup\figures\benchmark.pdf	0e405acd5d51b50d7c5ec3fcf7835588142a8316a2acaad6170cdb135239c8a4	17335
followup\figures\benchmark.png	52f2af7d10364d55d411051e74d4cf2b3b5c0f71aa5da9ba6fabf743cde6793d	65731
followup\figures\control_deltas.pdf	e31d27546c8287fdb5ddcb9468a8fdf3a8af2f63cc770f23f29fce4062180496	27760
followup\figures\control_deltas.png	7e9851bdf9199daadab7230ccf34f3db74197b493aa6c749a57b732bf8374f9e	106476
followup\figures\coverage.pdf	c94b40560431af0b24452cc8424c29ef2bbeac08df06679cbbf0f9717fc55978	13837
followup\figures\coverage.png	82ec457a9c633458cff73493228c9fc70ce72af51920bc017429425d9be07f45	83232
followup\figures\genotype_coverage.pdf	7907403c4ad4118b808a0cfa86cfe47abf49c951dd582ee1352facaf40e16b7a	14508
followup\figures\genotype_coverage.png	ac41ea25beafd5c6fcc0f0c01ca471fa38f952f90aafd0d26ce0f7bd14e0d146	48725
followup\figures\geometry.pdf	736264d667307398909a06c11bdcaa2526a8cf2440ea991d9419f273bc6f77a1	17322
followup\figures\geometry.png	5b7add1ec00dcf5c5a7420033584b9f068ce5d331055d36c6e11b9bf5fb2a8d8	74701
followup\genotype_counts.tsv	56bd07a21ee77b6aaa83d11ae7ab1504486f515ee39a17145b0a4f785c028dd7	533
followup\genotype_coverage.tsv	4cdce8f389df90374a16788f200da1492085d46a74c7280b0700d784d51577a8	209
followup\ground_truth.tsv	16a020a024ac2c3d9da0e987123dd3076bf98df53d0a3b03d2540fc141ae465d	21444
followup\interface_positions.tsv	9fcac823120b543393f727e67491b51df216dd4c33d9940d28de57c6d49897a3	3724
followup\logs\archive_C157S_BuildMutant.txt	a716452c682cb05517bb85b2dadec1d4b05ec1793b9e92cdd94a2453f95a0d80	1592
followup\logs\archive_C157S_ComputeBinding.txt	fe79dbdeb73bef5f860dd2035a8a3ca45032d89e1a3cb8f2aad1984aad838d24	3575
followup\logs\archive_C157S_fixed_ComputeBinding.txt	a0390093c14ecbe144300e940b9d8410da8f67ce2f80b3dedeb8cd84d8c5c888	3575
followup\logs\archive_C157S_repair_RepairStructure.txt	c16cfac7e6586a006f5ced78619bd9cc2dbbeb79f124796045cbb391f551cefd	14843
followup\logs\archive_C190R_BuildMutant.txt	bf4089c4eef471f113df3549818f9640231653e3ad7f43c91713bdc1463d790c	1592
followup\logs\archive_C190R_ComputeBinding.txt	c07334d19c5766c080a74ae29f7618c5aff7b675e5a39184231a3126bbe08e4a	3575
followup\logs\archive_C190R_fixed_ComputeBinding.txt	1941a1006d05041c096118b8e8856d169e8f9bba7ff80b0f673eb8c0b78c8f84	3575
followup\logs\archive_C190R_repair_RepairStructure.txt	db974fb7010bdb9addab4fb21845cfea0d6ddfa8124206e1d1016d0534e3c2ed	14777
followup\logs\archive_D196A_BuildMutant.txt	5dd333ff2c8eba96f409761c33a784aa04222cd6552cb08f82b8a99d7b8ac173	1440
followup\logs\archive_D196A_ComputeBinding.txt	55bed2ae68de86ea92a067e795a84fd242b3ee14da2bb80a0b2c094b17a92876	3575
followup\logs\archive_D196A_fixed_ComputeBinding.txt	afe743f5cea064c993c3400c96484dd01fc22eddbb83c71de7462ddff127f964	3575
followup\logs\archive_D196A_repair_RepairStructure.txt	66fd44d073369c0302764d0c95817a3aac0d153263176b4bf3ea8cbe7b4fae4e	14695
followup\logs\archive_D196E_BuildMutant.txt	a548f63a44dfed15b7ff2e0bb4a636d5896471739367c98f6798588c03634cd4	1440
followup\logs\archive_D196E_ComputeBinding.txt	43a5b95825d0a3ad209a6f00f174c0e86b5ae9db5d8574308748f97f48ff7fe7	3575
followup\logs\archive_D196E_fixed_ComputeBinding.txt	158d145ace8f705ed9c81a5be36b6b8af75b0fa15d493e3c8608e967ae9e7b47	3575
followup\logs\archive_D196E_repair_RepairStructure.txt	d213c0ad9cfc25f41be23206ebf6762bab099c68b71eb567432d84c06520e92a	14736
followup\logs\archive_E188A_BuildMutant.txt	0f1af64a83cda41f4e01bc49e860db0fac61eabf8ebd54a439b6d9404ef85f05	1497
followup\logs\archive_E188A_ComputeBinding.txt	25b7e732024cfd646c24ada6423326ccc44927f967f1e5135e23c2fbeeb247df	3575
followup\logs\archive_E188A_fixed_ComputeBinding.txt	59ba4ac8a916578a6e3a31b6937d3808731ef517b01c9eee3c17eb717d5fe93b	3575
followup\logs\archive_E188A_repair_RepairStructure.txt	8d0233b6d9ed9ab623441086bab027ca703cf0f1cafef731aa52eb90faa1581f	14695
followup\logs\archive_E188K_BuildMutant.txt	62de7e978ad7a5b2c4ce37c01979eee2f563cb4f4f66fd3af736cbd9bed3ee1c	1497
followup\logs\archive_E188K_ComputeBinding.txt	de6e7bb2994cec08c775a0f78fa39e3c5d8ed20106b93543f0aaf51ffce08492	3575
followup\logs\archive_E188K_fixed_ComputeBinding.txt	a37321bc02fb06eaba5a02e1acc206052a5907d161c478602438497fe4904162	3575
followup\logs\archive_E188K_repair_RepairStructure.txt	9baa9de8f2a200c3d740ced4c3f4f0fd3e07b4db8adc40f90d7016bac34bb75c	14736
followup\logs\archive_F150S_BuildMutant.txt	29cc78b8d5a3f37b566f2ae472345c2462d66bf384a45df6497a28ad4297e390	1535
followup\logs\archive_F150S_ComputeBinding.txt	38eeaa32d91c0d4485c896d96de35cf268795f35e6962702337e7f103d4e000f	3575
followup\logs\archive_F150S_fixed_ComputeBinding.txt	06741050c91ad49ce91becf7b1aae02674c66c68b992bb30a9a8f33e4bdd7f2e	3575
followup\logs\archive_F150S_repair_RepairStructure.txt	84ac37924134f144cc7fa958cda951601b686570115c85ffb1bc63b0bb3712a4	14802
followup\logs\archive_F186A_BuildMutant.txt	0bd37ceaa077cd327052f71ecd7a9302cb0ea1facbccfc1d2b8bb271bfff9e0a	1440
followup\logs\archive_F186A_ComputeBinding.txt	a29ac4b0feecfd1f2cb9d13eac2be8941d1f9ad271592d6e039f6a130618b983	3575
followup\logs\archive_F186A_fixed_ComputeBinding.txt	7a7e435423903372b4a955e9965a3e388a3b0c6d7748c44e254b225702bf6926	3575
followup\logs\archive_F186A_repair_RepairStructure.txt	2065c838dfbc1d28b848e04fb8f397436388cc068e72f2b1d7f2697252cc7c17	14695
followup\logs\archive_F186L_BuildMutant.txt	37326012fd6d21e8cbff06fd9ba726ec89ec2ba414472952f2457b561f179997	1440
followup\logs\archive_F186L_ComputeBinding.txt	cc56a014532ebbcf930f99e099219bf436294bdafe69ca92f07ad349128a6c9c	3575
followup\logs\archive_F186L_E188K_BuildMutant.txt	ad6a49fb925ab4fdb140f4f9e1d9346dcbe55e04043e8f49a624a0fd3f2f572a	1630
followup\logs\archive_F186L_E188K_ComputeBinding.txt	14bf6cef16a1b3ea32826b23c55354088df329e232916afcfb6bc99f90237e3d	3575
followup\logs\archive_F186L_E188K_fixed_ComputeBinding.txt	73c8c56a584739d718ab5fbe982f0f7a501e2afcf41f8df4a881186c6d9d60b9	3575
followup\logs\archive_F186L_E188K_repair_RepairStructure.txt	eb9bcc176b95662380464ac202c94b15c2895e5525c4e0a9bfbb9dd2cc3614cb	14736
followup\logs\archive_F186L_fixed_ComputeBinding.txt	bc39415dad083520f06b197b783092a12428d8a7d21086abeaac99d1a7d9ff11	3575
followup\logs\archive_F186L_repair_RepairStructure.txt	8389eaa842b2780cb772400af810ce641cd6d0cb627ba9ca5f91cca2f7abdf23	14736
followup\logs\archive_F186S_BuildMutant.txt	e911ed16d9c052436469d21b42e0764b7b4c2ce0149c4e9339adc1cb8fb545a8	1440
followup\logs\archive_F186S_ComputeBinding.txt	afd7f95adb1929857634c782aa46d5c6ffdc5f948e25bc6bb21567c9b0a601eb	3575
followup\logs\archive_F186S_fixed_ComputeBinding.txt	95d87ca2ab4f0d3767275b2fa9f34a9bfb5af8c69175f1d2f125bb6be3ba1232	3575
followup\logs\archive_F186S_repair_RepairStructure.txt	4977b1e558aed0eca6fd17502d54969dd3557b213db6ee427f6c8edc29c8d053	14802
followup\logs\archive_I181A_BuildMutant.txt	187963e28eef46ff8adbbf8440ce395f0e1af691de608169ca56c7de2a7ca296	1554
followup\logs\archive_I181A_ComputeBinding.txt	aa62c85df82ee418ed1502cae7245b00d429090c050cac28145cbd92d85fb5c1	3575
followup\logs\archive_I181A_fixed_ComputeBinding.txt	1049c486fae0837cbf461f20a89d0d597bc1f25c7b94c6555682fb3a1b94984c	3575
followup\logs\archive_I181A_repair_RepairStructure.txt	75940a8842d0688746b83db4d22d75cf2156e2ebc419e70d968cc88c3dc2d6c4	14695
followup\logs\archive_I182A_BuildMutant.txt	facc0134433c48574f1e25b1c5c5f0e09fef5dee9c0a7ace73b118b8241748de	1478
followup\logs\archive_I182A_ComputeBinding.txt	dae88969011cdd409ac1aa993710577caeab1317aff7079e4a3986ae2409695d	3575
followup\logs\archive_I182A_fixed_ComputeBinding.txt	7d58c142b150b3d3eddbadcafdef10972e19cfdb0a4e93cadd2f1fdc501690a8	3575
followup\logs\archive_I182A_repair_RepairStructure.txt	311139cb3413acd2b6a7f0ddcf5cda9b8141daafa7d8415f17aa5c8f37121487	14695
followup\logs\archive_I182F_BuildMutant.txt	c44e07101be37c856ee78c66dce044853f93a0f075893e00d36e8f6fa37eab7b	1478
followup\logs\archive_I182F_ComputeBinding.txt	c5c28376d9b5ddae5b34199885bded2d192cf791be1cbdb2ea697b2795fa72f1	3575
followup\logs\archive_I182F_fixed_ComputeBinding.txt	35267e973053a4576a128a504e415268bc93908e3e4714fffcbd2a744342f608	3575
followup\logs\archive_I182F_repair_RepairStructure.txt	d6ea84fe3c356063728d27e1200be456dadd0c17a17c55e7ee523baf1c3e0eb9	14736
followup\logs\archive_K124T_BuildMutant.txt	55a034c5d8f1603025174b0bf82cd968ed20b6ee85a75f70b45370e09de3cae0	1516
followup\logs\archive_K124T_ComputeBinding.txt	df059853daaa0679767f9ea14b677e35541c35521685ef68e7478240fc7a9477	3575
followup\logs\archive_K124T_fixed_ComputeBinding.txt	e18a13517463c2325d51d9fb604ad77e2641a45f07e04309489d15168bddb90f	3575
followup\logs\archive_K124T_repair_RepairStructure.txt	2492794750973747e8518ee95a47bf7f58e30d0a5999aafe307c6a37cc768829	14802
followup\logs\archive_K171A_BuildMutant.txt	c14478ba74a1129fbde08051df21be25c18a1788a1fd2c8182c1f3db49e51c7d	1440
followup\logs\archive_K171A_ComputeBinding.txt	04cb4d9e8a6c1ee6337b92cb1f5af426f03c5ec3457c31457dfa3de35f567110	3575
followup\logs\archive_K171A_fixed_ComputeBinding.txt	065aeed8db69588ba4c1f614ec15fcb591f7a9a80c1ac7a4851c8564d9299ab7	3575
followup\logs\archive_K171A_repair_RepairStructure.txt	19ca7a9061eee7615492cf88a475d1a5a8b2a43c964b625c9ff041261f9c35ba	14695
followup\logs\archive_L162P_BuildMutant.txt	1f6ea503cbd4e537860e69acdf835308248f39105de80c5f3d2c186d6e86616f	1535
followup\logs\archive_L162P_ComputeBinding.txt	172c159900c9b0d7c1a8ff5b3a0063d7c0fcb31f839dbaeed934598a000fef26	3575
followup\logs\archive_L162P_fixed_ComputeBinding.txt	2d70def80f6815dd8a7f105b60ad5884d80722b2049303e9d88234c5091c0de0	3575
followup\logs\archive_L162P_repair_RepairStructure.txt	269f3beabca4f5647ca8f17d5bb2f1ad06f0027fd27e7f7ae7b41e3ab78869fc	14736
followup\logs\archive_N184A_BuildMutant.txt	7179aacf443c60bac4ceb57ec07bcbb58c02cef171d73ddfa9aef2ccf5722820	1592
followup\logs\archive_N184A_ComputeBinding.txt	da63120bca7d15ec289c379e63c4692cf43d080cc94d9ca826cc69823ad460ef	3575
followup\logs\archive_N184A_fixed_ComputeBinding.txt	b5a3f2779d9ca42134489e5dd0925fa584a02c122b402edde73e177aa3a672d4	3575
followup\logs\archive_N184A_repair_RepairStructure.txt	d6360d571a40003a5d092622d84e12f94605a9fee3dc9b687431083dfe9f0661	14649
followup\logs\archive_N184Y_BuildMutant.txt	7a1a5224ced2061e10bcce50f2ae43ee13c31a73b4cceb2ed40e6f02db48a02c	1592
followup\logs\archive_N184Y_ComputeBinding.txt	d42a768293fa49422cba383e1784e1b89b11b8a4dc266f81944ab5710661ebf3	3575
followup\logs\archive_N184Y_fixed_ComputeBinding.txt	e49a9b93095bb9ecd2984c603bade2ecffbde94649731ceb155118a6bdd4fdd2	3575
followup\logs\archive_N184Y_repair_RepairStructure.txt	8efe5d736441878386f5522aedf20f1fd0a0910ee0de89952ede9210a6325d76	14756
followup\logs\archive_T163A_BuildMutant.txt	5e02bcf386b43713006046eb9e0240ed62ceafd17a2d3561b6c18528e87e7232	1535
followup\logs\archive_T163A_ComputeBinding.txt	e1e81b9de2153ee0b6064eef624b6384578e4da9b069b6642f83e0745ec3b6a5	3575
followup\logs\archive_T163A_fixed_ComputeBinding.txt	6dc65b5daadbc8e051f54a309ee087096949ae59653646b2c7b516582720738d	3575
followup\logs\archive_T163A_repair_RepairStructure.txt	584da748ab3d23687e847d75f68c57300b65724535cc62fcf0cc00b5472252e8	14629
followup\logs\archive_T166I_BuildMutant.txt	0d53100d6531b37f70881fab056d65a19ea507b67f655a73e06790c00e6e5692	1554
followup\logs\archive_T166I_ComputeBinding.txt	db33ae51ecd39c900ea821f2739fef25baad7ef779af91d92f01c2e180a8f712	3575
followup\logs\archive_T166I_fixed_ComputeBinding.txt	5532f81a04f9b3b5ba2534c188ef2c2ffffac7c1e67c07c6bc748c0e866979c6	3575
followup\logs\archive_T166I_repair_RepairStructure.txt	88b8ab3c5d59428e1c1b99a111c46a53707ee70d483bc71103bd6611c0579511	14670
followup\logs\archive_V146E_BuildMutant.txt	5523b9ce81d47c31755167bd0811793ad825183a905c00e7ea6c7468ef12455f	1478
followup\logs\archive_V146E_ComputeBinding.txt	b4af983e950fafe451bfac433914fc8da9b1eb9593c6d365ebde3212891f0e70	3575
followup\logs\archive_V146E_fixed_ComputeBinding.txt	c259c87c1edaea29e76ed578304a0c6788a00f256d8e8dbcb04d1ff53d7cd16e	3575
followup\logs\archive_V146E_repair_RepairStructure.txt	4ae856865c132f176946cc949e232c42ce54c205b0de276cae95524842d8924d	14736
followup\logs\archive_wt_ComputeBinding.txt	c42ac375edde4e20fac10c30b9e16efd68dfa5e1f114da65963b834394c5a64c	3575
followup\logs\archive_wt_second_fixed_e2_ComputeBinding.json	8d303029695a7abcb4f96db724b521ab01d6b4df8e4b1ac493ecefc986a77121	478
followup\logs\archive_wt_second_fixed_e2_ComputeBinding.txt	c36156ee0d3e49f17ae7ae5ee41beab8f57526d628db9815c71f19d9e5817124	3575
followup\logs\archive_wt_second_repacked_ComputeBinding.json	98d7dd4184c81fa97fa7fe897e787e6c7388b878be4fde3b02778cdb5312ad7d	478
followup\logs\archive_wt_second_repacked_ComputeBinding.txt	778454eed31bb706c9451414d7d24e2a76e4685e1223fbafd8ef112655fa5949	3575
followup\logs\archive_wt_second_RepairStructure.json	766ed36196a7b477d9795978ffb033196b865e8100392e3ef0090399c782a296	459
followup\logs\archive_wt_second_RepairStructure.txt	28aa898c937710abeb9f707200ca98cfcda1ba85887fa2a51786d80fc2cc7a72	14736
followup\logs\bound_ae_C157S_BuildMutant.txt	85db32bdb9f8f3e3ba26c048da305e74f2f437a82cc5ea9ec328a73313769512	1535
followup\logs\bound_ae_C157S_ComputeBinding.txt	18d1b906dde0a9747db9cfa607ecf08b3b63c7f3445810e2a1d36ffdd15c2f4f	3575
followup\logs\bound_ae_C157S_fixed_ComputeBinding.txt	f863714b4aaead0841fc980ae345314b470be81ab4048dbddaa85ad57e7b63bc	3575
followup\logs\bound_ae_C157S_repair_RepairStructure.txt	e5f304721d657318955cc5ffe49f8c6d58ea76957abde401c826edbd7c70f658	14464
followup\logs\bound_ae_C190R_BuildMutant.txt	80db05359429cc8039572a212c85616ad0eeebf4866f2a9d475e6a6bf6617580	1535
followup\logs\bound_ae_C190R_ComputeBinding.txt	2376547e008d8e693d827d23c320ac9d96a10f37b68a44e7a4937bec829e046d	3575
followup\logs\bound_ae_C190R_fixed_ComputeBinding.txt	d5d8d4b680b5cd9e4abcf96c3807226d9b675b726fa0d36daff505e21ff5e462	3575
followup\logs\bound_ae_C190R_repair_RepairStructure.txt	83f03adc85aff5539c1ecdc6d1f72011db1ac344531c06338ca50b9ba2ae9722	14398
followup\logs\bound_ae_D196A_BuildMutant.txt	40ec37b278df82cb5848bbe2d41169a5aa4749bec533625d95d3466b26592225	1383
followup\logs\bound_ae_D196A_ComputeBinding.txt	329adac702f446f411e7e22ddb52b6c359c12562be68da07b28a56e87fcb55b8	3575
followup\logs\bound_ae_D196A_fixed_ComputeBinding.txt	5aa74dc964a282ac98dd9994fb7ce9cfdf36a50eaca2a3b4db2faf3cbe32ddb6	3575
followup\logs\bound_ae_D196A_repair_RepairStructure.txt	a40e090061afefe1da9e24ba6cfdf70f6a68ede42eccb11ed1c1662c974dc11b	14316
followup\logs\bound_ae_D196E_BuildMutant.txt	40ec37b278df82cb5848bbe2d41169a5aa4749bec533625d95d3466b26592225	1383
followup\logs\bound_ae_D196E_ComputeBinding.txt	d115cf9a7fa549989024737d37f15cbd1a82115407677b6558b06664dd6d7959	3575
followup\logs\bound_ae_D196E_fixed_ComputeBinding.txt	3a0ab87d5e9e16823c40d05f561f1939703219513836b7fe37885e1978edf3e7	3575
followup\logs\bound_ae_D196E_repair_RepairStructure.txt	d79484da94ec185b104dfebe90064bd599045581148694081ab5b76f821a1146	14357
followup\logs\bound_ae_E188A_BuildMutant.txt	93d09abf798c9811014db59da70cc3573fb2f092e3c8e0ccf0d0ae31ccb08674	1497
followup\logs\bound_ae_E188A_ComputeBinding.txt	696c4f9e412e94b8372f63ea4dbbef48e1f11ff656ea1281c37c5f9a7158d8b4	3575
followup\logs\bound_ae_E188A_fixed_ComputeBinding.txt	3f738c293c1d5d6b0755a95965249254f824efebed9ff1753bce0afbf7ec16f8	3575
followup\logs\bound_ae_E188A_repair_RepairStructure.txt	53f8dd5ceb41678bb19c7f2224c93a3e562662aa24e3804c3c6f83792f6e4245	14316
followup\logs\bound_ae_E188K_BuildMutant.txt	534f324c9bf647f60e3bc91aa2f3576f30ae46e8fe2fbb2d612eaac9e62feec7	1497
followup\logs\bound_ae_E188K_ComputeBinding.txt	7f0b1474864a097645c2b50d5d7976cf747fa7f63d47f84cdac175f362c547c0	3575
followup\logs\bound_ae_E188K_fixed_ComputeBinding.txt	5162a517dfe28e84092955409f8486f48db0aabf7441ddfe5e8994c31c1ccc60	3575
followup\logs\bound_ae_E188K_repair_RepairStructure.txt	f0b602efb7d1879392d60bfaeb5717f480aa1591ab8f1537dc822b19a251ba8e	14357
followup\logs\bound_ae_F150S_BuildMutant.txt	ae9ac7e822eff22073145d016a220039497ef4fc83f795189a509dd3cfd2b041	1459
followup\logs\bound_ae_F150S_ComputeBinding.txt	2c8bddb26dc0a86a1f557d55eafb0c92bd80a63f3480c6c276b41afef1b8beb6	3575
followup\logs\bound_ae_F150S_fixed_ComputeBinding.txt	2950a4e731354135ae0af5a9fea23c5420f0e882a6380428f75b4a1a689fe1d8	3575
followup\logs\bound_ae_F150S_repair_RepairStructure.txt	52a04a53f89180b6cf455f437f5151be01feaaa6729819110b7ff6e6d947ad88	14423
followup\logs\bound_ae_F186A_BuildMutant.txt	68f2a8338087fcfa1e7ef2841b715f562a47aa9d4f8a8e55b17b19e1b8a14551	1421
followup\logs\bound_ae_F186A_ComputeBinding.txt	5fd69ece7e4ea32790b4a73848347108e46e172944cfe7b8cb8377cd41c8cec0	3575
followup\logs\bound_ae_F186A_fixed_ComputeBinding.txt	6c2d485a66e273aa32bc55cf419d4548db329bef7b03833c3ff71dce98984b81	3575
followup\logs\bound_ae_F186A_repair_RepairStructure.txt	9e560f5678a565ea67f1c6477064102f9543eea853adfaa41edc98516837ad04	14316
followup\logs\bound_ae_F186L_BuildMutant.txt	bd281ad0988b9a5d3275a050ef83707c5c71108c0a724c6bebb6be24708afd21	1421
followup\logs\bound_ae_F186L_ComputeBinding.txt	554a7899d6f21b084bbdc71b95b0b6adab5dac03e81d8fcef2bf95d52f38fa7c	3575
followup\logs\bound_ae_F186L_E188K_BuildMutant.txt	8f3daaf14089f1b8860e2a7ba87066b2e50bfac72fdaf2e592fdfc82cbe88f5c	1630
followup\logs\bound_ae_F186L_E188K_ComputeBinding.txt	0366eedf55decefdcb2ab7673d0740f265836500f00d14cb2d2bf4f0f0aef1e4	3575
followup\logs\bound_ae_F186L_E188K_fixed_ComputeBinding.txt	108b3e13eb15d7f40244bc4b992e2beaade56f75beacbf408713161778023c1c	3575
followup\logs\bound_ae_F186L_E188K_repair_RepairStructure.txt	e95965e80c2a722c2f51968339b8714e27f0a23a42b66841e38b87e121147638	14357
followup\logs\bound_ae_F186L_fixed_ComputeBinding.txt	cdf67432549490ee5dbbab7585374d09a3a659dd91bc27a4bcda12564d40823c	3575
followup\logs\bound_ae_F186L_repair_RepairStructure.txt	09a27b7a3f644233485eb3c570e105628a8e5841e1996b686dbbd486dc9c64d5	14357
followup\logs\bound_ae_F186S_BuildMutant.txt	4cdb4ad6de49d0a9504eb00b4e811c0a6babdd53e7786e40a0d291d8a936e2ec	1421
followup\logs\bound_ae_F186S_ComputeBinding.txt	e13aa946aea8f5823731bdada457d6a1b03b5310c4500e6e7315b4072c11f2a3	3575
followup\logs\bound_ae_F186S_fixed_ComputeBinding.txt	629d7f1d6c9593be0a6064f48cca3821bc756adf765b7f0123cdfd5782aca362	3575
followup\logs\bound_ae_F186S_repair_RepairStructure.txt	6474c5512e647bd7132f2a902f8d78ed5deb2b6e6674ff32b66667ada78a214c	14423
followup\logs\bound_ae_humanize_BuildMutant.txt	de40f7a78214c911da3246bc9797688d1c21850a49886af77b97da663e745c6e	31770
followup\logs\bound_ae_humanize_repair_RepairStructure.txt	fda6b6f4c6e34b82fd2328a52bea552531f6e79d51d59824a3545d68cd2888a4	14357
followup\logs\bound_ae_I181A_BuildMutant.txt	0bafa9e4fb50067422fb0cd13dabd7710d76f326ac2e33c5ff80c80639ca54c8	1364
followup\logs\bound_ae_I181A_ComputeBinding.txt	e408262b4e942f7db4ec47bd181ec8bfcd37ab504c11c82857b5f06ce654ba30	3575
followup\logs\bound_ae_I181A_fixed_ComputeBinding.txt	bad37ef52ec9c08110984cdd2eb502de4e70fc6012030b34ef3dcaa33ca42ff2	3575
followup\logs\bound_ae_I181A_repair_RepairStructure.txt	17a7b1bb2c6e6349818a5847ab7f196a39747d0220e1afe18634e4d9f53592be	14316
followup\logs\bound_ae_I182A_BuildMutant.txt	f024a358ca6db1a64ef3046cb5376f894d237946690b05758a3ad2cf436de351	1402
followup\logs\bound_ae_I182A_ComputeBinding.txt	23fe10a8fe074c374cebe9a1954f702b175e05e0b841c064ed66cf0693ee5b6b	3575
followup\logs\bound_ae_I182A_fixed_ComputeBinding.txt	6fb9ed457533503e205c71a72b54e5396ab22a72379272a4b40875391bff0fd9	3575
followup\logs\bound_ae_I182A_repair_RepairStructure.txt	4595951a2df40fa1e3475ddcc54049768095707523ec933ce05239a3072d8e4a	14316
followup\logs\bound_ae_I182F_BuildMutant.txt	f090f7cb2cb1e260adc6fcfce663f7b2cc6df29f2dfe57b2ac10ae3b8b88f854	1402
followup\logs\bound_ae_I182F_ComputeBinding.txt	0cc96ca890951b458679d4cfce205430001b0f287dda25e8c77e4861b8f095ed	3575
followup\logs\bound_ae_I182F_fixed_ComputeBinding.txt	a60a4c71638d67e33cfd6796c0cf013f85c204e500829468e08531ab6a02c822	3575
followup\logs\bound_ae_I182F_repair_RepairStructure.txt	dfe9ee2e9b7b319fff31e8b4517e38a3cb883b5d0680bca8be4d9dbc3f36d99c	14357
followup\logs\bound_ae_K124T_BuildMutant.txt	afe9a931dd97211ab4a664f7c0b5f693ea09d2be34b0fbfb2e2cd74a689729cd	1478
followup\logs\bound_ae_K124T_ComputeBinding.txt	38d5fa8ce0601f3b13b904925c9dba64e1dd75c1ae5b1d28bf88a65740e0bc5a	3575
followup\logs\bound_ae_K124T_fixed_ComputeBinding.txt	2b03b9a65791d16363a6f60dbd8da7e702c190f8551bcb5fbe5c76caf1cb7323	3575
followup\logs\bound_ae_K124T_repair_RepairStructure.txt	45d6f75012c834d5c511ef143590b8fdcbf56166f233be45a8f091f59ea9c45a	14423
followup\logs\bound_ae_K171A_BuildMutant.txt	82c294f219698977dd0955a8aec1d120430a67446c8617537db29c5b26720cc1	1440
followup\logs\bound_ae_K171A_ComputeBinding.txt	124b951c4dc021185e7bab7d6b8f20210efdd2ea4dab6e43236e4713a1207244	3575
followup\logs\bound_ae_K171A_fixed_ComputeBinding.txt	26af8d94902c1c168acf42f4e6fc0dfde3005b0f92f3429af04c5578094c16b2	3575
followup\logs\bound_ae_K171A_repair_RepairStructure.txt	59459608b67dfb71e05a9c31445743b78491d2cc821b994f0b824b7b3fbb3c80	14316
followup\logs\bound_ae_L162P_BuildMutant.txt	e082b7873d0164feb877e9b0ea21fa57eceb17293722d9192f9113be698eadd8	1459
followup\logs\bound_ae_L162P_ComputeBinding.txt	bdc3315b81bc12d5b9756a9cd7fe38c68c06bf4af0b491fc789cc9c58fc2a3d5	3575
followup\logs\bound_ae_L162P_fixed_ComputeBinding.txt	ff38c43268aaf4e47ceb9dce478f2a5c6060d9358f0d4cf887f29f0ecd674e57	3575
followup\logs\bound_ae_L162P_repair_RepairStructure.txt	99cd706befe98f7ff326e39fec436002ced9877f6ee094b63fdc4395e3f39318	14357
followup\logs\bound_ae_N184A_BuildMutant.txt	95bd8fac6cf3a6d888c6275448b53c1ba051f44a104b8facadc77371a7035d88	1459
followup\logs\bound_ae_N184A_ComputeBinding.txt	b26ead478f25fa4cf9a197e830708a310197dd085674895037dafd44bacc7eba	3575
followup\logs\bound_ae_N184A_fixed_ComputeBinding.txt	b17c74813ba3a1cb55e059be2fd7679919f11b462786782997f83481308ff141	3575
followup\logs\bound_ae_N184A_repair_RepairStructure.txt	8dc0ad3c529df5937160ea46a160074653fe663b913e41d06bf7a25d4bc75142	14270
followup\logs\bound_ae_N184Y_BuildMutant.txt	e2d6272b396a36b0030922b35e6eb1a3fa59679288ac25c6d224c41ef871fd86	1459
followup\logs\bound_ae_N184Y_ComputeBinding.txt	1289013ce89609881c2f02b01fdcee14a253e7f4269b924ef2ba1ade4cf990bc	3575
followup\logs\bound_ae_N184Y_fixed_ComputeBinding.txt	c461c4475b001c91a4ef00db545a3aa4c7df0abc276fc77bcc08274ad5265303	3575
followup\logs\bound_ae_N184Y_repair_RepairStructure.txt	fcc3a765b3358675076489066c8b4f5c50eeec9a1f3ff22e7a3176f1c26e558b	14377
followup\logs\bound_ae_T163A_BuildMutant.txt	84ae495e6edf12eb1b16765651f8ca6185cd8551f0cc3f9dd690abde02c95b85	1478
followup\logs\bound_ae_T163A_ComputeBinding.txt	7f338062615c374062656b304c6c0e304a9aa802c969ac7d0a734b01eeba3b77	3575
followup\logs\bound_ae_T163A_fixed_ComputeBinding.txt	0dace9b0c47824a99b78df6bb1b787f115ccb11bc39600c2f5bb30665dbfa15c	3575
followup\logs\bound_ae_T163A_repair_RepairStructure.txt	aa09ec79b4db86787249c7edc3bedc8c72723b75bb044ced8f1c2c8ad8e55acc	14250
followup\logs\bound_ae_T166I_BuildMutant.txt	c3d028c08ecf807b60f020ac3ab515934394a946db838ae68b7711ee324a252d	1478
followup\logs\bound_ae_T166I_ComputeBinding.txt	ae68bae11779b4f32b69e26bc129f81a318c7efcb1c8a96c9eec0513e731a0a3	3575
followup\logs\bound_ae_T166I_fixed_ComputeBinding.txt	cd91b46f36d327e3e14403c26f1625db52de43b643f1e06a7f0308a5d539b9aa	3575
followup\logs\bound_ae_T166I_repair_RepairStructure.txt	399847c3d827af6e9e06fec939d6852536aa7053207e6ecd8ed73895f64002b7	14291
followup\logs\bound_ae_V146E_BuildMutant.txt	a5cb990bbca6ebc3a92b9fecdaf9525eb64f768266d90487a7732eb5242ac39f	1402
followup\logs\bound_ae_V146E_ComputeBinding.txt	a3f6cdf8e47511ac9ee0f63e99905a9b39150a54acc56609fd84537ba469871c	3575
followup\logs\bound_ae_V146E_fixed_ComputeBinding.txt	326aa768e88ef590a538c89797434da66b9cb56aa38cfbb453aa07587009476a	3575
followup\logs\bound_ae_V146E_repair_RepairStructure.txt	bf5960f8d7a9f85405f10d180da3a54641f777b3d2e5f1f82c682bcf9c8eab31	14357
followup\logs\bound_ae_wt_ComputeBinding.txt	e1d2ccfb4359dd5dd0119fd78720d84b145fac57b78edd895b5103a2d542edf4	3575
followup\logs\bound_ae_wt_second_fixed_e2_ComputeBinding.json	1c88e1a1e10df0ca0a146e91b4db7504855e4f2a36603943a94cf23f19b6d223	478
followup\logs\bound_ae_wt_second_fixed_e2_ComputeBinding.txt	326aa768e88ef590a538c89797434da66b9cb56aa38cfbb453aa07587009476a	3575
followup\logs\bound_ae_wt_second_repacked_ComputeBinding.json	5959655b98542773e99a1b65c0f2369495874c27e6e3ac274b45f746fb14ec50	478
followup\logs\bound_ae_wt_second_repacked_ComputeBinding.txt	e8d91367f118abd9aad9c4db510a739f38983c4c65f458ea01e7585c873c026d	3575
followup\logs\bound_ae_wt_second_RepairStructure.json	1a667f9d3eb67aa9cae1196ffb1e434b3caf7246b5b00e822fb05e456b67c52e	459
followup\logs\bound_ae_wt_second_RepairStructure.txt	c8ff807ad7daba58a99d76f76b0929c7d2560c945595888012f5a55021d2e6c2	14357
followup\logs\bound_bh_C157S_BuildMutant.txt	fcfa8ac95c610bfe0c222f655c04d003d46e6d0741027fc032e2a4971ef9d12c	1535
followup\logs\bound_bh_C157S_ComputeBinding.txt	c06bb5f61acb656f5db40fc15e1a5f839a23107e93968dae223313adc241ce97	3575
followup\logs\bound_bh_C157S_fixed_ComputeBinding.txt	169c298523bdd20d71e0f8cb00a3a09c433f257fbc93b9ea29123710eb496e15	3575
followup\logs\bound_bh_C157S_repair_RepairStructure.txt	c81e48b0833713168130c534b321e53506a216b42fa40bf4ae6ae1a612f20ab0	15210
followup\logs\bound_bh_C190R_BuildMutant.txt	fd686f1714e2dd144f28474401e3c2297d5ea3a627e9d6cb57cebba17b9f6ffa	1516
followup\logs\bound_bh_C190R_ComputeBinding.txt	3816579e751270df3653a094cf58aead014cdcb42d025f4021f8c81cfeb961eb	3575
followup\logs\bound_bh_C190R_fixed_ComputeBinding.txt	43c95bace10b04f57bd71f2d5275694db698c3784ab7824455be0fc96bea7430	3575
followup\logs\bound_bh_C190R_repair_RepairStructure.txt	0a33db1380189462590e13be13a5dc0916ea9328ae28bd3b47a3a206e630f3a4	15144
followup\logs\bound_bh_D196A_BuildMutant.txt	c6a56dee70f61a729e04cc1e22e7a39e279c1d11ae08c524b7c0ffac8180a08e	1383
followup\logs\bound_bh_D196A_ComputeBinding.txt	d575ad786ea8e12ba6b3049f93fe95764620032003cd060a659d9ea2f7262c11	3575
followup\logs\bound_bh_D196A_fixed_ComputeBinding.txt	fc10968abb69c2d67e9c55abe9c637a52803a0fb18eed93502affa7c8778e3fb	3575
followup\logs\bound_bh_D196A_repair_RepairStructure.txt	5d36179a0dfd03547ecb03976c51685b5a7ab7d685ae061a8989330543cc1202	15062
followup\logs\bound_bh_D196E_BuildMutant.txt	ac41ba16fc001bd48cf053e7c33d9a10bba100e3af3c0a02bac3a2aacd1ea5f5	1383
followup\logs\bound_bh_D196E_ComputeBinding.txt	01f42f5924fcde80912340001b3e87e14325ba5fef146ac8d446e0251d2b9410	3575
followup\logs\bound_bh_D196E_fixed_ComputeBinding.txt	55d1d20e5f6460a67daf4843ffbab44a729dcbfa6db3b7eda6652a3414c716a8	3575
followup\logs\bound_bh_D196E_repair_RepairStructure.txt	00e988ee92aaa780863edb4f15e88e7d100e3147b5580552f303d3b82e21903c	15103
followup\logs\bound_bh_E188A_BuildMutant.txt	c5ab628ce5f0720fce8939da53f5de9f8aac0f0038c1d446db20a0f9e110423b	1497
followup\logs\bound_bh_E188A_ComputeBinding.txt	bbf70d32213457b54575d189992a5b508d973e377b6db2a864a815b0bdbe4a81	3575
followup\logs\bound_bh_E188A_fixed_ComputeBinding.txt	69fb935fae27206f6e8ef2c2e372985ca8ad68c4e46dcfbaad96fdc99de85a22	3575
followup\logs\bound_bh_E188A_repair_RepairStructure.txt	309852d0143ac54227d77cdcebac90356b8c27753d796ddc49aa80b09234ac4f	15062
followup\logs\bound_bh_E188K_BuildMutant.txt	16bc0d95340f6d33d33a08766e1b83b7c790afb8b6b49b5fd3f2cafab77208d0	1497
followup\logs\bound_bh_E188K_ComputeBinding.txt	a4dfc47bd5acf0753efabf82dfc5d5ea8fd120e9196ac10e3cf4353175fc5fc7	3575
followup\logs\bound_bh_E188K_fixed_ComputeBinding.txt	a221dd408f179aea76b6d393f44a58eb7cf75a81018911ab48ef326fb7626dd5	3575
followup\logs\bound_bh_E188K_repair_RepairStructure.txt	8b5bdab75a442c9f596231c30d075ae72c14113fae1240144bede45efcda7e08	15103
followup\logs\bound_bh_F150S_BuildMutant.txt	3f05773cf90b17dbea717137c247fe95bd03d5412f87ec3e96915affb7ed72d7	1516
followup\logs\bound_bh_F150S_ComputeBinding.txt	7d5c0d5388b091c0140bc03ca862e555102c5ffd9f7d8296d0fe3026dca00df3	3575
followup\logs\bound_bh_F150S_fixed_ComputeBinding.txt	320b5ca301e2702ce8464777c052b3388bf9ba0fcb7c28173397b599a51b5536	3575
followup\logs\bound_bh_F150S_repair_RepairStructure.txt	7d35a788ecc94e5b04f4c6eb2e762da13148541e2977b83262f7b44d6c78b3b9	15169
followup\logs\bound_bh_F186A_BuildMutant.txt	69c05822c3ae9ada8514ae5ec71262505c80c630d6473f0e6632f924b9302f70	1440
followup\logs\bound_bh_F186A_ComputeBinding.txt	9a86fb1c21866a0e3f1e38787091c3b47bcd73c666549bb9d41ee6c746093ba1	3575
followup\logs\bound_bh_F186A_fixed_ComputeBinding.txt	896d4bae57a13c337f321586f1441a5510d361347521f37fe84798a889054002	3575
followup\logs\bound_bh_F186A_repair_RepairStructure.txt	609036ba3a73154dc5b06609bd9c26bc68a78664f33523188cde94181a2a1e10	15062
followup\logs\bound_bh_F186L_BuildMutant.txt	69c05822c3ae9ada8514ae5ec71262505c80c630d6473f0e6632f924b9302f70	1440
followup\logs\bound_bh_F186L_ComputeBinding.txt	3d77d54d62924792de29904230147fab9978b7814318f6562ecbdc2341405e02	3575
followup\logs\bound_bh_F186L_E188K_BuildMutant.txt	87384a007430dbfc859eb92cc90a8c3f657d3f66be0f6ba6d4f6b3818297f278	1611
followup\logs\bound_bh_F186L_E188K_ComputeBinding.txt	8b4c210740931bfc0f17de934155a58aa71d73456a60b39792ccdf540457a592	3575
followup\logs\bound_bh_F186L_E188K_fixed_ComputeBinding.txt	33c4a97c3c669e4b3c4c1c89909464f6d6f98631a811d5d8a7a84047b33104da	3575
followup\logs\bound_bh_F186L_E188K_repair_RepairStructure.txt	097f48a2caa464099cd67aa568f98b24e0117d7ffb2a9570a9cfb585f17556da	15103
followup\logs\bound_bh_F186L_fixed_ComputeBinding.txt	0b8a17fecd5e98ea7bcb1f7bbdf1fb6b12f76ff7c20861b6894b4cea059c6b11	3575
followup\logs\bound_bh_F186L_repair_RepairStructure.txt	c1c90e8a9c8f6ebce6ac7b64422cff754ff180641a349696d3d240032840e5fe	15103
followup\logs\bound_bh_F186S_BuildMutant.txt	355d78a1f744f252db2d3a306d7d77b28b826b5246ca8a7a62a467b1f48298ac	1440
followup\logs\bound_bh_F186S_ComputeBinding.txt	daf5549765fa91037bea1e0fd435d47958441b5e4a0a71e8f30b273fd600b590	3575
followup\logs\bound_bh_F186S_fixed_ComputeBinding.txt	848edab71d4602ca513dc38a68a4538108f2ff69a422cbf01c7109dac9660705	3575
followup\logs\bound_bh_F186S_repair_RepairStructure.txt	e20635db8fced74d90e711d0a11c0aedb94148208fe661b1c5ccc9ae1401a6ab	15169
followup\logs\bound_bh_humanize_BuildMutant.txt	873f0cad5a7bfadd2ebae3b5855d8fa43a3dce8b99715cc57089c6d13f8a174d	30334
followup\logs\bound_bh_humanize_repair_RepairStructure.txt	f65f8dd503c8dad4f4e1636c22bfb09363521a939a8a03fc3dd0bd711508537d	15103
followup\logs\bound_bh_I181A_BuildMutant.txt	e63bb82ffe97d17f77fe164c91727832a6aecc593e49d9082067f998a79eea78	1478
followup\logs\bound_bh_I181A_ComputeBinding.txt	b64d53d82f46efa298a179fc563a26fcbc0b610adaa77dc0b210a6d98a49453e	3575
followup\logs\bound_bh_I181A_fixed_ComputeBinding.txt	d1dd1c1f82b63df5438332365f5462b779bd253e7ade266f45878c33c5f634b9	3575
followup\logs\bound_bh_I181A_repair_RepairStructure.txt	634ddad652408a09d74ff26a20302fe603dd864c769fa73362051928f2407c62	15062
followup\logs\bound_bh_I182A_BuildMutant.txt	72387ba2a5c7a584281d9fd6e2601e3ada36676eea510f7a2e05e96fae4488f8	1440
followup\logs\bound_bh_I182A_ComputeBinding.txt	c0500f7ebcab8af355654c39aa370f0fbd99c93f968b32a2217b945559e24c5f	3575
followup\logs\bound_bh_I182A_fixed_ComputeBinding.txt	45ae85bab9131d53dcf01de8b450925fd2f798c2d9709e2cf0be62497622338e	3575
followup\logs\bound_bh_I182A_repair_RepairStructure.txt	215fd226107342f9d02f1f53b4bcd73fb9891de3d9e8010888185001ef6725a9	15062
followup\logs\bound_bh_I182F_BuildMutant.txt	a26093d1d7f0430c6ad75f3ab25b5250021afe715f697df16994d152b9f2d01a	1440
followup\logs\bound_bh_I182F_ComputeBinding.txt	33866be6e2c3f7485c2977568822c8397973b831e69f685cd179e84f47731136	3575
followup\logs\bound_bh_I182F_fixed_ComputeBinding.txt	d19fa5c4a5546a58ae38b8b48aafc83ed08cbcfbd0aa61520baead03350407e2	3575
followup\logs\bound_bh_I182F_repair_RepairStructure.txt	7b91bf161ecaa6d41702453f76a4af21ef46c3a49e3509875efc472c87ae0da0	15103
followup\logs\bound_bh_K124T_BuildMutant.txt	28e2c206eea7f231598869e55cecd13b1558510e0b1734dcfd0bfb5e69640453	1478
followup\logs\bound_bh_K124T_ComputeBinding.txt	43c95bace10b04f57bd71f2d5275694db698c3784ab7824455be0fc96bea7430	3575
followup\logs\bound_bh_K124T_fixed_ComputeBinding.txt	169c298523bdd20d71e0f8cb00a3a09c433f257fbc93b9ea29123710eb496e15	3575
followup\logs\bound_bh_K124T_repair_RepairStructure.txt	a853d3e38b652878fdf6864c82c80ddae6fa9db80fcb0808d8d53c2f5b610d32	15169
followup\logs\bound_bh_K171A_BuildMutant.txt	6bc4a1a73b6962e03db5e42867b5b3f1143562182a460be45dcbed410d887ff4	1478
followup\logs\bound_bh_K171A_ComputeBinding.txt	c23b7aea4eac66b49c7367a7d53fda7caad8ae8d0b868b61327bce6707caa902	3575
followup\logs\bound_bh_K171A_fixed_ComputeBinding.txt	005fa539752bb6f442ca77cbd1e47a6a265f0991108c5c6c799bf1790077bb56	3575
followup\logs\bound_bh_K171A_repair_RepairStructure.txt	78c76e3fb608f0e0aa13713fdcdf830d19b6dc8a313f44e1e62925b42960a6a3	15062
followup\logs\bound_bh_L162P_BuildMutant.txt	026b2c950271b5b453c96f18ecf78815aaae3ecf1d7711bb283d4401fca153c8	1459
followup\logs\bound_bh_L162P_ComputeBinding.txt	f30cee60e23c65a16db0d7fcfa55b496418e834696c334624a03da18b792bc3f	3575
followup\logs\bound_bh_L162P_fixed_ComputeBinding.txt	0dc0391cf2a4a55cdf99192b6c5f5192970b191196a35864be22bfc65d4699f5	3575
followup\logs\bound_bh_L162P_repair_RepairStructure.txt	b966b91034f3b71b2e0e8c2f1c436fe401ef3ff8ed76c52aa579d9cf7bcc9c12	15103
followup\logs\bound_bh_N184A_BuildMutant.txt	fc4452e891a235bc1e8c2d734626b1a2df4c399c3379ca6da8c52c6aa083c36c	1402
followup\logs\bound_bh_N184A_ComputeBinding.txt	43c95bace10b04f57bd71f2d5275694db698c3784ab7824455be0fc96bea7430	3575
followup\logs\bound_bh_N184A_fixed_ComputeBinding.txt	bbe458e7cdaa03317c08c19fdd5d897678cb40dac5754c49d78fac813fd8770c	3575
followup\logs\bound_bh_N184A_repair_RepairStructure.txt	eec98358c143da3787553815f85aac3218bc5f01adb3b3ab916bd820c31d9dc1	15016
followup\logs\bound_bh_N184Y_BuildMutant.txt	2812fc421a395a4c7b5b98a064b780523c6be1c52378c672e18384f8c98183b8	1402
followup\logs\bound_bh_N184Y_ComputeBinding.txt	fd5655ac3f35629c003e893a9baa946a0a7bbee32b70d6bfd0df22a0236c977b	3575
followup\logs\bound_bh_N184Y_fixed_ComputeBinding.txt	308d40354ebc3581bef2deae59c51ca3962284b5059455951ec76b68b6f2d42e	3575
followup\logs\bound_bh_N184Y_repair_RepairStructure.txt	985748bf5e646a07b8156d42aa543005d52480cca6957fb90a5eee6641669693	15123
followup\logs\bound_bh_T163A_BuildMutant.txt	e749cd8f003be98c86fc88c59119487e07e132644a95bf8220aed12177a9714d	1497
followup\logs\bound_bh_T163A_ComputeBinding.txt	6b78042dd5df7f488dc1205c8caf7c0b10e87b765cba5fed394762eaebdbce76	3575
followup\logs\bound_bh_T163A_fixed_ComputeBinding.txt	42e408f6172b9382b6ed47802024936833b97415b81c75306b8d282ef81b0919	3575
followup\logs\bound_bh_T163A_repair_RepairStructure.txt	022c049267e73eba97cccd8b80d9441fa6fa25e04d2f1d49476b13ecc52ca0e8	14996
followup\logs\bound_bh_T166I_BuildMutant.txt	781493a0815d11be20251a07bd8e445ecd1af994a40b04b1f3c6dd157f679d96	1516
followup\logs\bound_bh_T166I_ComputeBinding.txt	49becb8a6a659cf8f315af57d7f552af2737e7a484c1a2266a4c98ecf82f926b	3575
followup\logs\bound_bh_T166I_fixed_ComputeBinding.txt	549cb3814b2cd173959e4353efdb9b26e528cce094c7a5ced8ca137323ad6cf6	3575
followup\logs\bound_bh_T166I_repair_RepairStructure.txt	865a1226ee7e5a5fb81dfcdd6ed3d6e7dc14ce95864a4a352f65fbc915bafdf2	15037
followup\logs\bound_bh_V146E_BuildMutant.txt	402177db0a68568b1bb7d3752edfb98cc94e996de3b5937fe42e21618ab862c0	1440
followup\logs\bound_bh_V146E_ComputeBinding.txt	f30cee60e23c65a16db0d7fcfa55b496418e834696c334624a03da18b792bc3f	3575
followup\logs\bound_bh_V146E_fixed_ComputeBinding.txt	7d5c0d5388b091c0140bc03ca862e555102c5ffd9f7d8296d0fe3026dca00df3	3575
followup\logs\bound_bh_V146E_repair_RepairStructure.txt	f16c925f1b5913b2d7415c8366d73084ed802f64d1a60166c7c8a6fb0f41bbbd	15103
followup\logs\bound_bh_wt_ComputeBinding.txt	dbb7605b521bcfb907e37b0548d25ecb192105149dae09eeb55eda2e94a580b9	3575
followup\logs\bound_bh_wt_second_fixed_e2_ComputeBinding.json	9ab399fd75f263aa09d107b6b4e566b34330b9f3391d5c28659b9b922df3a2d9	478
followup\logs\bound_bh_wt_second_fixed_e2_ComputeBinding.txt	e6cb6568d88d973b11e698e6f246933f8932fbde491de8c24dcdfe1d947bfa84	3575
followup\logs\bound_bh_wt_second_repacked_ComputeBinding.json	5655a82d0b16498c6465b967db85417a24204cb599a3bf3776fb8f9d8b172428	478
followup\logs\bound_bh_wt_second_repacked_ComputeBinding.txt	c06bb5f61acb656f5db40fc15e1a5f839a23107e93968dae223313adc241ce97	3575
followup\logs\bound_bh_wt_second_RepairStructure.json	3eb99408900a5b79950d536d3d5db36025e1970fb50270b46f73a2729b9ff3ed	459
followup\logs\bound_bh_wt_second_RepairStructure.txt	c5f8d13c3c00db9ac8e92f08e5ca6a4fcbde324527184c6d139952d0f0523c17	15103
followup\logs\g8q_a_C157S_BuildMutant.txt	be390f91df523eae54716ba0c2f0fcb8ec864a8ab964518a501b47f6f867669e	1592
followup\logs\g8q_a_C157S_ComputeBinding.txt	f17cf8b4efd4b5494d78dea9677e670bfa1fe3f32ec92c1797197e2d02774386	3575
followup\logs\g8q_a_C157S_fixed_ComputeBinding.txt	00a782801de8bc630ac1a0b563421260986ae9c3ffa593d85e31e93f19589020	3575
followup\logs\g8q_a_C157S_repair_RepairStructure.txt	c3977dacade62b1630fad959a9396ff5c9a6a65d3b6a0b2fe9ccdd7c28e71e87	14843
followup\logs\g8q_a_C190R_BuildMutant.txt	85848feeaa9d2529dc2d2b6750458744cb5b3374287af3b102437b3798e8e77a	1592
followup\logs\g8q_a_C190R_ComputeBinding.txt	2c8d35aaaee81922d5ceb1f86fcdf1c126b6934d33258bcb4ed996c6849a215e	3575
followup\logs\g8q_a_C190R_fixed_ComputeBinding.txt	ca7a3e1812c993f3428ff7434d0645a778f4ab6b3433b8df037541a57b15cca3	3575
followup\logs\g8q_a_C190R_repair_RepairStructure.txt	dee32abc0cb89ad2f2ba67e657f6a48f2c06a0aabc29b2e2195c85ee45fe3305	14777
followup\logs\g8q_a_D196A_BuildMutant.txt	b3eeecf5d6cb4ab13001c8bb14614b7bae6fbcca61f1f5e2d10918d18e5a4940	1440
followup\logs\g8q_a_D196A_ComputeBinding.txt	35dd3e9087f9d7bd0d087191a4bf2b539fcf44454b9056bb061c7de363449136	3575
followup\logs\g8q_a_D196A_fixed_ComputeBinding.txt	e8a49bd1cba2d6a4f60b41c3b921cf26b3359403fef57fa72dd56b47e7669e2e	3575
followup\logs\g8q_a_D196A_repair_RepairStructure.txt	a8f3562cffa2c33a44f45493d0f98b514e4b416b82fe03eef971c777beab78d1	14695
followup\logs\g8q_a_D196E_BuildMutant.txt	0b2f4b29118657dbee70960b5bfb1329ac93fb188e9ec64ed7c37db208beb7c2	1440
followup\logs\g8q_a_D196E_ComputeBinding.txt	78a11e6cc5b73945546989417077243c3477fe0f198bb00a705549878a26a515	3575
followup\logs\g8q_a_D196E_fixed_ComputeBinding.txt	0c47d99b5b749a64f1e74555c355cec20f4eb82522b011da0a2fb6b7d5c69a04	3575
followup\logs\g8q_a_D196E_repair_RepairStructure.txt	682088f730fdb59a61df08779cb7672eba38fa551bf92ed5c17f8e5687cf4655	14736
followup\logs\g8q_a_E188A_BuildMutant.txt	e684a608a040826fd1c0ed028483b3b52ebd3d306f011593b2ed2395ca706cfb	1497
followup\logs\g8q_a_E188A_ComputeBinding.txt	a7932395b9feb6ff4dc684fdf9aed6ab7784ad1c6216be8383ddcdf6eb46b602	3575
followup\logs\g8q_a_E188A_fixed_ComputeBinding.txt	18b49b61c237369db1d3f548353142569fe2b7bedc4480de235c127965c208eb	3575
followup\logs\g8q_a_E188A_repair_RepairStructure.txt	3e3758b0d88fc94f9dbbde23c10f00f3f3af054d80a0166d321ba2d8946456dd	14695
followup\logs\g8q_a_E188K_BuildMutant.txt	968f55454e86a38c6b8cd6668b62c358313255bcea5604c425e8e7a9bf95a07d	1497
followup\logs\g8q_a_E188K_ComputeBinding.txt	7e4967bcb26b2d4abb07e7d39702936eddeb4d7a2bcffd8cbbee5fcf445da5f6	3575
followup\logs\g8q_a_E188K_fixed_ComputeBinding.txt	3b350cccedfb87f23eebd83d771b30adf4d54c0b29b1f33ef69a1ce257239904	3575
followup\logs\g8q_a_E188K_repair_RepairStructure.txt	4bd8b9fcd29d58ff86ff9f7ebf163051fb52ba579615fc4b59c9835b0b1438ca	14736
followup\logs\g8q_a_F150S_BuildMutant.txt	14b58b778ebc896f6ae119d03b7791e2cead5e86fe7697d6e9f03553ad6164fd	1535
followup\logs\g8q_a_F150S_ComputeBinding.txt	b5764b07680f1c01d8f5be8ea22f790f36745fd46ffb920c96872de746ee925d	3575
followup\logs\g8q_a_F150S_fixed_ComputeBinding.txt	608076f947f389742808ae1b7c7b5ccd0eb0f7e6c5384bf48dd455598ba38f58	3575
followup\logs\g8q_a_F150S_repair_RepairStructure.txt	4add34120e9e3d4a7e5c8ecf744378aa462eb199c91bb79e75850e838aa35c0e	14802
followup\logs\g8q_a_F186A_BuildMutant.txt	ce583e2c6fb651e2fa941fb10d4d1e752c1b68a02391a44aea74d32822f151e1	1459
followup\logs\g8q_a_F186A_ComputeBinding.txt	ce65689658ae1a130c3d2e3a6e43e8f21cf2b12c12301971e8a28eb876e728e2	3575
followup\logs\g8q_a_F186A_fixed_ComputeBinding.txt	33ce16a4b58c18dfaf1accd8bf2ebb0a7591af3e8624e74d318b05c3ecd626c7	3575
followup\logs\g8q_a_F186A_repair_RepairStructure.txt	a35dcf61a882b50d49eea5811fb0280765a023c41b61abc2f4f5be9c02c00fa0	14695
followup\logs\g8q_a_F186L_BuildMutant.txt	ce583e2c6fb651e2fa941fb10d4d1e752c1b68a02391a44aea74d32822f151e1	1459
followup\logs\g8q_a_F186L_ComputeBinding.txt	7c6b1c2f7f317cda230b5b47e42a471029cb61a0fa18c10824c054cc23d02f0b	3575
followup\logs\g8q_a_F186L_E188K_BuildMutant.txt	1c0f4311b2eeeba60897da880f9950c7cac606646d74d8cf1a31623075f1f5e1	1649
followup\logs\g8q_a_F186L_E188K_ComputeBinding.txt	3bb063108801432624c9782246c899f5b099a8555e0ae66a5158ab08e0f4cd43	3575
followup\logs\g8q_a_F186L_E188K_fixed_ComputeBinding.txt	208a6245a9817b010c2b5ae7901eb9899783f4485d23e11971a8e57e68e9ac12	3575
followup\logs\g8q_a_F186L_E188K_repair_RepairStructure.txt	cb8992f651359859681b86549dc235c82147641facc8b0a6f8f3596b6fdeffa4	14736
followup\logs\g8q_a_F186L_fixed_ComputeBinding.txt	50684bb418f1176ab1e085e7d2ae1d6fd338223f058a4a35864f48a46594672e	3575
followup\logs\g8q_a_F186L_repair_RepairStructure.txt	6a104526d4df1f6f73c940ce23add7adec22a4acaa4b2678d0b1d6301529d5cd	14736
followup\logs\g8q_a_F186S_BuildMutant.txt	fcbf206a1d5e4b8a16a830d399fb6aebd64d423a122c7948e49efa31657be010	1459
followup\logs\g8q_a_F186S_ComputeBinding.txt	ba15317de60c40cdf852b0f6fc3733e324f6ef138c8b7f5e38a49aaf5dabc389	3575
followup\logs\g8q_a_F186S_fixed_ComputeBinding.txt	84c3a9eb993dd3d0bd657e116dbc6ffab68e1cc10b50677095721973f8f150db	3575
followup\logs\g8q_a_F186S_repair_RepairStructure.txt	6b9d99415ae68cc3ffde8e794382a7e476786cac4560c962582d50c46b5e7173	14802
followup\logs\g8q_a_I181A_BuildMutant.txt	a81355c33f0234b4a84f38fbeec8db314a7f7ac258d73368955389493bcdd88e	1573
followup\logs\g8q_a_I181A_ComputeBinding.txt	bdfa3ce5a170ccc258291c283eaf2c549d885a22d1e803a4f589d589b43b0b2a	3575
followup\logs\g8q_a_I181A_fixed_ComputeBinding.txt	b8f47e6a9bc072a33dbed133f81433f4310f64aad57b8dbb242de23b188195b4	3575
followup\logs\g8q_a_I181A_repair_RepairStructure.txt	5d5f9457bb5498721409b95b97d07496ee4d7b237dd7053913930e9e63cbea03	14695
followup\logs\g8q_a_I182A_BuildMutant.txt	4e0445d44781df6cb2d72642e5af7472e5117407eba9e7fd36f6910301615dda	1478
followup\logs\g8q_a_I182A_ComputeBinding.txt	79a42a7e5d50daf61ce71a653a4d9061b7b23283d08c4d458f58b44c94a2e4b9	3575
followup\logs\g8q_a_I182A_fixed_ComputeBinding.txt	de4bc3db0bcb61e824c3116bbd6d8b25e76208d2926c23e125c533be6ce2d101	3575
followup\logs\g8q_a_I182A_repair_RepairStructure.txt	f1e882339d7b2d11efddab14f2e44daa999799e5618fb5728ce115c8265e2e28	14695
followup\logs\g8q_a_I182F_BuildMutant.txt	13a0d2815ebef1937d911dc0b61f1f7acac9cd0c45f802d773290e9f39309be4	1478
followup\logs\g8q_a_I182F_ComputeBinding.txt	a7630194a580d7a53cd62bceef83c560e7c0dccb694209428f02cac617c2aa50	3575
followup\logs\g8q_a_I182F_fixed_ComputeBinding.txt	fa88a68db85d5b33bbe8ad61c8ffafbcbc627deb030155f7936c035b622f0ebb	3575
followup\logs\g8q_a_I182F_repair_RepairStructure.txt	6415ba7ae70569487db3953abb29dcdc673a024ed7d9d40e64dc0b3d5061bac4	14736
followup\logs\g8q_a_K124T_BuildMutant.txt	0bce4451714395fd8cb8c9fdf6bcc83e0c9b3081090930a2db2536daa5d3741b	1516
followup\logs\g8q_a_K124T_ComputeBinding.txt	b16b912c05ec15ba50dcf928832c887d9cac680b05869eac68b6b62779b7748b	3575
followup\logs\g8q_a_K124T_fixed_ComputeBinding.txt	00a782801de8bc630ac1a0b563421260986ae9c3ffa593d85e31e93f19589020	3575
followup\logs\g8q_a_K124T_repair_RepairStructure.txt	77800804761ba8ab068ddcd8871e295fd3e7b283ccddbce903580410e020ef41	14802
followup\logs\g8q_a_K171A_BuildMutant.txt	0dab935cdae69bd50202ae982a40191f708255027d4946b4d3228ad19a65db7b	1440
followup\logs\g8q_a_K171A_ComputeBinding.txt	792342eeaf75a69a411e4feb08bfecb0623b53dc3c7a8342f7d3a3e0c296f096	3575
followup\logs\g8q_a_K171A_fixed_ComputeBinding.txt	4d06065c6abf15e8f11a3b822a02c58a1de3df54994dffddc6327a9ca58daa9d	3575
followup\logs\g8q_a_K171A_repair_RepairStructure.txt	2c6d2075d11a25ac0b03c6de0e179a9f7ef8f1ca422e8479707802875976fadc	14695
followup\logs\g8q_a_L162P_BuildMutant.txt	d48250f2507e608387770ae315005e0ecc8ff9036532d69abc8b306e2ba1a1a7	1516
followup\logs\g8q_a_L162P_ComputeBinding.txt	f30afc0eeaa26ff3e0d3cbf518773fbedf8f296282d943e8cb0a265cf99910c3	3575
followup\logs\g8q_a_L162P_fixed_ComputeBinding.txt	19afe43dc9e978bc1925ca716e58fb2014f6c7ebf3cae67168a2fa0c254e60ff	3575
followup\logs\g8q_a_L162P_repair_RepairStructure.txt	ee9890a7ba2bcd73e3325eb729fc43ce1e104341d3ab6d7c60a57f932fc5cd8c	14736
followup\logs\g8q_a_N184A_BuildMutant.txt	2209ed2934a5ce96a2233084bbfbcb44c35e3dc778688caaa4c1a9c503a6ced5	1611
followup\logs\g8q_a_N184A_ComputeBinding.txt	217b6b29b36bcee922912eaebb4aa2cff11664d5eabd1febe80524393b5bd673	3575
followup\logs\g8q_a_N184A_fixed_ComputeBinding.txt	00295ded3d7f209bc390068d2810f7ab9939ae6860dd7f153f757acf1adbb1a1	3575
followup\logs\g8q_a_N184A_repair_RepairStructure.txt	0c2cc214adbd0cce7ef5d106b854b001c53796ef7d358edd7f8badd04b527eae	14649
followup\logs\g8q_a_N184Y_BuildMutant.txt	4fed4612d1592dfbf5ccccc4a83df954f3730532e54179902c1895b7bebf8ccb	1611
followup\logs\g8q_a_N184Y_ComputeBinding.txt	af1438fecd14e12989f89e23c9357a0e218a2dbdaecbbb40dbcad0046e3c8754	3575
followup\logs\g8q_a_N184Y_fixed_ComputeBinding.txt	ca6b433ee675dfd5459416c6079c294f8fcd838e4e698e02228019735d32cd59	3575
followup\logs\g8q_a_N184Y_repair_RepairStructure.txt	6e06d2d04cc55286ca618ab31688d3e531e64dc7acdef4bd1749be1772a356e2	14756
followup\logs\g8q_a_T163A_BuildMutant.txt	988838e6ae5d373eacf3dde327cb71842dc87f6b2a88c0c4af551f51964d8def	1554
followup\logs\g8q_a_T163A_ComputeBinding.txt	5b51cdc78d582c0b45ef1b3be36e61250b0fa67678e2006588e70f2ab31761df	3575
followup\logs\g8q_a_T163A_fixed_ComputeBinding.txt	cb425e9b1c7f946a9c203b0e0f87af69601112ba9f572bced352c80421dd25dc	3575
followup\logs\g8q_a_T163A_repair_RepairStructure.txt	e2e207bd63186d1c1337966075483641c2516e956c51baf0946fef689aa46432	14629
followup\logs\g8q_a_T166I_BuildMutant.txt	58f1d7b1b808a4f641d042bf740620234fbb018e08f93268ae19b7464eada597	1554
followup\logs\g8q_a_T166I_ComputeBinding.txt	6a59e899bd138ab0a470b43265b0c6d371dc2b290c1f5dfca7dfbe512e9da47f	3575
followup\logs\g8q_a_T166I_fixed_ComputeBinding.txt	6d767169b37e32b0b61e62f33afca7abee5c035c8e163fb31a907a2e393d28c4	3575
followup\logs\g8q_a_T166I_repair_RepairStructure.txt	abc1ea40213fbafa3c5e1eae73b4f533caa48846ed70ac7c168011db5ba3f4e9	14670
followup\logs\g8q_a_V146E_BuildMutant.txt	ff0f249ffa96d6d00e7cd023c22dbb5f8ba6b8adda12faf39525300fbf04fa9a	1478
followup\logs\g8q_a_V146E_ComputeBinding.txt	91a3630edbd1c96ffb2412649fbdc9dec1b9cc99af291148be01535101327560	3575
followup\logs\g8q_a_V146E_fixed_ComputeBinding.txt	220863e5346ff64d9ed52f21273037f72349919bb10f92851cc877d2c17df94e	3575
followup\logs\g8q_a_V146E_repair_RepairStructure.txt	983fbd710b2d606c1157b22200a6f6c8b2773e08e85a71f5da4863e077a4ce63	14736
followup\logs\g8q_a_wt_ComputeBinding.txt	41a0c50dfd49e38743d6c2fe535466471debe1f01aa4bcc21ac668db45d43e5f	3575
followup\logs\g8q_a_wt_RepairStructure.txt	5be1e0405ae1674d2ec3f52f52da7c96ffb90bc923f0b329fa0c69591cf0d7cd	28620
followup\logs\g8q_a_wt_second_fixed_e2_ComputeBinding.json	388e38b1ba0dad6ab4fe999227b1dc69b8d1a0c962d223cf61e7e2f56ad99354	478
followup\logs\g8q_a_wt_second_fixed_e2_ComputeBinding.txt	d2e5c67e8bdf5e88971159f8ca5fde33757cf28ac0593fd26fd618feba4a84aa	3575
followup\logs\g8q_a_wt_second_repacked_ComputeBinding.json	f88e01d83f9728bfec5e795b34d942bbb34d6a278a3136eeee8059f24c8e15f3	478
followup\logs\g8q_a_wt_second_repacked_ComputeBinding.txt	d72101182012d9d22d7461e064ae93f5007169b37f75d7b913e1d5c3556896b5	3575
followup\logs\g8q_a_wt_second_RepairStructure.json	f7b40415ecdee295be0a552f40014bcf118454ec4fc5508108c7d37f598af059	459
followup\logs\g8q_a_wt_second_RepairStructure.txt	e4101a674ed4f6ceb735f95d016f1611d7e808831e1dbf4b083d116bca7002ad	14736
followup\logs\g8q_b_C157S_BuildMutant.txt	7649d6bd00bb7193a1adc2df5dc6b0482e43a65b3973d4ec5ff5b6a28c32bc9d	1592
followup\logs\g8q_b_C157S_ComputeBinding.txt	91dec25c7d3c3bc862a99fa61f8a4d6ec9a1ea6b5fd12d04909c40b23c0f1138	3575
followup\logs\g8q_b_C157S_fixed_ComputeBinding.txt	edf41115f5d7669dce42a2f9e459edc6101b15b1245bd48dbef63407e4b6605f	3575
followup\logs\g8q_b_C157S_repair_RepairStructure.txt	5bae11d8ddf3a02dccf7374fa423157e20de6c35116b65c9c18c527857e159b9	14674
followup\logs\g8q_b_C190R_BuildMutant.txt	d968758e380795ab400fd22966963a1b9036eb91a5f0af62feb4824b56ca3298	1573
followup\logs\g8q_b_C190R_ComputeBinding.txt	113b7b16c63bc26618faece535ede0bb94d929580b8521b83f1f73ba912f5dbc	3575
followup\logs\g8q_b_C190R_fixed_ComputeBinding.txt	a287e149114bac6506f785ff2eb9c495858eeb1d97640f05a65659aab1c4d36a	3575
followup\logs\g8q_b_C190R_repair_RepairStructure.txt	7f41e8fd764a11e6faac8e2c98908ec12b8525632b9b2502540fafa380bc3f4a	14608
followup\logs\g8q_b_D196A_BuildMutant.txt	0b084496e2e7fd873cdb2a24dcd5199ec4e801531a484c517c1438fb3f3304d1	1440
followup\logs\g8q_b_D196A_ComputeBinding.txt	0784acd09e7fe30ecd8734bdd40acdc05db34ed20dd48ff197e5d66cd3a0d36f	3575
followup\logs\g8q_b_D196A_fixed_ComputeBinding.txt	b8329ecc8b75356c6337fb7490d6b28e0eed4fb2c82b50ba67267550cd8132fa	3575
followup\logs\g8q_b_D196A_repair_RepairStructure.txt	852e654de514d0ea1e83e81e6761b6aae04fd60b9c4f97fe5d87587f1c5f863b	14526
followup\logs\g8q_b_D196E_BuildMutant.txt	4c6999c4644acd87c48a0f774cca2d7e120700b0f06788732a671b9d985337e4	1440
followup\logs\g8q_b_D196E_ComputeBinding.txt	c6b4a60ea57b5af29311808a264f58f1c3f15f4d842f4b343247b90e36262e56	3575
followup\logs\g8q_b_D196E_fixed_ComputeBinding.txt	748c5318e098ada9e947231b94cd0df3975e0b9a41275a7d5e88d900a7b1c68b	3575
followup\logs\g8q_b_D196E_repair_RepairStructure.txt	cad92436ced10aa1a5efc086df4e515b04051fc41ef49402a6db3c7620e778fb	14567
followup\logs\g8q_b_E188A_BuildMutant.txt	fb8b164a76ca6d8976c99311a73721e6430cb1e4a7d744156e66c03fd97e7329	1516
followup\logs\g8q_b_E188A_ComputeBinding.txt	153c9ee0649a75a563c12dd76e314a36a6f880cf10b884283ca15c8c6a5caa3d	3575
followup\logs\g8q_b_E188A_fixed_ComputeBinding.txt	f499f4130149c8a2182015c4daed8d20efdd28c5538c673ebe64f759dc81ff2e	3575
followup\logs\g8q_b_E188A_repair_RepairStructure.txt	97d80ec0bc04d961356fc3cedcf2d399856c80500912c945d88ab8a1a7afbed4	14526
followup\logs\g8q_b_E188K_BuildMutant.txt	b4f2853581f31549e5c40b39d0902b2dab8192311ef4f77420d4a6c7e804218a	1516
followup\logs\g8q_b_E188K_ComputeBinding.txt	21880fb23ed5f34194e42e198db2acfa94d8c156c39cbed9eb6ea7c11db939ab	3575
followup\logs\g8q_b_E188K_fixed_ComputeBinding.txt	e50769a586abfa4e19c5a16f92ca5b4fa1ea0a605acc6f96f6b31552a288d404	3575
followup\logs\g8q_b_E188K_repair_RepairStructure.txt	864683d49289ca9c48bd2f9d66bb58a43b0ae0e4e87059029da81314fe896c08	14567
followup\logs\g8q_b_F150S_BuildMutant.txt	909a42171d83cc5045750e4509665105bb8dfac5b9b0669f705813917eb6aafd	1535
followup\logs\g8q_b_F150S_ComputeBinding.txt	6aca70f498b2a93456748b669682ba53a201226a886bbc7f1609d974b4ad0c35	3575
followup\logs\g8q_b_F150S_fixed_ComputeBinding.txt	8a24a564cfe3dc8804806730a6563b5623b9149e9099da0b9dfc9bac4c8dc7b6	3575
followup\logs\g8q_b_F150S_repair_RepairStructure.txt	8f9847f4685d06954c07a66f3df0f4393acf8b852577c05d1e5009fc85bb9d33	14633
followup\logs\g8q_b_F186A_BuildMutant.txt	f0a1ed9fd499212ccf3f262c31408ee89e5e7096a85e77b50e7070aca91ec316	1687
followup\logs\g8q_b_F186A_ComputeBinding.txt	3c033b808cd71974866db0db3b84db03becc1ee8db8b66cb5bdb7da2b7f5e222	3575
followup\logs\g8q_b_F186A_fixed_ComputeBinding.txt	b892a625e713ac1d8a78e41a41c359de17a513c578e478141c84db0f0f4d0c3b	3575
followup\logs\g8q_b_F186A_repair_RepairStructure.txt	88f958994ee51680028c30134ba5a86efa0f499a97517a0d464255aac203ef5e	14526
followup\logs\g8q_b_F186L_BuildMutant.txt	d99e32c70e0aea15fac728e59daff60ea293c4ee8b76e688f5c550ba92abf494	1687
followup\logs\g8q_b_F186L_ComputeBinding.txt	06084b9528bb1e62cbfd80a34260cda8fb85f48e8fc29d5aaa0e850d354be8ff	3575
followup\logs\g8q_b_F186L_E188K_BuildMutant.txt	176d9446c1af8f8030ab3c39280922be1d025b472793472e74d8e11b8d821093	1801
followup\logs\g8q_b_F186L_E188K_ComputeBinding.txt	65341a21cde4e91dfc7245034fe00348e6c09235c0529e1a6397774bf82b7cac	3575
followup\logs\g8q_b_F186L_E188K_fixed_ComputeBinding.txt	b28487df09470c2a1f2b8ea765308d99ce86eddbb2ecace44af011f1de2bb1ae	3575
followup\logs\g8q_b_F186L_E188K_repair_RepairStructure.txt	ac6049f4fbafc449b2c8cc7053a5dc1d158486c859bd583cce2791da1961efd3	14567
followup\logs\g8q_b_F186L_fixed_ComputeBinding.txt	f1be60133be6838443c91471076021c86daaf1d6415811ac4879d7a7c33effc8	3575
followup\logs\g8q_b_F186L_repair_RepairStructure.txt	9a10b46ca79a880b9c65a8453e86e7df64b6173a597413a73aef2d868db580a3	14567
followup\logs\g8q_b_F186S_BuildMutant.txt	1b3caa934ec9eb487586f514de35d7f147bacc0ef72392889d6eb7a87376c64d	1687
followup\logs\g8q_b_F186S_ComputeBinding.txt	3be247d648be524220ca9e1c7e6508100753da2af9ea9ade95b7bb8f3e47a506	3575
followup\logs\g8q_b_F186S_fixed_ComputeBinding.txt	ba59c5594654faf26daff264e02736959b2d937a99e965b5f073a573e4bb8864	3575
followup\logs\g8q_b_F186S_repair_RepairStructure.txt	b9a4479931c41fb67dafa9f8a91b3b61b85a7e47f38a443771b20eeed6a1d3ea	14633
followup\logs\g8q_b_I181A_BuildMutant.txt	8e1a31073ab80553aa3d3310a8ecd9fae9d2ed1ea57dff40ce842e43e17132db	1535
followup\logs\g8q_b_I181A_ComputeBinding.txt	b168640f099960760e1f7c1d67bb78d214a39c97c60cf8bd210173e18d1f4129	3575
followup\logs\g8q_b_I181A_fixed_ComputeBinding.txt	f457e13e488567e824a156199b4053ff727c244c7346c887e0ee77d97f81640a	3575
followup\logs\g8q_b_I181A_repair_RepairStructure.txt	c5d46079f1f4434e7be26ed4d4aad4c38789589f0fe7f079c0de2d9610ffe5db	14526
followup\logs\g8q_b_I182A_BuildMutant.txt	f0a31c4b8208ce6ae08bca5009d287b74d9b377d6a5a766f25c1af70d9dbe5f0	1478
followup\logs\g8q_b_I182A_ComputeBinding.txt	fe325d2aa56e0cfbb0940fee945861ff5686e2d30dcf414c6fb6491e06dc8fd4	3575
followup\logs\g8q_b_I182A_fixed_ComputeBinding.txt	0a18ab5aae40925cd68fc8b8afed2e068aeaa12a03d5db458693591c8073e3aa	3575
followup\logs\g8q_b_I182A_repair_RepairStructure.txt	9da2047cee4a683762411a01ebf2796a9dffdcdd6ecf1a7d78a5ac6fce8f7d0b	14526
followup\logs\g8q_b_I182F_BuildMutant.txt	976c79ce9ef03b92f722f83c3956fd667e7c02c01b782f0178fe6f3019cf7281	1478
followup\logs\g8q_b_I182F_ComputeBinding.txt	2060a592ab0759c97a45689f83e01cf0be881c384d5e47042910a329fc03164a	3575
followup\logs\g8q_b_I182F_fixed_ComputeBinding.txt	fb48d143702c39f1736b87d8f941baab0f7a211292f7d8c9094a7e1eb9b3ecac	3575
followup\logs\g8q_b_I182F_repair_RepairStructure.txt	dbb4af5421ea9b829bdb5f5e9be7e1fcc8f9c8ea28722d767d7c45acf91111d7	14567
followup\logs\g8q_b_K124T_BuildMutant.txt	fd5077ab65b6a4c9d1cf7a9abb259f69fa1d25ab1580b15efeece5df5c835198	1516
followup\logs\g8q_b_K124T_ComputeBinding.txt	ecc78058bfc30716c39c2fba5090c0d792f40d8965f711cfc5190b35db6dd1c4	3575
followup\logs\g8q_b_K124T_fixed_ComputeBinding.txt	f0d799aca319492a151165d46123052b33bd0ad90a7acf1c29d14c20e4bbee5e	3575
followup\logs\g8q_b_K124T_repair_RepairStructure.txt	ec0a9e3afe09953ac4f7d841169c496e1b338608ad72d0782e7514c873318088	14633
followup\logs\g8q_b_K171A_BuildMutant.txt	a8f2d9d2424a6ca77e0132106c70d060b32b6f1f8d695733acd803a6f8f3b4cf	1421
followup\logs\g8q_b_K171A_ComputeBinding.txt	649a73e34acf20d8ec8ceb126723817aac19ddafc5d351e49eb49add7e607ea1	3575
followup\logs\g8q_b_K171A_fixed_ComputeBinding.txt	a77dd3f6537acd399deae66bf28ac7cfd43eb89352317e02e53f4d935488dde4	3575
followup\logs\g8q_b_K171A_repair_RepairStructure.txt	999106881e2801fa4409a311ccda8de875926f29358fdbadde887f1b63361a8b	14526
followup\logs\g8q_b_L162P_BuildMutant.txt	4eb1e2a33fc92f305f63939607043eeda47c8e6fc980612c8c2d6500fedc3e9c	1554
followup\logs\g8q_b_L162P_ComputeBinding.txt	7c9f01c10484c4f884d4f5ea1873a9bb4a0b3dc3c9aeee19762b9107202bf7b0	3575
followup\logs\g8q_b_L162P_fixed_ComputeBinding.txt	c1c8dcaca6b6abe7888a97db7731ca822ece4fc896e2b8a7e8df43ed44caafc2	3575
followup\logs\g8q_b_L162P_repair_RepairStructure.txt	040eff738c75b0f0d51f263b7192dfccf453ddb65d936b44c97443cc274cbec6	14567
followup\logs\g8q_b_N184A_BuildMutant.txt	017f536c54fcdcda83bf8426864b4ef5f9e6f6d455194401f4f9eb65686ca4ef	1478
followup\logs\g8q_b_N184A_ComputeBinding.txt	d93dc0e89cda0e02c05d90c6de11dd2935efbfff939e192abaf6de189ead821f	3575
followup\logs\g8q_b_N184A_fixed_ComputeBinding.txt	54c3af6d691f856de664d05d9d3764db42d1178e674d918e2ef1afbd1db9aef9	3575
followup\logs\g8q_b_N184A_repair_RepairStructure.txt	5432bc443b4b155d2c4fba16a8734b2133d2e1efb6a19a18650b4fe7258d7fb5	14480
followup\logs\g8q_b_N184Y_BuildMutant.txt	4a7c93195b19384821634257f6b313b3783d9473f7af081f6cc1a52babd4a35a	1478
followup\logs\g8q_b_N184Y_ComputeBinding.txt	9e7e0837486d457ba5427841b107afdd67bc04c764b4e6a6dfa59a05376bd1bd	3575
followup\logs\g8q_b_N184Y_fixed_ComputeBinding.txt	82d2f7a9efa1ae9c5b343e0cd2f0bf008b7c8eb779b58e2c02fddbb381c152f3	3575
followup\logs\g8q_b_N184Y_repair_RepairStructure.txt	a5b8d687d0ec6b5cc1f7864b758a1a38c121576e8b8f12f6840c5fd032493a55	14587
followup\logs\g8q_b_T163A_BuildMutant.txt	053198631f6e4e141f67410672052f1f761b24f5138af47d4424736ef965993c	1516
followup\logs\g8q_b_T163A_ComputeBinding.txt	7c0d1fc52f56f571e0d2ef655d2fd4c39419debd0e8009896efcb9158034238c	3575
followup\logs\g8q_b_T163A_fixed_ComputeBinding.txt	2e03c8f22ab6d599137886b5ce66d6f2f4057e68c69e00eb54ac9c29a998b84c	3575
followup\logs\g8q_b_T163A_repair_RepairStructure.txt	8171c490e7ed52f0795da2d2b8dbf627a08472b254324da0074c07c0b47288c8	14460
followup\logs\g8q_b_T166I_BuildMutant.txt	ef588bb5a7e7bf62cb791634f9fef5df5e28f67e9ac2fa04d0680193a6cfa6fb	1592
followup\logs\g8q_b_T166I_ComputeBinding.txt	feb470759d08509a78d90acaa9ac6955c0d0b2525bcb699e344a331da148a74d	3575
followup\logs\g8q_b_T166I_fixed_ComputeBinding.txt	db5804abce9571576ce65dded10ef5f8fa2822ff227c7e18e08f8a8af914a1de	3575
followup\logs\g8q_b_T166I_repair_RepairStructure.txt	84fac40fa5ec1073aa895368a4b87478d9160e6fea66a268c4282e5786b83174	14501
followup\logs\g8q_b_V146E_BuildMutant.txt	d8257163888959daa080152196f2a90971de73d6bc850595607d38d585085af8	1459
followup\logs\g8q_b_V146E_ComputeBinding.txt	9c28a58c9b5be8cb90bfb93d0dd55ba01c9a6f1e1118b170bdccbc0d214160a9	3575
followup\logs\g8q_b_V146E_fixed_ComputeBinding.txt	5eb18595abe1d5ea64ce04033d44a48cb5a97b3e9b34377a87497e4d29a69db6	3575
followup\logs\g8q_b_V146E_repair_RepairStructure.txt	20912e508a5db0b3580ffad7f216fa408331b748d48f754bbf3c8310c7738dbe	14567
followup\logs\g8q_b_wt_ComputeBinding.txt	39de2b535c269166787b56be5e60e5bdf8d6c8df15e65f86cbece5971b5c8227	3575
followup\logs\g8q_b_wt_RepairStructure.txt	75f36afec03d0fada26361ae3d9d8ec55b6ba591353c542b6fc948d6ad0fd3bf	28955
followup\logs\g8q_b_wt_second_fixed_e2_ComputeBinding.json	e2cccc6ac37c77d3556e10288c92e38a642ae0229d5b0134ebc746d07257d282	478
followup\logs\g8q_b_wt_second_fixed_e2_ComputeBinding.txt	a12870d36cb6495724e232dfc642508c81b8187fbb0ec15879adfcb9ee6deb9f	3575
followup\logs\g8q_b_wt_second_repacked_ComputeBinding.json	7a7070096bf9cc82c3ce5e92494705ffee52300d8c2e8fa36042ccca9737fc0a	478
followup\logs\g8q_b_wt_second_repacked_ComputeBinding.txt	587ece9709ab1b8a209732cfa22dcbdd53b89e05ea358a3c4e03de2f214c9c53	3575
followup\logs\g8q_b_wt_second_RepairStructure.json	1a12e15621056097564e60692759b4525911d2cc04bab72ba8178a3ab228b5d7	459
followup\logs\g8q_b_wt_second_RepairStructure.txt	366e647caba73d996f9180cf5b4b0442250692ec7348faf1934eb7c7e662447d	14567
followup\logs\state_hap_015f1d250ec9_BuildMutant.json	54199bd967ba50e793632d7c5bb9459c42075e3dd8421f6e212ea91e0883dbda	497
followup\logs\state_hap_015f1d250ec9_BuildMutant.txt	635559eccbd77c0dcdc4ee8485c1717fb3cb185d23055147eb191d398ecbbcd5	1592
followup\logs\state_hap_015f1d250ec9_repair_RepairStructure.json	fe9f1400f6fdfcf57d1b2b146f3b1da2f1afb002135a67515a8764a384781f82	459
followup\logs\state_hap_015f1d250ec9_repair_RepairStructure.txt	55294043ebbd7ec7680ad740d9127df201926d60b24405ed5bcbdc1e5d84754e	14670
followup\logs\state_hap_0171867bda2e_BuildMutant.json	7fa1f13b80d54b809ed3ff9da05826a52ffeb1cfd9783cbc9cb72467679bfebb	497
followup\logs\state_hap_0171867bda2e_BuildMutant.txt	f6c99020c0487adb298641921287471454090fedd414e472f4a7cebe00938470	2618
followup\logs\state_hap_0171867bda2e_repair_RepairStructure.json	99f372d721d2ec83c0e813d258e6fb26f92d7be157ba1828fb18e3e2a0465f1d	459
followup\logs\state_hap_0171867bda2e_repair_RepairStructure.txt	01172e35eb02d40df8f8d4517966c3ef5461954355b57e68ab7fdecab0209d5c	14654
followup\logs\state_hap_019655bb4aa0_BuildMutant.json	d02cbd0a4edfc47607be33ca1195d1abaf311b0556655709cd27b8a86e1156d7	497
followup\logs\state_hap_019655bb4aa0_BuildMutant.txt	c6b43dbcfbb70a44ceb3c99068461e49e181bafc00b21992da0dac41ef6b6728	1725
followup\logs\state_hap_019655bb4aa0_repair_RepairStructure.json	90ea30c0fcb8ae9a9140e6a65305bc7a26a415874e0a21dd1beced3801dae0b0	459
followup\logs\state_hap_019655bb4aa0_repair_RepairStructure.txt	54afe398d062964e74afae6ee609872109ac29e555c962ff55623dd3ecde58d5	14604
followup\logs\state_hap_01d88a40d9a9_BuildMutant.json	aa0c1e696834b995f7fe94c9a9916f69981b3a1a4ae5ca77a6ed55a11f7b3460	497
followup\logs\state_hap_01d88a40d9a9_BuildMutant.txt	aa428d8f0ed2b82ffca0d6c9f84e2f6f4f5ed0495213b14173fbe98e6d13495f	1972
followup\logs\state_hap_01d88a40d9a9_repair_RepairStructure.json	67f7d97db93b4babf254fb551b0e0329abc150a3cfca2e32aeb971434fee8dcd	459
followup\logs\state_hap_01d88a40d9a9_repair_RepairStructure.txt	f5e115bb66f0371df7f17a92c954ddd5aa78656349c388e64bf7e45c65137995	14563
followup\logs\state_hap_02e0a3f348b6_BuildMutant.json	9b5131ec3d237c6371a96cd165883ee76c322c645a0832631f2c8abf53600c2b	497
followup\logs\state_hap_02e0a3f348b6_BuildMutant.txt	604d1fe9ab7ce7c3e2120b0d7c0f9b2a317fcb03bfcedf3415897532a4b355e1	1592
followup\logs\state_hap_02e0a3f348b6_repair_RepairStructure.json	2a49422f7d91a61c61c561de870eca689ca39dd514f1afb60d323f2882221c3c	459
followup\logs\state_hap_02e0a3f348b6_repair_RepairStructure.txt	8a5d8fc17605a8df0853bb77e79e16f65ee714945d8809cf43472e352dec32e1	14670
followup\logs\state_hap_0337ec679859_BuildMutant.json	807fb99bc1d1bfeb88969c304c4a077e03f9776dddc01d8c9b709fcdd1375030	497
followup\logs\state_hap_0337ec679859_BuildMutant.txt	aab71a4b95cb05567745b33c461d0624ceafac5255542571d4a679b622b09ee1	1516
followup\logs\state_hap_0337ec679859_repair_RepairStructure.json	0fc3078a88e5248a9cffd7c9921e0ff300a740102a9f493786d73f4b5cb5c83f	459
followup\logs\state_hap_0337ec679859_repair_RepairStructure.txt	69dca5f7462f5c88add2363be831c53f130ec20c3155266daae8d2a3dd350482	14670
followup\logs\state_hap_038254e41d01_BuildMutant.json	c768185d559e2c0c0af660b598eccbec73e7b9963c9ecf431299fb71a090c4b2	497
followup\logs\state_hap_038254e41d01_BuildMutant.txt	6bb2041aec668bef587deef3e50b21f2a0b7d1ea22e2556f6987b072c448a057	1554
followup\logs\state_hap_038254e41d01_repair_RepairStructure.json	30e2c53789cc4eb287c831bb34cbc18b5f1b558e57546ffa05f42c575ad4a480	459
followup\logs\state_hap_038254e41d01_repair_RepairStructure.txt	41d4591507592c1105f806e2fdd093170956913a8a63e0d0976f6505c96d5758	14670
followup\logs\state_hap_03dec4e784a6_BuildMutant.json	7ec06164f283fc5196ae63eb6a6a013b412267f7fe1745d187b47cc2538b500d	497
followup\logs\state_hap_03dec4e784a6_BuildMutant.txt	7d22abb9a744def70e30f1b4d188721b96898bfb800b16316c82b0bf722daa58	2219
followup\logs\state_hap_03dec4e784a6_repair_RepairStructure.json	6cc2d7cf5d179ebcda4e46dc6e50bde4b406bd19c4edf9f1be8dfae451b89772	459
followup\logs\state_hap_03dec4e784a6_repair_RepairStructure.txt	fd62b84fe3c58f9fd34ab90ab5120660c980d032de3056117344c63070cc33d8	14543
followup\logs\state_hap_05b440db95bb_BuildMutant.json	d7f2ab06111bd16736618a9d3ce86addd459ba4c18eb439f6bc4119f89bce7b2	497
followup\logs\state_hap_05b440db95bb_BuildMutant.txt	8f21299ee4ca3b02191e5b944e7de8be37837b41e393d34c80b07705082163e2	1915
followup\logs\state_hap_05b440db95bb_repair_RepairStructure.json	7c75ab5628ceb89d64ee85a8072a8e878416ffcb9503dba7e53dd99092e389bb	459
followup\logs\state_hap_05b440db95bb_repair_RepairStructure.txt	5a999303b777cf81a8c65a0a097e3bc7af86ce6e1bd4ad7cff8d67d9e7c19b09	14456
followup\logs\state_hap_07c25e563b38_BuildMutant.json	aa7b2c344ec34f78057cbd3e6db45e741fefe9f99a567a571a413b8a950be003	497
followup\logs\state_hap_07c25e563b38_BuildMutant.txt	a0166d3c3a664218339a7616d943ee03a1ef83f8dd000cfdd9fc6a06fa62ba48	1877
followup\logs\state_hap_07c25e563b38_repair_RepairStructure.json	feca78990e6ed333ed32765a967bce3d971fb5aa3cc9b02f4581ee1a9ff84c9a	459
followup\logs\state_hap_07c25e563b38_repair_RepairStructure.txt	fecce3b20171fb127292549dc863454d6e2c6b59644df8194656991877b5b8bc	14497
followup\logs\state_hap_082d15af7e68_BuildMutant.json	1a91bfab49de43561b7b94f9641c07264ee09238d9c487f01ca96b3eca41327c	497
followup\logs\state_hap_082d15af7e68_BuildMutant.txt	b4fcf33bcd63901f6ce8f1dc913b29760d46c88524543fa80dfbae1275889c7c	1763
followup\logs\state_hap_082d15af7e68_repair_RepairStructure.json	d737bf2ed9a3dd5d2daeab93fbfbda494f09c1cac1f3c523f6b859bebe196191	459
followup\logs\state_hap_082d15af7e68_repair_RepairStructure.txt	0c4972fb5228e5cf75b3488adfac0429c22fc354a01ddd26a7a0557fccba2bae	14629
followup\logs\state_hap_0896b5b0a65d_BuildMutant.json	2dbea99491a56054c29a246c114c5da079cdbbc84848fcd0ef0b486121a66a43	497
followup\logs\state_hap_0896b5b0a65d_BuildMutant.txt	590a00fbffe079a5344010f49f70abf06b3abc7b0577847b3053552f0093fcb5	1668
followup\logs\state_hap_0896b5b0a65d_repair_RepairStructure.json	544b235c8cc3a3b4d3121c291b4bfcdc4ef8cf3449a2c44115f7a2f741fb4700	459
followup\logs\state_hap_0896b5b0a65d_repair_RepairStructure.txt	f4c38ad0253f4e4285f08a512adfaa4f40ebc2bd73d8ec12d77e7397fbd37492	14670
followup\logs\state_hap_08c53a3e81c9_BuildMutant.json	2c71b825d8e7edd43f578e1a86131a98f7ce1b66172738cd8d915a6c70d71f23	497
followup\logs\state_hap_08c53a3e81c9_BuildMutant.txt	6cc6c708068ad501b9ea51fd4f08188a3584b25540007896dfc90823e94a152b	1440
followup\logs\state_hap_08c53a3e81c9_repair_RepairStructure.json	c5990d5588ae3e3185da17c9e3888812486835ca7c4819af7caccca8fc09c313	459
followup\logs\state_hap_08c53a3e81c9_repair_RepairStructure.txt	21d36d335939f07db60fa67367af946d9c22d1a0d5df0947fd92e0b80fa88624	14670
followup\logs\state_hap_0a055ab6f5ff_BuildMutant.json	58748a64c6a86641c6371b14ab406f38912055d18027a949c83ac15acecfd441	497
followup\logs\state_hap_0a055ab6f5ff_BuildMutant.txt	8f7911f058d85016d39032eb8d51efef8781d4b5837c07deba105a4e3aa5cb62	1763
followup\logs\state_hap_0a055ab6f5ff_repair_RepairStructure.json	bbe430f60c0033160d70a6884c16b7ed48aff44531b52718648061eeb5038039	459
followup\logs\state_hap_0a055ab6f5ff_repair_RepairStructure.txt	55c9b56bb15b2ce209a995aba06e8802a7f9b34639335c2c1a3d06cca3d7cb9e	14456
followup\logs\state_hap_0a7e4a472c40_BuildMutant.json	377af912fd61dcbfc3e5f319ddb512cf14774797304aa19caa889661bdb06068	497
followup\logs\state_hap_0a7e4a472c40_BuildMutant.txt	02b17399cdb1bd36bf425092cee70d29b88bd633eef829a85c7ecaf15e64b829	1782
followup\logs\state_hap_0a7e4a472c40_repair_RepairStructure.json	93c75c2018464730beb9900d90c68db8a285336baa499a59b9dbcfbb65ea033b	459
followup\logs\state_hap_0a7e4a472c40_repair_RepairStructure.txt	417a6be2344d044b00d4ea2119479d631a5e05ca201d612d65b828492b5ae076	14670
followup\logs\state_hap_0c191bc5aa85_BuildMutant.json	b08a49c46fdeda873ecabd8a1fa6a9a809a70a6ee132e2eb2551fe220169bcea	497
followup\logs\state_hap_0c191bc5aa85_BuildMutant.txt	8ca3c6d38fa6bee79731518255b8f2f9ce51c0bce5fdea056f7adbe9ee31aa9a	1687
followup\logs\state_hap_0c191bc5aa85_repair_RepairStructure.json	9da948bd999b955b26fe9588a405dfca553a415c3f3bf7d390f22da7886c5157	459
followup\logs\state_hap_0c191bc5aa85_repair_RepairStructure.txt	2fe1cde5f232f4671e11258ac800f5f3d4c5c2557653739166334d693b15b841	14563
followup\logs\state_hap_0c9290ecdcf7_BuildMutant.json	a7293d8899b29755c2768f68ec136054a80c52cb7327d9c4711a8e0118ac3b72	497
followup\logs\state_hap_0c9290ecdcf7_BuildMutant.txt	b56275e129c954bdf72fe8faa849dc9e4f1885cddf91114977566c8995bcbba1	1877
followup\logs\state_hap_0c9290ecdcf7_repair_RepairStructure.json	714d2ac0e5999798bdbe403e94c4cb97af169f7ae5163a440c59333ca622430c	459
followup\logs\state_hap_0c9290ecdcf7_repair_RepairStructure.txt	8bc47bd23d8ba8fbe4d9ff32b76a8bbd7bb96fa249ff758f3692781e7751ed6d	14716
followup\logs\state_hap_0d832ae33c90_BuildMutant.json	6449736ff00717dcb47eb595c2fe8f0fbed21e140c422a94e056bd4b225d76a0	497
followup\logs\state_hap_0d832ae33c90_BuildMutant.txt	dfd7dc0920bd933f5d7618a91b4f4353a2a6d297bc2d976437507252279611b5	1915
followup\logs\state_hap_0d832ae33c90_repair_RepairStructure.json	0fc76d18865d50ba8d318be7335440fa8aad1d4cd890a114deb79fe02805b594	459
followup\logs\state_hap_0d832ae33c90_repair_RepairStructure.txt	fbc0cff3f48799dec44fcb6dbb1984a85169ddb10c54c222200ed5586dbeb676	14517
followup\logs\state_hap_0da9d6534d57_BuildMutant.json	2130ab37ec336d96c51e7685a68c05d693c1edc15f425153cf0d37e7e4775f9e	497
followup\logs\state_hap_0da9d6534d57_BuildMutant.txt	1021c27f777b583ad3acfb10a390697d9c1437f5f1cedf792225160563fc797e	1801
followup\logs\state_hap_0da9d6534d57_repair_RepairStructure.json	975b782224319e86ec21bad345b2085a3e096f7286187c8bd212f899c6b751bf	459
followup\logs\state_hap_0da9d6534d57_repair_RepairStructure.txt	1dd6982d8a67bc6bc642f6853c6303fae535edae12c564686b3350f0ac2c04f2	14497
followup\logs\state_hap_0e7fb973fce0_BuildMutant.json	bb219eac73ca8491a6679d2ab81a0885537d6194b9d779a89fabcbab398f7d14	497
followup\logs\state_hap_0e7fb973fce0_BuildMutant.txt	7e0edd7d2d883a7391a8458c7da6ca92a1bf882aa64de9d8c468b41b8fce0ffe	2048
followup\logs\state_hap_0e7fb973fce0_repair_RepairStructure.json	9573cf3d8cce0d3bb5257ba0a07cba21504b60d36665d205a29044ad5126d519	459
followup\logs\state_hap_0e7fb973fce0_repair_RepairStructure.txt	8d0edad54fe76022099373f3b40d3e1b8c62f4c8a4d36c67bcc0a946310175af	14588
followup\logs\state_hap_0eac97d69ee3_BuildMutant.json	5f71d43439843b651a4ff21e900a9887673a179da146fd4c5ffd3d6afe7d1cfa	497
followup\logs\state_hap_0eac97d69ee3_BuildMutant.txt	8e637932e97d2d718291016fbe06fde1781b9af85349413d05489a0ca77ba00e	1820
followup\logs\state_hap_0eac97d69ee3_repair_RepairStructure.json	dd7fc3e21fbb810b3a6e22cf79d4caab285b9d720857847fccc9d7dbcf1aa04b	459
followup\logs\state_hap_0eac97d69ee3_repair_RepairStructure.txt	f034bb53ee87fc77b0da3c82bf2cc008c3e0550d487fcbcbeae4134e11b64115	14543
followup\logs\state_hap_0ee521f63021_BuildMutant.json	587611fcee056d1b966e581cf14962a5eabac23427891c7e20e782fba47afa37	497
followup\logs\state_hap_0ee521f63021_BuildMutant.txt	d4879e6385258c7fdace8d48a46a9abfc7e1c9a71b9bbd36308d9213a3c21b9f	1820
followup\logs\state_hap_0ee521f63021_repair_RepairStructure.json	d9b5ea82ca9979f1ee62afd880cbc4ea4d81babf340d4a53aaf3f522c093845a	459
followup\logs\state_hap_0ee521f63021_repair_RepairStructure.txt	aacb04ed452f521ad5426217f032bb86270dc6defe40c029f132593a57290a27	14497
followup\logs\state_hap_0f301181d0e0_BuildMutant.json	f7b15ea80d0f7c86f8d1c2d35b8a43f3df8437cd2d68228571f415d6f7d4c4f6	497
followup\logs\state_hap_0f301181d0e0_BuildMutant.txt	57a5696922d670309c9b3d1f2daf5303207168764afa255f6da104a9e6bb2caa	1668
followup\logs\state_hap_0f301181d0e0_repair_RepairStructure.json	65bd56d791e8f44c5ce5c5a4d05533999894d1a420d63cd7085a4e501dfe95d2	459
followup\logs\state_hap_0f301181d0e0_repair_RepairStructure.txt	3d875ad52dc891bcdf1d57c2e1aaf1e5bd8aa7f07c4c078c09607bc47cef7046	14690
followup\logs\state_hap_1039a12113f4_BuildMutant.json	f29675bdc3c492ff7504f4e249584c8ad048d6a95abb59131187a2da5ab367ef	497
followup\logs\state_hap_1039a12113f4_BuildMutant.txt	07b1d9dec5973fe77ba2a28eb7ffa4331f5ec5453ba74fb248ecf8cb556a037b	1573
followup\logs\state_hap_1039a12113f4_repair_RepairStructure.json	908c2cddc7a26bb54f79801a1c844cf69796f9094687eed84405d5758b97d885	459
followup\logs\state_hap_1039a12113f4_repair_RepairStructure.txt	4e95fc7c5e77045fd82950c1adf8df3bbb0cb43322886399da42bf119a6294f7	14563
followup\logs\state_hap_1095b9216a5a_BuildMutant.json	638fcd69966dd9604446b4dfa630a9bace1e1ac54de9fb6f33ddf8243cd69d41	497
followup\logs\state_hap_1095b9216a5a_BuildMutant.txt	21cd03903e34f9ee42362288ff64d6871604979b231d40ff7790b3510af3016d	2048
followup\logs\state_hap_1095b9216a5a_repair_RepairStructure.json	b6566c2fe2c2f8a7000118a7f1d9b0ad789c08c54a0db6a05ca6dc8c50939736	459
followup\logs\state_hap_1095b9216a5a_repair_RepairStructure.txt	7022cf5c542b4d33a2f86946954ed501ed3257c0af8a6cacd18907d50649d6b3	14695
followup\logs\state_hap_11784245701e_BuildMutant.json	c08fa21b1742b2f8e47fc98fee45f3131315e63ec7c61f7876b7ec5a12e8bc5c	497
followup\logs\state_hap_11784245701e_BuildMutant.txt	99bcc38d62ab61bc1af5accf0d3bd23254644cba61661622f6a9d396be702ae6	1706
followup\logs\state_hap_11784245701e_repair_RepairStructure.json	f43570d315cd8db98284275f4c822fb6576906a437fd4f25369e430f4a2b4c9f	459
followup\logs\state_hap_11784245701e_repair_RepairStructure.txt	4f4da9129367323b611eef641ed06f8fb30f85ce909dbfb329c208c1c1404546	14563
followup\logs\state_hap_12349790872f_BuildMutant.json	1d346492303ec37a93d52358cd6dfbbf94a96950ad5ee90f502abfedf6c82836	497
followup\logs\state_hap_12349790872f_BuildMutant.txt	19bb96aac1cc6abbb28bb184e43732a17feaddfd0a5411357e27b3fae0196a29	1649
followup\logs\state_hap_12349790872f_repair_RepairStructure.json	27f5d847e04e21682e8077c4a609f2031e2586b7af235df1bfcc2777ebe3e13f	459
followup\logs\state_hap_12349790872f_repair_RepairStructure.txt	f760e051f6e1e49219a9619027775e0d47ccddf0b9a4d160a994a4693726bd8f	14670
followup\logs\state_hap_135666d2f605_BuildMutant.json	18a5dc5f6c5c86b46e06bd5ed8462ea4342d46dcbce2e673b31b0e726abcfb50	497
followup\logs\state_hap_135666d2f605_BuildMutant.txt	90c07be97f98274c1ea4fdb7ea8110820b9a483046c9eb3713fe5f85bd6d3bfa	1877
followup\logs\state_hap_135666d2f605_repair_RepairStructure.json	f952b279ae97ee137d6b6e133c1ee0dba9c7b976eb2e88e202a5cd408aaa022d	459
followup\logs\state_hap_135666d2f605_repair_RepairStructure.txt	c913c6a0c8770dfbe73ad5d90ed2cae1d4a79ed075b1346ea0201041f3c2f9c8	14497
followup\logs\state_hap_1515c4909047_BuildMutant.json	28ca93089825db16127fcc796ff08b71ff82127091a8bb297db4ee1b97f3b13b	497
followup\logs\state_hap_1515c4909047_BuildMutant.txt	7b4cf2918887cdf90b64a6642d25eec725180dfaffd5e30461124435ad54d853	1972
followup\logs\state_hap_1515c4909047_repair_RepairStructure.json	7a2fd9e5927c2d05c9806d69ef549351f4f778c84001573f12ae568929e08d51	459
followup\logs\state_hap_1515c4909047_repair_RepairStructure.txt	ab05109dc457eb59c5d7ee8fa09c08f8acf80a714608f22b4ed8493cd169da98	14543
followup\logs\state_hap_156754018508_BuildMutant.json	54879c9e9589253ddea22d9885f1c47c70eb623d75a2071003d319f2696000e8	497
followup\logs\state_hap_156754018508_BuildMutant.txt	f9fa88a120abae34c55669cdedc76bd8bdedbb0818c85bacd91746a5c27fe545	1554
followup\logs\state_hap_156754018508_repair_RepairStructure.json	a1a4b1be904a07c234db27b649853d6143d582cb1a44ba13293328ce18a87298	459
followup\logs\state_hap_156754018508_repair_RepairStructure.txt	e23b9e451a33ccdee3df4bf591f8660f022291b8af850fa3cb96c43795a2a899	14604
followup\logs\state_hap_15a928b6a7ad_BuildMutant.json	c8068be5b300ef6afc748e86ef240165e52148bfba5b69e5471766c88374749c	497
followup\logs\state_hap_15a928b6a7ad_BuildMutant.txt	9bf5556f32724cc5db8e91a5e1d4adaa4012efdcacdb5dc02b4a167d264ed3a4	2238
followup\logs\state_hap_15a928b6a7ad_repair_RepairStructure.json	01ba479745651506b345b07642c3b123143a0b0a1a4bfbd816b3ba528ff3d0f9	459
followup\logs\state_hap_15a928b6a7ad_repair_RepairStructure.txt	aa77ced3acfbb9b6d12c5f221731a97947ac731805479c4cbd0b9364882d7dda	14522
followup\logs\state_hap_15cd94431f50_BuildMutant.json	a7694e7a1848fe84ed82726fc49db8188706f703606ec2a3424b4d9132754189	497
followup\logs\state_hap_15cd94431f50_BuildMutant.txt	56cd74b33ef5bb8cb35ec42cdb3832cbed18a4f1ecfab3afed25e5ef5f41f9cc	1839
followup\logs\state_hap_15cd94431f50_repair_RepairStructure.json	b21f79d05f84ce05fa64a33a5a5545d095113bd6b8439a3d10696b012cd7d320	459
followup\logs\state_hap_15cd94431f50_repair_RepairStructure.txt	ffe4cd4da23a602d6bd247d52da29a26df1c18ee1a187873c729165460203294	14609
followup\logs\state_hap_15ef7b09f39a_BuildMutant.json	17824237ff7775e2139a19ba977e1de9ae177e34aaaee92231734064a2fa9ae4	497
followup\logs\state_hap_15ef7b09f39a_BuildMutant.txt	762878bfe9dc5b1ce95c57f15d5488a0d88dc44ff6a29c5a2fd5e35f0cb307bd	2067
followup\logs\state_hap_15ef7b09f39a_repair_RepairStructure.json	619911d95f7c0abba83bdf7bffb14910b81e109615d49fecb6f50b9a6463acc8	459
followup\logs\state_hap_15ef7b09f39a_repair_RepairStructure.txt	67e31219f39965767bff4c12d302b012078e36442dad57520df4eaf9d8c9d27c	14522
followup\logs\state_hap_162617aaac7d_BuildMutant.json	17bcd05135bce466c03022ec40b72ab04b2a959fd6d23837e4905fd8a1dc6c1a	497
followup\logs\state_hap_162617aaac7d_BuildMutant.txt	a26b1a1ce2ba21478e89784325c50c8795e43aae21b482a9973b72bb9ddb246d	1725
followup\logs\state_hap_162617aaac7d_repair_RepairStructure.json	931c9903c6f5f2a3ac7e2742646bc7f43ae7ffa1ef30243aefbc8c6c773d3c23	459
followup\logs\state_hap_162617aaac7d_repair_RepairStructure.txt	cb11aa5cba320775ea6269d8af97abd4b57bda30f1ddfda20704670514df9851	14563
followup\logs\state_hap_162a84017f8a_BuildMutant.json	42fe8e41c5e9ff5ada50d50f5ebf747fc20c4a2f1e59bc9e4dd7d57278fd540c	497
followup\logs\state_hap_162a84017f8a_BuildMutant.txt	ff013ffdc005313e787212ab0a0fd079103ec47dfc9b452ef0d18c7f8c3d3e43	1877
followup\logs\state_hap_162a84017f8a_repair_RepairStructure.json	803188379e7751fcdd64f41ce368612cf43811152ae587a9ff3f163c85b034e9	459
followup\logs\state_hap_162a84017f8a_repair_RepairStructure.txt	c3d641eedefd3312dd5a50abbf549264353f6cb8e5df7b1c166c1aba0c6b8355	14502
followup\logs\state_hap_175bb781c44c_BuildMutant.json	a0cdd299a7683246982b352b8d73693558b88c3dc6e1916fdf5a649736ba1004	497
followup\logs\state_hap_175bb781c44c_BuildMutant.txt	5c8c89fd9bd690f6e2341f2d13c93af2d3b8a153ad01bc528f34bc91a45e9980	2220
followup\logs\state_hap_175bb781c44c_repair_RepairStructure.json	06c975e78c3d86c710de6daeb42b1800a236aecee85a5ca56469b54cfdacd2a8	459
followup\logs\state_hap_175bb781c44c_repair_RepairStructure.txt	88e1e591a51fac923b5670d80434d0b35f7857a6a3c6f9fd6ea0de8f379656fb	14542
followup\logs\state_hap_184fb710e202_BuildMutant.json	3b94c928924aa8bb314035ba8cddae398912f09dafeead0b15721b33f69a5c1a	497
followup\logs\state_hap_184fb710e202_BuildMutant.txt	7cee7cb2e66ecd6274e10f67e65b1fe8d9c2414b87f1139bd3e5e6528592f098	1687
followup\logs\state_hap_184fb710e202_repair_RepairStructure.json	1d1e4ec533b3775a8d022bcdad07a80a4738a7869f35af7c32cfc46901a41841	459
followup\logs\state_hap_184fb710e202_repair_RepairStructure.txt	7b17daf189d1b781cdf2300055ebe493aa2972be1427b74e0d26877126f0465f	14563
followup\logs\state_hap_1a2999f0e1be_BuildMutant.json	aa4c73b41ff1160c696580b8d2bcca55c298057b6b5b4e6d5b6a4b305eea346c	497
followup\logs\state_hap_1a2999f0e1be_BuildMutant.txt	192b5ec36d4efcccdf7e50945139b617863eda763b292ce6b300da6ac6b20817	1649
followup\logs\state_hap_1a2999f0e1be_repair_RepairStructure.json	5983324d6ee7e292749059f41d636d998722b423bd0420ec9cc62b9f610c6bb4	459
followup\logs\state_hap_1a2999f0e1be_repair_RepairStructure.txt	bca6f1291f1422e056a9e8874f02c5a2b3101109e6b04d7895c81d46753b7fa9	14497
followup\logs\state_hap_1a2ce9924cc0_BuildMutant.json	14eb9b78f68ca424aac47db8e2c09c9d68c3dcc5c0f4801560d88fdb32c558ff	497
followup\logs\state_hap_1a2ce9924cc0_BuildMutant.txt	6dde2f4102f3006e3d527c0cbab5274055351903c1b884b1c04a7ae2601081ed	1972
followup\logs\state_hap_1a2ce9924cc0_repair_RepairStructure.json	f47b37b979083c8657a6f87be0e974d74cbfda292bf0ca833afafbf77248070e	459
followup\logs\state_hap_1a2ce9924cc0_repair_RepairStructure.txt	e01505e4a02515363a674a8857a2ad984a4e61b47d93183a5a8ce8d6846af51b	14522
followup\logs\state_hap_1b937b8ffebc_BuildMutant.json	205cb8d9a377371fe51b048e39c1e9ad682535e8f800b74b7cfe67574874d1e1	497
followup\logs\state_hap_1b937b8ffebc_BuildMutant.txt	1fb57da86e8f646385d55ee75bc6609db3063464b9e7a9190f0c396b28ee2e63	1725
followup\logs\state_hap_1b937b8ffebc_repair_RepairStructure.json	4d0cbd67013258cf3f9bbdb8cc5a950d64ad5c7083c35087cd3bd1e6400b529a	459
followup\logs\state_hap_1b937b8ffebc_repair_RepairStructure.txt	58d4cc2609b5dfa4cfd840669e0312a8614d6d2576b0432e08760f7d8e2cd470	14563
followup\logs\state_hap_1be64589aa94_BuildMutant.json	55b047cf3b96b02c09685b3466f7ecd8d65a4378a88150eea273d5b680fb06d4	497
followup\logs\state_hap_1be64589aa94_BuildMutant.txt	419027b5b76cbbdd0df79ca1d96c93c506c4a3f57696e7a71ba6246495526ed1	2314
followup\logs\state_hap_1be64589aa94_repair_RepairStructure.json	b8126ea495a639aea22dbe3ea7074b7470e52fa7ea3842f5673107b896db3d54	459
followup\logs\state_hap_1be64589aa94_repair_RepairStructure.txt	8fe9896cf26ea65710b129b363cc553bf962da19bf5f78594b32ba5f926a128b	14609
followup\logs\state_hap_1eb3dbcc8605_BuildMutant.json	ab1404452bb5fb35f3735f53c23b4392180d775133c061227b18039f04ba5580	497
followup\logs\state_hap_1eb3dbcc8605_BuildMutant.txt	e8b19fd602ad7e6812ffe0e8172fbd02b8cce5fe87f6df6fce3df1ac33b08484	1649
followup\logs\state_hap_1eb3dbcc8605_repair_RepairStructure.json	ad7241463422ac34cca86ac75d63426904b35645d320796ced7c2990ecd2ab81	459
followup\logs\state_hap_1eb3dbcc8605_repair_RepairStructure.txt	6a8d72d0182342d6c384ec0d23a799de40eda9f8fdc7724b667e648d64818298	14670
followup\logs\state_hap_1fddebe43917_BuildMutant.json	8e6eb6046003eb626fefa3526cb7e0636123d574e1c90d03981886c370e1944f	497
followup\logs\state_hap_1fddebe43917_BuildMutant.txt	c5317a4f366676cb332fc27672282b69ec14002f06986e1645d1b1d4a968ef6a	1820
followup\logs\state_hap_1fddebe43917_repair_RepairStructure.json	7f2fcc100f8800434c2c05d1efd91765700b637c02c51a7174f2ec735d05ee50	459
followup\logs\state_hap_1fddebe43917_repair_RepairStructure.txt	c2f2eaefb1a2414654e476c8ed699aed16abea0c1cc2a27ffdc6146edd675fed	14563
followup\logs\state_hap_217e6e82f5b5_BuildMutant.json	288f75ba6dcd9d2ce357e60ea9fc92e276356350f8b6f9afe66abf55060a2c93	497
followup\logs\state_hap_217e6e82f5b5_BuildMutant.txt	8f21299ee4ca3b02191e5b944e7de8be37837b41e393d34c80b07705082163e2	1915
followup\logs\state_hap_217e6e82f5b5_repair_RepairStructure.json	5a8d979cb7960a01b7f7b0c18836eaf1f17d9f26cf1c145a556b47e325826176	459
followup\logs\state_hap_217e6e82f5b5_repair_RepairStructure.txt	f3cdcbf78c8e35e56725c6075af32bc34f818677b63cf55b8a6ddbd77fafdf83	14522
followup\logs\state_hap_21a242ee7910_BuildMutant.json	55eb3dd56f5ccd43730aaad8afc56f83b5b92832fc54f5d82e24877ee4dc67a6	497
followup\logs\state_hap_21a242ee7910_BuildMutant.txt	d101421a5593a447b96e2fd7d94d5009f3bb48f41b987c318f36dd53125b8f4e	1668
followup\logs\state_hap_21a242ee7910_repair_RepairStructure.json	e0d1cbaf36bc654914e17a02d7c58fc16e62dbc5e120805e95a0758a5b604cb2	459
followup\logs\state_hap_21a242ee7910_repair_RepairStructure.txt	96a8828941153757449631d616333c08411c86a40448b373ee0498e0bcda11e6	14563
followup\logs\state_hap_2296bad20f62_BuildMutant.json	a00b87f53fe5226d81fe2976af0328b1c638290ff1bd23c70e434b9d50facce4	497
followup\logs\state_hap_2296bad20f62_BuildMutant.txt	84a5cf763003c3dc602d3ee73bbdf5a9e6b793f000219c32d26b64a19ca1b79b	1725
followup\logs\state_hap_2296bad20f62_repair_RepairStructure.json	f18c48a723f9b74994b182561dbb0b7b333d1fbab6b264e5b105b12af0fbbb06	459
followup\logs\state_hap_2296bad20f62_repair_RepairStructure.txt	8a578bece8cfcc917edf2275cb4bb79e5b6a74f1b5411abf2597bd507bf5c136	14563
followup\logs\state_hap_24fd72def865_BuildMutant.json	95dd66bc75a0da83b227cd37e2a539880dde07ff52b1e9fecddade246f294a82	497
followup\logs\state_hap_24fd72def865_BuildMutant.txt	7470f46132d4c379445f25da5158cd77993e54e83da946d68ec960b893084301	1763
followup\logs\state_hap_24fd72def865_repair_RepairStructure.json	3707dbe78d4a8c451a17cbf5bfe6944dcc7b04430483353af48698d83be3b5a8	459
followup\logs\state_hap_24fd72def865_repair_RepairStructure.txt	c2cf9b710011a09ba21a5938d86e37ffe31294876e9bb1d0b47f299ba31576ae	14517
followup\logs\state_hap_25f6dcb72cd8_BuildMutant.json	64b02d7da678da05ca90c7b4c86322e5c07a1b5472793d49cdba74ea36875204	497
followup\logs\state_hap_25f6dcb72cd8_BuildMutant.txt	d5fbf552a784d86bb14efd2e5f4dd93e309a5c572a811d0b6a2026406b1bf6ea	1763
followup\logs\state_hap_25f6dcb72cd8_repair_RepairStructure.json	af9222bb7098b654069dad741dec75239240f54dda857f1994cc71e8fd5d8154	459
followup\logs\state_hap_25f6dcb72cd8_repair_RepairStructure.txt	cd81dfb79c52c8f8dad95e02b800380f25efb26476eb3cf4251f279f9d326d55	14456
followup\logs\state_hap_277227ccce57_BuildMutant.json	a9d6f7a81b989c49df172a514bb4041110698a40cecd2a67ce62c925f017bb3f	497
followup\logs\state_hap_277227ccce57_BuildMutant.txt	519cf026d728157b50ae890a154e479f301aa15b7bf5fef821595a81f8184fab	1687
followup\logs\state_hap_277227ccce57_repair_RepairStructure.json	b14e4af1acf5d4de63b27419f39760a058e6c1f7723439b286864a3a94e61c92	459
followup\logs\state_hap_277227ccce57_repair_RepairStructure.txt	2b0c983dbfb1ac23e2b027273419a4db41ecc268b1ba1e7807c3417b92c063b1	14522
followup\logs\state_hap_28e0c1223457_BuildMutant.json	3bb5022173d717a6c7a13351ed621077b7d4e96ef52d214e061f6ae712e481ac	497
followup\logs\state_hap_28e0c1223457_BuildMutant.txt	21f9d5a81fbec0b9aa28a610118f4ddb6f77b810e00fbe7c23e7ac6c7999fe74	1763
followup\logs\state_hap_28e0c1223457_repair_RepairStructure.json	5fcdc34019f67e762be39b0ae91c1685b48e6476efb4fc9e095e59559d092cd4	459
followup\logs\state_hap_28e0c1223457_repair_RepairStructure.txt	e842ab878263b11a0a8e8bf9372568bdb9c3c44efc46782afd147be1f6610e6d	14690
followup\logs\state_hap_2923ab642959_BuildMutant.json	4e7662aef2ecfbaccf13322b6a18f03f6f58f150a3a0d2196d8319569a2bec69	497
followup\logs\state_hap_2923ab642959_BuildMutant.txt	a5547f09dd65ca8eff389555c8085fd5a85736a3a10cd1a83b758cc86f79157b	1972
followup\logs\state_hap_2923ab642959_repair_RepairStructure.json	556ea659af50d12758f37e9607311d370dfb8cf1338eb001a31105bc4595377d	459
followup\logs\state_hap_2923ab642959_repair_RepairStructure.txt	a5284ce434463c433b37447839e8a075699decbfc77197d04d4d03d3637215be	14564
followup\logs\state_hap_29a3933ffdd6_BuildMutant.json	7a84d70f65dcec94d6e04c75a83b53dcbf14403c56ab8ff5071cb21273c7266c	497
followup\logs\state_hap_29a3933ffdd6_BuildMutant.txt	5ebcac8fefe736470780cfb930952dd1039da4198d62576a77aca83285f8e391	2238
followup\logs\state_hap_29a3933ffdd6_repair_RepairStructure.json	e22f354b1b820f4e89164ef891a2610e4cfcea5e0bbe0b6dbc83726b0c09e3b1	459
followup\logs\state_hap_29a3933ffdd6_repair_RepairStructure.txt	92e08fee4723595cc03cd0ba9cad70cb2a6f9d0b3db87fb05067d74f610eb2f1	14498
followup\logs\state_hap_29b4d0878707_BuildMutant.json	74aaf0545b7fc9b717a1924df6941946ac720bba056fa0cbf1ec5d4aef84a301	497
followup\logs\state_hap_29b4d0878707_BuildMutant.txt	adbf6e99b474c1a7e8f877a2505901e19d283d58d3c1e733ac65761efe27c6e9	1763
followup\logs\state_hap_29b4d0878707_repair_RepairStructure.json	fb4f843cbc28fe8b89197c1889b5e1f5cf8a01c1706fc950894b869de8818a33	459
followup\logs\state_hap_29b4d0878707_repair_RepairStructure.txt	9315210178e0b3d31d582bf041a9bf0161b03933e5e1d0ba300664da09ef924e	14690
followup\logs\state_hap_29e4d7667b0e_BuildMutant.json	81d60ea4e1c07e86c2505c7d14b9be88eb951f469087f1df897bc86a9b24cad2	497
followup\logs\state_hap_29e4d7667b0e_BuildMutant.txt	6da8bd9a034f1b2952bb86914540cad81e0bdfbca53633e83f3d2ddc8bd690fc	1554
followup\logs\state_hap_29e4d7667b0e_repair_RepairStructure.json	484e39df5d3fb3ab7c432cf83a1b4d30210fb6112e867181179bbeb2f104054e	459
followup\logs\state_hap_29e4d7667b0e_repair_RepairStructure.txt	677670d87426ad3c00cc19afbe6b26c96ea8c13360fe98565308d66fd3459099	14563
followup\logs\state_hap_2a77da40433d_BuildMutant.json	45550c065d4d7e5ee628b1468cf794223b5d32a66a4072e7451cc535f620aeca	497
followup\logs\state_hap_2a77da40433d_BuildMutant.txt	ddf3a871e5e0cb908882f66655ad5114643b4e89fafa3347f619f2a3ae57026f	1649
followup\logs\state_hap_2a77da40433d_repair_RepairStructure.json	ca084a7b3e124a4d1072a4e8c61b97faad1636b0ae7ab407468b7a04ee964b39	459
followup\logs\state_hap_2a77da40433d_repair_RepairStructure.txt	8cb15e638d5ad35f13cd02f40311b5eba510204d39b53e883d685a9d06476422	14456
followup\logs\state_hap_2c9c73815257_BuildMutant.json	5874585f5f78db2083591781a38931d3d01c5090502f8b14eefa06aca8b2d30e	497
followup\logs\state_hap_2c9c73815257_BuildMutant.txt	db508d3d54b6b1baa197fd87022ff0780bffb40e681911a78838fc22c28de7ea	1763
followup\logs\state_hap_2c9c73815257_repair_RepairStructure.json	d1d03065287a003753241bd821e86f2228cbd2cee7ba163d6f3c3930603df628	459
followup\logs\state_hap_2c9c73815257_repair_RepairStructure.txt	8547bd18b3a2ed3771dbc7d651c45405130166c2636da3c5b0fe665092c757ad	14456
followup\logs\state_hap_2ce9501e7d65_BuildMutant.json	a423afa959f944d34bcb6c24844e9c2b918ac55524a762a6dbe1ace2ab513f2c	497
followup\logs\state_hap_2ce9501e7d65_BuildMutant.txt	875a4713a43d32ac04804f12e5c51292ff6ee413c6146d987588308970c3d290	2162
followup\logs\state_hap_2ce9501e7d65_repair_RepairStructure.json	83c8d552b166fd9cb9a2e7d756ab8c9672a50a6a9bf7514110f55276566851d9	459
followup\logs\state_hap_2ce9501e7d65_repair_RepairStructure.txt	3c957c8f7a3856837f84ba9184ce613989c741376c210c4fc313a8d7659ca271	14604
followup\logs\state_hap_2d57b0b5ccf4_BuildMutant.json	897ad01fd14c3d37aa3c4b5f0fcc707da5f54227078b88d6d867627a9c659669	497
followup\logs\state_hap_2d57b0b5ccf4_BuildMutant.txt	3202c6c4fdb035792715412398c7700dff16f91f2f728ff6f666a2853cf43063	2200
followup\logs\state_hap_2d57b0b5ccf4_repair_RepairStructure.json	587014c0817f3cdabb93ac70f0ee17d17a492c9dbf6f9e1f805f6e32cb35a5ff	459
followup\logs\state_hap_2d57b0b5ccf4_repair_RepairStructure.txt	7ba7b3ccff75ab43882468bbd10ded43ff0bc5db9fde210de865ba213c51a1ff	14522
followup\logs\state_hap_2dd0404622aa_BuildMutant.json	4dfcccf105141b3a4f8cb68dea71a4d8e142354120b2e3948af533285ee1cbc8	497
followup\logs\state_hap_2dd0404622aa_BuildMutant.txt	1f6e67fee3ccc11dc167b96db48d4ead2f124f976c819c6838d8192714d8f555	1972
followup\logs\state_hap_2dd0404622aa_repair_RepairStructure.json	952e9eb5f3043d136485915539a7298d06e7fae615485e8b7c27d80fc926c9fb	459
followup\logs\state_hap_2dd0404622aa_repair_RepairStructure.txt	54da391946b3d2517d62dcf8088327ae1f26ac227a488318c5084d7b70de2fca	14670
followup\logs\state_hap_2e02c360ca30_BuildMutant.json	1479ee9740659e8994b219ea5482cd45ac4f97d4f4697426ae9e8dedb9956f73	497
followup\logs\state_hap_2e02c360ca30_BuildMutant.txt	14e26978a4b5c6888b1d278a7213f39effe2ac5528eabebd7c97f023d5c292e9	1915
followup\logs\state_hap_2e02c360ca30_repair_RepairStructure.json	c7ec882c55c1ee0da1c2cb412a3dfd93d63dda2d40655f32956b2396104f4fec	459
followup\logs\state_hap_2e02c360ca30_repair_RepairStructure.txt	7b90650ed0bd4d1d0768736be8f2ac73ea6b5eef85df244274010b12ac3842f7	14497
followup\logs\state_hap_2edf53b94d14_BuildMutant.json	854251ee93546754809109dd635b2706a02690d953cba5c96c7cd44a52946bca	497
followup\logs\state_hap_2edf53b94d14_BuildMutant.txt	6124a25a593e2436b5facbe5d31f3422907b2831a1ed7d05ac4632ec5ff6277c	1972
followup\logs\state_hap_2edf53b94d14_repair_RepairStructure.json	b73deb98313e2f7aa48ba79eadcefe35bb3d33c68fd29a6b0d0d329809ed559a	459
followup\logs\state_hap_2edf53b94d14_repair_RepairStructure.txt	0b50efa19863b05e5e5d48e80b9b75982aa5184dafeabc9d2412cf25232386f4	14543
followup\logs\state_hap_3003d3454ecb_BuildMutant.json	0ac7f7ac7e45cbdb62940fae7f3c0ad284af8921fbaefcee26d8a2d1ce7d3593	497
followup\logs\state_hap_3003d3454ecb_BuildMutant.txt	577799bde547057b6d5faaca2bba6075f4d6ace13429c999cb1515f4a810c4b1	1725
followup\logs\state_hap_3003d3454ecb_repair_RepairStructure.json	8f1e51de211b81fe7687672feafb5d9fff371802ec34d2f41f6b46a196ebbbe1	459
followup\logs\state_hap_3003d3454ecb_repair_RepairStructure.txt	253f3369b0bf09c92676423bba78df87022530ead903104403fced73e0eb72a9	14563
followup\logs\state_hap_307af495f212_BuildMutant.json	862230dee930c2afd12eb19b22c66fcf4ec9d6b93899ab0a98a7835688c00264	497
followup\logs\state_hap_307af495f212_BuildMutant.txt	6c8a49bbe37b393906ce2c26d29af20d1153b02a26cb614b624b24a9dee7b5fc	1877
followup\logs\state_hap_307af495f212_repair_RepairStructure.json	3bcbfcb230b26e2a3e5cb435a30adec27bd76dc6347cc9bf902d3945269b7cce	459
followup\logs\state_hap_307af495f212_repair_RepairStructure.txt	7e313e119f45b50629c8448ded697c3a3ca8920de28a598d151a2a334e1049c4	14609
followup\logs\state_hap_30c34a4b0a33_BuildMutant.json	3bdb2cfaa8fcc25b8c3f356706010f031971408c43c5033ce05d295ea0993aec	497
followup\logs\state_hap_30c34a4b0a33_BuildMutant.txt	a58d110fc3c6d65f9839cf6461eb63e21b523e51ff443bd6ca0b76bf4cfb66de	2219
followup\logs\state_hap_30c34a4b0a33_repair_RepairStructure.json	7029be135cb85c0ce8736711b04b2b84ef00b46bc615242c2edc1dfb86ccc429	459
followup\logs\state_hap_30c34a4b0a33_repair_RepairStructure.txt	b9ce6ae45d6052d836f22110d4021cbd2f03562042334ed24e4bf337fd43308f	14588
followup\logs\state_hap_30e4a3addd06_BuildMutant.json	5adc1ef3d5b2f8f899effcdcd2d2154879189ce3e3fc56600ed697cc476f42d5	497
followup\logs\state_hap_30e4a3addd06_BuildMutant.txt	78d8497804fbe3ddfba75065c4cc40825a5195f8ba08b6abe43f1c66ec306374	1915
followup\logs\state_hap_30e4a3addd06_repair_RepairStructure.json	28b7da632db8f72ae5755656cdac0f4e3ca7226be6d745ce666776dcb950a3fe	459
followup\logs\state_hap_30e4a3addd06_repair_RepairStructure.txt	57020f113662fa3f203a9036a105d49d208697729ed6787b53dfee2edf960cda	14563
followup\logs\state_hap_317d74d43535_BuildMutant.json	741c3b646d38d36acb0802313a6652fcfb6dfdd4c026a3b941debe28dea4ffe5	497
followup\logs\state_hap_317d74d43535_BuildMutant.txt	a271db1664d6fd88c2eb23fe26549e035c29c50672f9e25a0a3cdb3dc855ca95	1687
followup\logs\state_hap_317d74d43535_repair_RepairStructure.json	9cb47408c3b26d744706164b2fb69c134b1ad7b80927cfec67c153384db8b30e	459
followup\logs\state_hap_317d74d43535_repair_RepairStructure.txt	5967791821f8b1e7a5916d79e8127307d1b755807218d7d0c52355beff4aae4c	14563
followup\logs\state_hap_320b6dd53a14_BuildMutant.json	3f02c36575ae498dafcb5bbc494bdabeb72f44b84aca0076f4f4bd1ba29bbefc	497
followup\logs\state_hap_320b6dd53a14_BuildMutant.txt	6aee4d4dccdef3d6f4b72ee673dbced6f3382164ebdb2d8b66aee277fde324e0	2257
followup\logs\state_hap_320b6dd53a14_repair_RepairStructure.json	e2a08900aec15dd6358ec5d57c7954d2deb84c5e33dcc2aa4405d166e705161f	459
followup\logs\state_hap_320b6dd53a14_repair_RepairStructure.txt	b5d0106670d11586660874c2065559fcbe0a45237be731b36843d6440e93b725	14583
followup\logs\state_hap_3215affa9fea_BuildMutant.json	868a3d23c1b7e9b3c219d644a784f6cbcd1402812f78623a8ce8288d1b6d0120	497
followup\logs\state_hap_3215affa9fea_BuildMutant.txt	ca78f6b89ed5b9db4c9d8f4bacfd35ac694478d19054101366f5d30a72c3cfd5	1763
followup\logs\state_hap_3215affa9fea_repair_RepairStructure.json	751da9c28071a4c4c187918566e9ee83de2e965c453046e6363f37483068472d	459
followup\logs\state_hap_3215affa9fea_repair_RepairStructure.txt	68719d510094b4325799d4b7c52fc37f3dfe52cf5b3306873e83bbfb143f95e4	14456
followup\logs\state_hap_348decab8437_BuildMutant.json	c76ac718d247202df17216ff1297cb51d5d9ee1bf8744f3ad0cfeef2130f4ea7	497
followup\logs\state_hap_348decab8437_BuildMutant.txt	3d6476074a5656b8dc1882b25490b8e6c880d24f1bc147e615667c9352c12428	1649
followup\logs\state_hap_348decab8437_repair_RepairStructure.json	fef7cff8c1d0a0a267c2d65ca84ab5de29b750433ae8cda4e88127b70a896a7d	459
followup\logs\state_hap_348decab8437_repair_RepairStructure.txt	cd01b112b234f775d11054449d1b0a8af28db67a4735992bd178db08740a9ba0	14456
followup\logs\state_hap_354bfe7edcf3_BuildMutant.json	74c7d690317adae0a56f756030a8ecfb697ebfcbd57121d9922b7b32aa9b4123	497
followup\logs\state_hap_354bfe7edcf3_BuildMutant.txt	886f709435aa297f705ebd187add13fc85ba68882f1cb284a22caebd838587de	1649
followup\logs\state_hap_354bfe7edcf3_repair_RepairStructure.json	db2851d341b5c3546cd64d2bdab88db6ace54c2843d443e53d283f8e0af1c421	459
followup\logs\state_hap_354bfe7edcf3_repair_RepairStructure.txt	82448c267b33107c72bc196c99ff6c4b3933fb8680cff1613a97df0e489950be	14497
followup\logs\state_hap_3652626d878e_BuildMutant.json	50f467b84709a2b27a8ad9db1231bedf6284fdb98eba1c674473f765733cc3d1	497
followup\logs\state_hap_3652626d878e_BuildMutant.txt	4c1225847434f8e63af5a5411bf2ccc0978d3a4cbf461e291d8e58c502a67c0a	1763
followup\logs\state_hap_3652626d878e_repair_RepairStructure.json	8eb2a3e86fb52db2a996cae7b959cf7cd2ef70e6ef266763ae02ceceb9492215	459
followup\logs\state_hap_3652626d878e_repair_RepairStructure.txt	cb0f29635a3b6d6275e30408b455b8d49930d46f6cfd43be87bee8a0baf4d9f0	14456
followup\logs\state_hap_37926fff34cd_BuildMutant.json	2659f15ed18a17b60836f4ea26747503a5801a28fca8e69998d5737bbdff7435	497
followup\logs\state_hap_37926fff34cd_BuildMutant.txt	2b8705b2f0f7aa326da4460c59d41b727706f3dba22dd66d6ee14187fe1796b3	1763
followup\logs\state_hap_37926fff34cd_repair_RepairStructure.json	9ee0b96603fa4deb0a3ba9d231c4c9391a1fe5f35a18c69762eece79bfe7cd6f	459
followup\logs\state_hap_37926fff34cd_repair_RepairStructure.txt	1a298287a78228039550d9a1d81e2f91f3f9f4280045437186c03bdaf025baf8	14604
followup\logs\state_hap_37dd47bd3d7b_BuildMutant.json	3b3922103faafbec27cf3fe1435f23b2d93d9b241968013399345c29d6e77b1b	497
followup\logs\state_hap_37dd47bd3d7b_BuildMutant.txt	c88e948b21658da68d339fd3ae9e73f2543e0df3437f57c26ff5e148da2930d8	1440
followup\logs\state_hap_37dd47bd3d7b_repair_RepairStructure.json	39bb8bbdae216bcb7e2e68382edfe752b39a42c42258113b0b44461aacfd853f	459
followup\logs\state_hap_37dd47bd3d7b_repair_RepairStructure.txt	6ff318985496f7c8fe598082db4c81d2a69138ca3b7a7a4c75adfcab9b78130e	14670
followup\logs\state_hap_37ee04cf1ef0_BuildMutant.json	b9721445cffd9b97b9d3b637bd5fb291647bdb5b714442b20847e97ca8f97ea2	497
followup\logs\state_hap_37ee04cf1ef0_BuildMutant.txt	74cc106e9754af155e727215b07bde46c4bc1e73f8ef2d6c5aeaa789a2600c3c	1725
followup\logs\state_hap_37ee04cf1ef0_repair_RepairStructure.json	2c8bf4f707585553809b62aebe727f6e49383bd5a7e14331323d426c37c644a8	459
followup\logs\state_hap_37ee04cf1ef0_repair_RepairStructure.txt	ac8654201b851bcb090ffc9cc9416b8078b9b28e57abfa20e008d302c096df0f	14691
followup\logs\state_hap_39dfe851747f_BuildMutant.json	9e4c192d14319004c0ec8f94c6c0c70a26eaf98ac15a1b1b500b72dbb8d4677c	497
followup\logs\state_hap_39dfe851747f_BuildMutant.txt	943a7887014f21214ee48bf8d9a567bf1eedf9249011e25e9c1aab4506b806f0	1725
followup\logs\state_hap_39dfe851747f_repair_RepairStructure.json	4d66ab73138e5877162a0adb4b12667195b647d6108381523eb2935da592dcac	459
followup\logs\state_hap_39dfe851747f_repair_RepairStructure.txt	46b59fbce45a9866114cfe0cb20488ebe38912fbfc3e972fc2efd3b32b3f685b	14563
followup\logs\state_hap_3ac73e571130_BuildMutant.json	c8e34ea42a2959113b1a69d87f062607d45ee4e5aeb85f46c9a69715f63ee65a	497
followup\logs\state_hap_3ac73e571130_BuildMutant.txt	7799b6a018cc8f20d0f6c6f910eafc5a25ba9b82259421a7a72722bffd4a5e79	1516
followup\logs\state_hap_3ac73e571130_repair_RepairStructure.json	1c746eed3529a4f70476f5db4a0e3e65cf386375be50292e591e1174012275d6	459
followup\logs\state_hap_3ac73e571130_repair_RepairStructure.txt	5ba9eac7f5cdc0b7160e072ebe9354267b9022199da03881b70feca3f68c3a85	14670
followup\logs\state_hap_3aedbca6cab3_BuildMutant.json	eb27b23b5ac89efdf1176133fc8b781f46a90374604566584b70e4af75b8d8e9	497
followup\logs\state_hap_3aedbca6cab3_BuildMutant.txt	7a932ca4413d8448ae4f309b46c283d96df0fde0f095807aac4afad1a3d56b6c	1440
followup\logs\state_hap_3aedbca6cab3_repair_RepairStructure.json	a5dded9614e03a6a6335a9dbc4aa623424aa7ce90717c509a58a8bdb272ea741	459
followup\logs\state_hap_3aedbca6cab3_repair_RepairStructure.txt	e14991f29935a57016bb164fe771da710f7152af54af3a192b12f44070b1828e	14670
followup\logs\state_hap_3afab5ff5c75_BuildMutant.json	d3bf7bc97232215af0452f61c6612418beae3429852b7c98c6a2d774c6519605	497
followup\logs\state_hap_3afab5ff5c75_BuildMutant.txt	8aa72d3eb18ab0589dad23c3ddbd66e90f2ceee371af29e65f2091601f0efc44	1649
followup\logs\state_hap_3afab5ff5c75_repair_RepairStructure.json	af2b5fcdf8e1d6f66c75930911312942ddfab46093d1002a5621965daccc685a	459
followup\logs\state_hap_3afab5ff5c75_repair_RepairStructure.txt	d90441949c57a5f2950aedd9eebaac9a590cf1f19835eb6a83126efca675770b	14670
followup\logs\state_hap_3b2d4479c9fa_BuildMutant.json	dc062a0ecc375146600d1d7afc6e82e3c55147aeb7b8ecb708a0e6c38d17fe34	497
followup\logs\state_hap_3b2d4479c9fa_BuildMutant.txt	1ce4def23d2057c52ecd87c6d7abd17c3b4fa977d4d52a8d59c489c8074bb41a	1877
followup\logs\state_hap_3b2d4479c9fa_repair_RepairStructure.json	59a1b105cd8062b395a6a06ba5af3d994ef3f02b9c4519a1da7f85cb70c3deeb	459
followup\logs\state_hap_3b2d4479c9fa_repair_RepairStructure.txt	c3037254b03f6bd83d4c31d4570d5d060cbc93c9ac7ec25d432cdd9395e9cb87	14650
followup\logs\state_hap_3bc2c720d56e_BuildMutant.json	c78c9a42f71bb8b1b128f0059a9271c257d12dcc8c940ac9500ef16df2f033a2	497
followup\logs\state_hap_3bc2c720d56e_BuildMutant.txt	d4a8df759a6a0f31a62ec5dbd166a347d88a04cc641fd95734cb29e3e85cf0a4	1972
followup\logs\state_hap_3bc2c720d56e_repair_RepairStructure.json	db2f7b421a13935b5cd6e83b2c882aec098f805c59468bfdc76be806dddea906	459
followup\logs\state_hap_3bc2c720d56e_repair_RepairStructure.txt	fe5a9edefe834c335ffa530b07738783a36290735433dc0da14d01547aadf57f	14517
followup\logs\state_hap_3c71439e8158_BuildMutant.json	6383078bfe591398ae6a38a501dfe885083e2ac52a495420bc8618b6aad98172	497
followup\logs\state_hap_3c71439e8158_BuildMutant.txt	151003844d21deb23e16f672d64dc4881d857e524b7b9b67decf19273cae7ef2	1649
followup\logs\state_hap_3c71439e8158_repair_RepairStructure.json	ec570df09b4aedb24a69f02b4f0a0806dac95de15184c9f68bdd0ba901f8151e	459
followup\logs\state_hap_3c71439e8158_repair_RepairStructure.txt	1e4240e70a2fe51990ec71eb51fab1b48bd2f50ce1ef6979b29bb51d0fb4052a	14456
followup\logs\state_hap_3d18fd593769_BuildMutant.json	0e5b1dbb91eaa0d221624694f0ea6bb5d80b8a1992c611bd025e407bb858a85d	497
followup\logs\state_hap_3d18fd593769_BuildMutant.txt	e9d9ae5f61487c8f8835a54b8b101e796410077d230cab60e8b7bab4709aa80f	1649
followup\logs\state_hap_3d18fd593769_repair_RepairStructure.json	f1ee033878f4fe3304d8b63ce667a6f15692cb870de218d12024f7eef95e0417	459
followup\logs\state_hap_3d18fd593769_repair_RepairStructure.txt	e1a2679f0b3496bfc8a2983a8d3411975104a8002d63ecaff9d92121a9272b8b	14543
followup\logs\state_hap_3d5a755ca407_BuildMutant.json	8e13df75a5131577b5ab3d7b04784695f7e19156eabe2cfb39f9f0d877316400	497
followup\logs\state_hap_3d5a755ca407_BuildMutant.txt	d7092ce7138ca383cfe340e4511f79194ab76cc71e5596aa9d775574c094279b	2485
followup\logs\state_hap_3d5a755ca407_repair_RepairStructure.json	cceeca87c5bba934f946d78e06973b684de4e6dd32766b976bd6f7ca68593755	459
followup\logs\state_hap_3d5a755ca407_repair_RepairStructure.txt	1c98d6389131dffc43f610e58445aa167066413778fe2ee7b3b72ff084c0d945	14782
followup\logs\state_hap_3d704e6f823c_BuildMutant.json	acfa4d14af2d49c2ca3a06aedaf9439a08408baee7aeac98bb10cebd536902d0	497
followup\logs\state_hap_3d704e6f823c_BuildMutant.txt	2732a45f6d666e381bc79721a4e4c24559719f1b6f0bb764a13f0389aadeae47	1820
followup\logs\state_hap_3d704e6f823c_repair_RepairStructure.json	d47ecf0abd21848ec8828bfc879262070381305e096a2e5fe31dfb27dce2c3ba	459
followup\logs\state_hap_3d704e6f823c_repair_RepairStructure.txt	bb45214941dfcfbbb678042ab7a550e72c7d5656a372b0613b8f9928d507937e	14563
followup\logs\state_hap_3e0827483f14_BuildMutant.json	e635a42dbe786c4fca5dfb14e3674df1208d6319b24a3bc9700588d20b646eda	497
followup\logs\state_hap_3e0827483f14_BuildMutant.txt	b781a3a08b68461703cc7f6e76103487e32e3ed86995f897d22c4a3a17bf8015	2238
followup\logs\state_hap_3e0827483f14_repair_RepairStructure.json	d5859916b6b80a8796172313545af90b30a5abbe4cb7e64e3f9e49ec65dd930d	459
followup\logs\state_hap_3e0827483f14_repair_RepairStructure.txt	80553561b650391ab5d6597c663e523c7998a17b64ac546d93b55b4ffff598cb	14629
followup\logs\state_hap_3e1b63085c0a_BuildMutant.json	38892b671910a7b88256c03c9f1cce12d8455383c9116f957fe5ab2767cb2a4c	497
followup\logs\state_hap_3e1b63085c0a_BuildMutant.txt	f959de5a2f00578f965e3f8d5d92c2b089a4ca2faa4ba14d31e4f76076911aaf	2219
followup\logs\state_hap_3e1b63085c0a_repair_RepairStructure.json	391959fb880fd4bea62f3dc333b1fa735784f7b7f7a09b1eca4518a1a4153ada	459
followup\logs\state_hap_3e1b63085c0a_repair_RepairStructure.txt	963628ebba12bfc96e8044e55b2af35ea43e0d256609d253babe7e88edf262df	14543
followup\logs\state_hap_3eb28b45c9fc_BuildMutant.json	aedcef89ef222b82f55e567cd77e4c7c6670ab95e1249891109418460835efd4	497
followup\logs\state_hap_3eb28b45c9fc_BuildMutant.txt	4acc47025c2c0186556d84e136307fe96e019cb41d345c5c0657119fe66f9b16	2238
followup\logs\state_hap_3eb28b45c9fc_repair_RepairStructure.json	689651bcc4235ebd573d969778327297c25779f0166c4464b8347db0c3856225	459
followup\logs\state_hap_3eb28b45c9fc_repair_RepairStructure.txt	de40d53642db3670967405e378b3e38661e32fdb49f427e550f0290a75dc5ec4	14629
followup\logs\state_hap_3f24f1199638_BuildMutant.json	5736065ffaaf0c8f1ef4c7a313519b65f82abb6e9d988454f0f08d8b30056bce	497
followup\logs\state_hap_3f24f1199638_BuildMutant.txt	e7f940f8f65fb537e9cf6a587f3fd5c371b2328d5fc476ee75327c27f7e6f417	2219
followup\logs\state_hap_3f24f1199638_repair_RepairStructure.json	709ae266505e638192d621c640802b9614c2912a469f22260dcf1a489dd51d00	459
followup\logs\state_hap_3f24f1199638_repair_RepairStructure.txt	7714c13928146e12dc961e4dedd7b222bdf27d556c269355ec070efaf7c09d2a	14588
followup\logs\state_hap_3fb55fbfc879_BuildMutant.json	432245058bc302de5f3624bc8cdc2e813590c6eda0550a01b8581d604aa6e2b8	497
followup\logs\state_hap_3fb55fbfc879_BuildMutant.txt	7e3300d13e93a2837cf83dfd199f70a74ff5460fe5754a9181a28175bf833f49	1801
followup\logs\state_hap_3fb55fbfc879_repair_RepairStructure.json	8b8cb44b996fd65c8f4be8a132657bede2f949729ea6558aeb860982788d480b	459
followup\logs\state_hap_3fb55fbfc879_repair_RepairStructure.txt	3b0c2900a2eff75a9da4da699512f117a3198ea8c53c3569a8e25513f9f35314	14522
followup\logs\state_hap_3fea58c7a95a_BuildMutant.json	aa6fd7c341803998050095c0f99979ce45aade560cf1bb365380f30db44dbb20	497
followup\logs\state_hap_3fea58c7a95a_BuildMutant.txt	160c4bd76e1e72f8fe0e5ddb37899556cb921128df4609ae32c0e44bb1f6fa50	1516
followup\logs\state_hap_3fea58c7a95a_repair_RepairStructure.json	1d785e294490ae300a9f315396a50618e82345ef5713c250264ee8a3f5a96c62	459
followup\logs\state_hap_3fea58c7a95a_repair_RepairStructure.txt	e2c2c1776a2e3e7c45875755f24422c22a136bb5575c0b7783ab97658bb87e2d	14670
followup\logs\state_hap_401fb7cdaedd_BuildMutant.json	324b30a7bf00eeae3de94cfbaf078cd75f1e9bf7ca6d445066d231aa0dfd7c3c	497
followup\logs\state_hap_401fb7cdaedd_BuildMutant.txt	2abfc0eb0dcdb1c7046ff4a646b9188022657b82dbda86dc21bc4571003ec4a6	1744
followup\logs\state_hap_401fb7cdaedd_repair_RepairStructure.json	4eea006babcf24c20b57c757265540cf1771cd98fcc234808a3cfdcaf5f5350b	459
followup\logs\state_hap_401fb7cdaedd_repair_RepairStructure.txt	0ffe126e7bfdd50076e875914277f5148553d4b0fcd3cbe4a994822c122c5849	14670
followup\logs\state_hap_404a8a70326a_BuildMutant.json	78d2d445cd4e57e9efe4941fc64bee42225cc4efd3c48f01aa252260d37ad077	497
followup\logs\state_hap_404a8a70326a_BuildMutant.txt	15d2aee45b7d1e6f491d35eaa6d6b63bc9dc121bf6a70a41c62318c88019458b	1725
followup\logs\state_hap_404a8a70326a_repair_RepairStructure.json	7df82838a856b58cb1d3eed043b91e467584c2f91ffd3a07c6662ce686e975a0	459
followup\logs\state_hap_404a8a70326a_repair_RepairStructure.txt	ffbb5895bc20156d848b479828b92f37ed3c278054f12a3ed3d63a12f4cf427c	14670
followup\logs\state_hap_411dfd16bdb0_BuildMutant.json	8d6513034657d0d937e0155908c909843e605c03f8a2755c1cc0ac0596e845fc	497
followup\logs\state_hap_411dfd16bdb0_BuildMutant.txt	a745f9f5289317eb48c40ce7f6c4617a713b0fe48d3e5d858493ce68bc235817	2105
followup\logs\state_hap_411dfd16bdb0_repair_RepairStructure.json	7268d0339192f6d3cfca16c758bf8736cd2a9ca28adff6c4939552748e837db6	459
followup\logs\state_hap_411dfd16bdb0_repair_RepairStructure.txt	3c42256a1077fa284c6928c4b3a4d133c411eeb7c45d946694663090c92d8b5a	14522
followup\logs\state_hap_4147cce1739f_BuildMutant.json	e4d1a517614af62fea98b7d9b5779ea0fe3d13c59b866ea9784cebd948c15880	497
followup\logs\state_hap_4147cce1739f_BuildMutant.txt	6698308efeccf8c5b6c5de3d33a5ddcf43727be516ea2e8366945f3538ef6391	1953
followup\logs\state_hap_4147cce1739f_repair_RepairStructure.json	98f17f6f94f6f653955dc72e21848abcbc86d0b02d33d4a272fd94d815f23ba1	459
followup\logs\state_hap_4147cce1739f_repair_RepairStructure.txt	f73ccdbfc92c4e05924ca2890ddd5b4ab277efea3f202bafa6666b85b8609394	14670
followup\logs\state_hap_41c833fc1e01_BuildMutant.json	0dae4705f25bbad6bfd6c259646f641c0a29102ae13c3d4e17a166296440c6b6	497
followup\logs\state_hap_41c833fc1e01_BuildMutant.txt	164828dbde24236cbd496440424a7228d8b1ec2077941bf637e748022ccabf6f	1725
followup\logs\state_hap_41c833fc1e01_repair_RepairStructure.json	b004c304c3b4e63bd958fda3d0668141c3ade2e856a838149225bed87eb5d306	459
followup\logs\state_hap_41c833fc1e01_repair_RepairStructure.txt	f0edd3ce5057f2699fc227fe268bca1f91d9026aef5c5c7197f348e5eaa02ff6	14604
followup\logs\state_hap_42239d23b30a_BuildMutant.json	0cb4d773c2c8dab08f3a01bd181b903f30f9e4385799c7b3aab6eafdbdcf81cb	497
followup\logs\state_hap_42239d23b30a_BuildMutant.txt	674a1f4bdad719ec4c4a858e628da698fca818bfb2713a28576d939bbfaa2702	1801
followup\logs\state_hap_42239d23b30a_repair_RepairStructure.json	7a5f3881bc8b4bdd0450e92bb09b992a39489e5cdf34b8551c096a5b08ac5912	459
followup\logs\state_hap_42239d23b30a_repair_RepairStructure.txt	724d1ee8a43b67f25c6f2ec9cec1332c6f0181cb5e463fcdf9d00083ade44ed2	14497
followup\logs\state_hap_432a43a096e9_BuildMutant.json	a6d69f5d71213cf924677c278597fded2a97deec48dcdd5ffc7c4c8fe4c715f6	497
followup\logs\state_hap_432a43a096e9_BuildMutant.txt	d636cce6a45e93f29f1e23b8e28007c3e18ce7ad7b1a6858df3de300a8da09c5	1820
followup\logs\state_hap_432a43a096e9_repair_RepairStructure.json	45dab7440d971171fb55c28fc831a2885a18d17455317831b2e70060ff71b24a	459
followup\logs\state_hap_432a43a096e9_repair_RepairStructure.txt	7add4c34b8f28093a2e71d7d4d15385538f74ec59872a7588c05fbc65536c5b3	14497
followup\logs\state_hap_4344fa276439_BuildMutant.json	a117d5ee111d2bbd3e9e7df052c3a4b939f836015fcbcf44aff72b358278f18a	497
followup\logs\state_hap_4344fa276439_BuildMutant.txt	ca20218e76294b51005b76b30233b478b7305d3c0a5a0e734dea34a43afcbf3d	2086
followup\logs\state_hap_4344fa276439_repair_RepairStructure.json	d6c92c64e5897920bbf08ad541c4bf1b7807b5f8ba585a0eafc4a9259fd8f9df	459
followup\logs\state_hap_4344fa276439_repair_RepairStructure.txt	fdf8586f7e5a4b608572270578948cffcfced1d8222b880ade872a239c4276e1	14502
followup\logs\state_hap_44dcced9feaf_BuildMutant.json	f2e12e05d6171c740123ff19d77bd5478b83ecc7c60314df775dd7a4c800590a	497
followup\logs\state_hap_44dcced9feaf_BuildMutant.txt	ff8a6f5d5b012fa260bce29d9f2c29d23bb15f4ff8a853f0309b818b6c977c15	1839
followup\logs\state_hap_44dcced9feaf_repair_RepairStructure.json	d9417b06a67361eaa6e75aaaa576442848cb90a1f5330e2757510f6fcc43f414	459
followup\logs\state_hap_44dcced9feaf_repair_RepairStructure.txt	a44cf9dc8e1f4326ad5ded6504096cde0d9ad49f432c4d1638694d0d8ac55ea8	14563
followup\logs\state_hap_457b466be6ca_BuildMutant.json	e8c2592727ad61ba2b30557da17063b43db666923faab1cc57fc4c142906eec4	497
followup\logs\state_hap_457b466be6ca_BuildMutant.txt	b7849bacf7b0d7ebdf72e738317993924e33d4afd4ea5e8e29a38f06577b36ce	1972
followup\logs\state_hap_457b466be6ca_repair_RepairStructure.json	ed9e494641f18ce0d560050125dda4c11f225bb8c4f12c3cd925e8d9777617c2	459
followup\logs\state_hap_457b466be6ca_repair_RepairStructure.txt	397170c7a54eb799951fd16ba32c938cc672fd6b0ebcffdfb325dd442380b584	14563
followup\logs\state_hap_45927aba2c77_BuildMutant.json	c771eba0a8bb42735f5d4595bc0a363b3f6720aa3fa693951faa79fa4f382b06	497
followup\logs\state_hap_45927aba2c77_BuildMutant.txt	a6d9f1c5c1ab0778da5aa06728ea8143bf0ff898b735746842482074c5966e27	2219
followup\logs\state_hap_45927aba2c77_repair_RepairStructure.json	e7c20782c4962ad171605e98d3348255cc9988fd397aec7c78d010e23879113a	459
followup\logs\state_hap_45927aba2c77_repair_RepairStructure.txt	d5ea2a0c697b411bae803edd6b67847235fdce3cb49a62ec73dc6f9bf5040b30	14609
followup\logs\state_hap_46212cc7809d_BuildMutant.json	04e82d2677700b61bf5edddf7f5b5fc0255603b3072e6064e45d23ebb4bc45ff	497
followup\logs\state_hap_46212cc7809d_BuildMutant.txt	5906362d76dae4c3f3329cc36675a4fb39989c1f28ce6b67ca7717a7cbaf694f	1668
followup\logs\state_hap_46212cc7809d_repair_RepairStructure.json	2a3733c548052707bc554aeac3ef7d1ef764474462f3202879b6f117b2d0c6c7	459
followup\logs\state_hap_46212cc7809d_repair_RepairStructure.txt	598109ddbf19f764942bf4306215000ff165aedb616c372a7236f7895ff0969b	14542
followup\logs\state_hap_466f19877222_BuildMutant.json	6d156ba3adeb3f35fe584d441ee849f8fb53de83c9253184fd0684f52765c791	497
followup\logs\state_hap_466f19877222_BuildMutant.txt	b9a6de7009d6538c2d6484a5f81a2596d4a4a54c045063d38d2168cfcef6a825	1440
followup\logs\state_hap_466f19877222_repair_RepairStructure.json	5e215056012bbb2d5e7508d5cc73bf695b568796d4a1a3246526e83d987b1333	459
followup\logs\state_hap_466f19877222_repair_RepairStructure.txt	e0515960b4cdaf25603a1597bacb1583b31e1ab7104743f466a22eb5489e4025	14670
followup\logs\state_hap_467994f08e96_BuildMutant.json	6c7ec3c75361d8be1149acdcba7129343247f3bf944c92b2df7332d84bf35b85	497
followup\logs\state_hap_467994f08e96_BuildMutant.txt	a3f395c074008ecdfa423f4444c817bbec6f919bb3e6905fcaf6a97d7853c87d	1972
followup\logs\state_hap_467994f08e96_repair_RepairStructure.json	0bbb671b4e7d89f42ee2ec9ee8ef508a75f3bf2a8a2dabf68a930f75bfd58b24	459
followup\logs\state_hap_467994f08e96_repair_RepairStructure.txt	33af2fd643c0088ebbeeb1d67ad39ce80c8309f644d748a9e92fab98e73046a5	14568
followup\logs\state_hap_46a29bc1aacd_BuildMutant.json	6fe57dbbfb9c3b7664905535f98cad8b9909460e76c9ca2f6b860d2029ef5e08	497
followup\logs\state_hap_46a29bc1aacd_BuildMutant.txt	6809429f1a6d24b646d8bbb06ce70b264239fd3360c76676402a8725048abc09	1782
followup\logs\state_hap_46a29bc1aacd_repair_RepairStructure.json	147285b37de9cb4ccab3583e423052139d456f392581985229bf0b1f79053b45	459
followup\logs\state_hap_46a29bc1aacd_repair_RepairStructure.txt	7542b4b4c724572048170298f1676aaea6524b9fa54a177b66a8c21c19f5a7e5	14670
followup\logs\state_hap_49392ac2bca3_BuildMutant.json	fbeda02ed30ff956b46b5595b1aa49ff5960c252d36ecce555908e0095e28748	497
followup\logs\state_hap_49392ac2bca3_BuildMutant.txt	6c6ba209cc92c6a09fc9866e239f1404ea6d4a63c107c2c3a9c41513385a8336	1725
followup\logs\state_hap_49392ac2bca3_repair_RepairStructure.json	fdd459cc2423a0e9f94705677434bd2e696c5d58fb387c86d4e6c21f44b9f124	459
followup\logs\state_hap_49392ac2bca3_repair_RepairStructure.txt	5cccaa2203039274c234cf0ef0145aae72d0763d1b625af53333b8815a9943a2	14563
followup\logs\state_hap_493f9b4facb3_BuildMutant.json	ca39f60ae7d67dad2b9e75c6cb89e44809ee1f9117e8fc88243fab2b5b8badd9	497
followup\logs\state_hap_493f9b4facb3_BuildMutant.txt	98b782f10bd787e87b9be7e6dfeb0aa2f0fdd07c65dcda54dd9b09d7c9bbd002	2219
followup\logs\state_hap_493f9b4facb3_repair_RepairStructure.json	42277048b04a2a117854b2b4fcbd934ac60df0f638430ff25d5d287902a25ddc	459
followup\logs\state_hap_493f9b4facb3_repair_RepairStructure.txt	7de4b162847d50a581141d3bb16ed155986575f1227c5b0dbc13214df163dc10	14568
followup\logs\state_hap_4b16b6db166d_BuildMutant.json	0046e3d990956e3e118cdcceede7c3cd1add186f502d208143075aa18af1d96e	497
followup\logs\state_hap_4b16b6db166d_BuildMutant.txt	8d5d154593cd86e58e2839dbff2795f760a2f388fb6d1bb3f32dc33a89763d93	1763
followup\logs\state_hap_4b16b6db166d_repair_RepairStructure.json	d680cb5f2e0e107d1d9625e769d68d325384953f33bb1065401b20719d7fe902	459
followup\logs\state_hap_4b16b6db166d_repair_RepairStructure.txt	16a4a1b850184a125d4a9c2e3c1fbee3b2f1bf70aa02b0d8d06a499fec96bb94	14456
followup\logs\state_hap_4b3d684fe126_BuildMutant.json	6a767155a0e8bcfaf7b42fa567d451c219184f08bf75bd93a639ddba5e7b2a9b	497
followup\logs\state_hap_4b3d684fe126_BuildMutant.txt	207692750453d05ce80843a971ad3fdfd2d184601f19302037993288fffea642	1611
followup\logs\state_hap_4b3d684fe126_repair_RepairStructure.json	52d5616b3007c820debcd79f60653ca9e7077aff59275c87df301427b417752d	459
followup\logs\state_hap_4b3d684fe126_repair_RepairStructure.txt	e151f911072dfb86c8c2f3215bb4fc52305c439b862a4df56c447026dcd71dd6	14517
followup\logs\state_hap_4bc627dd1ade_BuildMutant.json	65b1d95010ed7901ad7fa0ac82e5b264bcd6cb6018f7309cf9922637e1178412	497
followup\logs\state_hap_4bc627dd1ade_BuildMutant.txt	ae6c3152aed9cf6ba49de6b4c8989a7feccf56d46a8108e015c149396dbf8c19	2314
followup\logs\state_hap_4bc627dd1ade_repair_RepairStructure.json	21a423701d3b39d8f540161cc3e47ad350eb50c422ef71d22b9db9c1afc74048	459
followup\logs\state_hap_4bc627dd1ade_repair_RepairStructure.txt	4bf87f1270f14fb845450c285acbc8fcc5575a90b2100d009dddc799ffa6e817	14522
followup\logs\state_hap_4f033de7dc99_BuildMutant.json	8e8da4f399eace9c0c93364eb5b8756ff78eb909004343f685535765dfe88218	497
followup\logs\state_hap_4f033de7dc99_BuildMutant.txt	1d3be4fb401f20b0d8a76222835a430c7a3c2bcfa433b7580f6989007d3dfa23	2029
followup\logs\state_hap_4f033de7dc99_repair_RepairStructure.json	81a33121c585b363fd6680751a36de830275eaf7e0f04d64767dae3df58a013d	459
followup\logs\state_hap_4f033de7dc99_repair_RepairStructure.txt	785a8a035171b87924bd670649969ff0c1ab9d6cf96b08ad5e2221708fbf780d	14522
followup\logs\state_hap_5066665c951d_BuildMutant.json	7ad0b0c48d9194a6c01478b467d4d283c73ba6778e212bfcd4385b71d37a2dd1	497
followup\logs\state_hap_5066665c951d_BuildMutant.txt	9d0359b4ee1fce026cbdc34ab2c78b7696e31bc04e09484529e47588e7614c93	1877
followup\logs\state_hap_5066665c951d_repair_RepairStructure.json	79bfbe0a471a3b2050a0a9a62fff86d7626e6098be1ec11b0a2757e071a868e2	459
followup\logs\state_hap_5066665c951d_repair_RepairStructure.txt	e2c745d0984c6c2a6b176cc79332cea831361d9f0e7e7b4a9ae60caeb1bf3f7e	14604
followup\logs\state_hap_51168ee2871b_BuildMutant.json	192904f1c57541c335d80ff6f6840d89e7df16b5cff6a21aca77da44002e4070	497
followup\logs\state_hap_51168ee2871b_BuildMutant.txt	f89293754f211720551f08b5c17510ab7d0204a503d7086da6d832daa986c64a	2219
followup\logs\state_hap_51168ee2871b_repair_RepairStructure.json	94c189b812f44c531059cbfdeaa5f9aef0ac7bf66b7bd75d49bef7d18af29ebb	459
followup\logs\state_hap_51168ee2871b_repair_RepairStructure.txt	e4e69196d52f9b911a82d6293f1547ddc08b59fe7912448a1ce54f50100b1a69	14675
followup\logs\state_hap_511aaedccb55_BuildMutant.json	45ba877de2f23d0069f0cc1969af343d4dd68e9e725e8b33a85459165e3b416c	497
followup\logs\state_hap_511aaedccb55_BuildMutant.txt	839937bd5edce62d50e30284918b5c7429707320be4921679a03895ea31d5c33	1649
followup\logs\state_hap_511aaedccb55_repair_RepairStructure.json	ffcbdbdb62024666eaf1b78f58896ebaa632e6fa8884aa44d663b3c17608f758	459
followup\logs\state_hap_511aaedccb55_repair_RepairStructure.txt	0119753d98ef7fb2a3b06220d69bbd6964dc63bdb97573f0db13af54fce59fea	14670
followup\logs\state_hap_53a37587f815_BuildMutant.json	cfa8d776f2076f9dd024f41cf82c09eb64536cd77e952bbd43bb814f95fd89a1	497
followup\logs\state_hap_53a37587f815_BuildMutant.txt	4f6c82c6f957b2fbc644dbf33926a46e52e849921be77fe9eb55163f7e1fbdab	1516
followup\logs\state_hap_53a37587f815_repair_RepairStructure.json	8acbdae11bf1a6e22b7299d1b6e8876761ee1cbff359f6c77b1ea1833bf8d1a7	459
followup\logs\state_hap_53a37587f815_repair_RepairStructure.txt	33108d994b0323a55e51385424dc7a1c876e1880309ec0c98d70455d7f65ccfc	14690
followup\logs\state_hap_55506b955efc_BuildMutant.json	e5cef7ad31f96f4a3ac202d50034887b9e37813a5b368718022b1628729dfaee	497
followup\logs\state_hap_55506b955efc_BuildMutant.txt	dea52244cb836d95ae8db15eb992278f51c69e15cdcea0376ecb978de26f8cb9	1839
followup\logs\state_hap_55506b955efc_repair_RepairStructure.json	ce3b0667fba49e95ba883426f5e28ff7486e42e2519beeb48af341a66af3b28a	459
followup\logs\state_hap_55506b955efc_repair_RepairStructure.txt	404b1a93a82a4da95ef303c9c26d8e2a2ae8bc5dbc7eb9142128e3c438f8ee5a	14629
followup\logs\state_hap_5600f5d61a96_BuildMutant.json	4212b0c439676a649d8b66aa1d7c54cee10ae748919e23f120886119bd2bc049	497
followup\logs\state_hap_5600f5d61a96_BuildMutant.txt	466122e7a543723653a4ef4f8c7f8a62e9f6391d2d2263d8030ea1f38e327c9e	2238
followup\logs\state_hap_5600f5d61a96_repair_RepairStructure.json	6180b5d4efd2a1fc30f76ae2fda416a3eb51019d13307e9b50eb79553254d22d	459
followup\logs\state_hap_5600f5d61a96_repair_RepairStructure.txt	505b6936c5509c4b20e2e6053daf2a0808488a406d453d962e877a440d3fe889	14782
followup\logs\state_hap_5743866bd7c0_BuildMutant.json	5ea3efa81ee11c308fe885aad9bedae15ea3c3c7f0d28c31ea7737926f3fb0bd	497
followup\logs\state_hap_5743866bd7c0_BuildMutant.txt	92974b34a156a27a3c2b10d70db1e40335ead29dc4d6cb9dcb67478f840e2357	1554
followup\logs\state_hap_5743866bd7c0_repair_RepairStructure.json	d34755f2363994de948790f095e9d3a42aeff0a50b9dd4d1f0e10dc9b9414f67	459
followup\logs\state_hap_5743866bd7c0_repair_RepairStructure.txt	24e186c5f3af54110b2d86e3cf99d1962bfef038ccada8802792b215b3cc77e2	14604
followup\logs\state_hap_580499288866_BuildMutant.json	ab1c1205ae94fbbf8ed86ec621596e495163acba5bd2c3772029da39ac92e462	497
followup\logs\state_hap_580499288866_BuildMutant.txt	55445cff1faae3a923d0a33f0efbfd5012c92b718a02cd1f563468dc7623de1c	1972
followup\logs\state_hap_580499288866_repair_RepairStructure.json	9ee2d78e582dae1eef37cadb0afa133bccd9aa0408146dbe0cb22903813725a4	459
followup\logs\state_hap_580499288866_repair_RepairStructure.txt	63132a3d73b5f7fbcc21778ee94c55c4cecbff86f75375dcd5f4654b61183b9e	14543
followup\logs\state_hap_5822c8a3bc94_BuildMutant.json	c3c5bd43af5c12386529fb69e48a159e0d9ac1f3906cb639877e8840b800b381	497
followup\logs\state_hap_5822c8a3bc94_BuildMutant.txt	675789d2b4914e56006a740e2b7ad5561f4209faac01eb375dc5eb14a69c6956	1592
followup\logs\state_hap_5822c8a3bc94_repair_RepairStructure.json	641d902a847b861a47e935823fd926a4e5b7b1ef51cc6afd08f225be46b6f1dd	459
followup\logs\state_hap_5822c8a3bc94_repair_RepairStructure.txt	869698efc604a9e49087803e3d1cce132cb00297b18d3d50dc971a4fcb91b016	14670
followup\logs\state_hap_583f63261532_BuildMutant.json	daa933cabb210809422f348751339773867960f1f9c8b2e621afdf9ccc500e91	497
followup\logs\state_hap_583f63261532_BuildMutant.txt	7cbcb1609122bc6a9322ed87994ccd43ab0c5d94632b907ec1fad88b4767e39f	1592
followup\logs\state_hap_583f63261532_repair_RepairStructure.json	ccaae992b95164402eaaaa74cc84f0ca61a70eacc9ea4d71da715b91fd20d2bd	459
followup\logs\state_hap_583f63261532_repair_RepairStructure.txt	6d56eb9d37698a84620303c928bda4fa0291559a652c0a9835142e481e2868e5	14629
followup\logs\state_hap_584feb728774_BuildMutant.json	55f986f3f22b1b2349ac9f7c5b1166ef79f38bba65d11a2d2df2e9eb5cc6b21e	497
followup\logs\state_hap_584feb728774_BuildMutant.txt	384b9f93e5a551339c50d6792c82c2184b5398cbbee9cec5e8771b83c1014f51	1915
followup\logs\state_hap_584feb728774_repair_RepairStructure.json	f9daec711d293675bdbf00e8ce9aa675216576cc1fb2558bb4071cf7d1b3c935	459
followup\logs\state_hap_584feb728774_repair_RepairStructure.txt	afa46bb06e4b38ea85c9d4a38eb73c252c9edf8b386c140b1420f9faf824b81c	14543
followup\logs\state_hap_59653cee8171_BuildMutant.json	6dcdec0de089cc4118e75e7cc61a79c7017d35b0815829bd05e83f170cbccb1f	497
followup\logs\state_hap_59653cee8171_BuildMutant.txt	6f0900e4deb14c8aeacf16c6b5b9fc854327d9ae24122e6af988eecae933b08d	1706
followup\logs\state_hap_59653cee8171_repair_RepairStructure.json	795481bc982314ac1bb47c26ffe3d711bd8a40a92bf194aac18b95cc3110c614	459
followup\logs\state_hap_59653cee8171_repair_RepairStructure.txt	f3ffd1e5985ca49127e9d36000f65fc3fbd2a688e97ab5bebcb365abeef9b475	14604
followup\logs\state_hap_59e92008fed7_BuildMutant.json	a69ca81237fba08e2a409db22e6b27a1573f46bf1fe78dc894f17002424978bf	497
followup\logs\state_hap_59e92008fed7_BuildMutant.txt	0bfc822b8905c7b6f0bae39b3c7a7f64f9442a6574855b515e1d9fb516b4e8de	1649
followup\logs\state_hap_59e92008fed7_repair_RepairStructure.json	0fc6fb46f06cc855f431bcc9202a44dd2810a26456c1dddef1011fa3c204e28a	459
followup\logs\state_hap_59e92008fed7_repair_RepairStructure.txt	2902121ad1321bc671674fe689170a6bed09178c7563f14fc0c932a3d25f7f49	14415
followup\logs\state_hap_5a60509757de_BuildMutant.json	40340ba5dfadb64d9d8eebfdc8e303ff9eb3df84b408e35a70104dc776649a99	497
followup\logs\state_hap_5a60509757de_BuildMutant.txt	bac4a2825e0905c7d952e6b125025804c7c6cba06bc7edc8cd31ae215b35d2fc	1554
followup\logs\state_hap_5a60509757de_repair_RepairStructure.json	f54c63466155ddf6ed1a0d1d3122a6165867ad2d1520a233533dbfbf25423fef	459
followup\logs\state_hap_5a60509757de_repair_RepairStructure.txt	db5f1bfdf4c55973b007756948cf7ef61327985d503bd2ac3fb09bf635e86d91	14777
followup\logs\state_hap_5a87f0ca2131_BuildMutant.json	fcc8f984e6baa217ff1ecc39cd8aa3beb457e89c445451588f65fd5a07f338a9	497
followup\logs\state_hap_5a87f0ca2131_BuildMutant.txt	da859a623224b9e26e1844e69a06d31eba5cf65fdffa305c0122d6403ccb5805	1991
followup\logs\state_hap_5a87f0ca2131_repair_RepairStructure.json	fe661791966fa5aa52a5ed00e76612d9b0d8216e7cf04c8e662a5299c9cde92f	459
followup\logs\state_hap_5a87f0ca2131_repair_RepairStructure.txt	53aced553111313ccb97c1faedb41f296069af0f6780675781d59846ea37784a	14568
followup\logs\state_hap_5afae1a06687_BuildMutant.json	6c6c3077a648dbdeb253efee9b1730244ae0507c068e2077fef95e99520abb71	497
followup\logs\state_hap_5afae1a06687_BuildMutant.txt	85c1890cbb82e203f33b72eb3df5cb9004f70a223ac34d5ca79956934dc78f51	1972
followup\logs\state_hap_5afae1a06687_repair_RepairStructure.json	84919bbf6104e916257b68655c575826afc63a3ff935e52d64ed711ff704fda9	459
followup\logs\state_hap_5afae1a06687_repair_RepairStructure.txt	61c8518d19599c98e3dddefc94db39d1722f5973f8bd98cc1c93f6c21235c236	14410
followup\logs\state_hap_5bc6649c2e00_BuildMutant.json	4d4433e0e72e2d6e6826ae3967003828a5d9f744fafd1280af85f17171f8e143	497
followup\logs\state_hap_5bc6649c2e00_BuildMutant.txt	c8f0a88be3349ab8bdbd2b02c8edcf625ca69963fc61892176e68f1deb4bf515	1820
followup\logs\state_hap_5bc6649c2e00_repair_RepairStructure.json	229fc6de35a52703c3ba108ce5b4efe0714b48e67f47da376077832160b5de63	459
followup\logs\state_hap_5bc6649c2e00_repair_RepairStructure.txt	d06ac7d4dafbdfa39d463d6285925303212b3639afaf15134981cac1185cf451	14543
followup\logs\state_hap_5cbb5dcd5a0a_BuildMutant.json	a5223ef587c9a1d218d33670708a79616cd384fdff9a6835405f98401af562a9	497
followup\logs\state_hap_5cbb5dcd5a0a_BuildMutant.txt	98c982a7dc5ecc9585937a531a0965251bad5479ca405fef26ba436441126271	1763
followup\logs\state_hap_5cbb5dcd5a0a_repair_RepairStructure.json	9b19f2897d5197b5aabb668d5b9e81e80aed94888b28356667447bceeee11c7a	459
followup\logs\state_hap_5cbb5dcd5a0a_repair_RepairStructure.txt	91c6be99f95dbe230906421a6d7283c7222c87ffd864178c3c5b947374cbdcae	14451
followup\logs\state_hap_5d07b1068e52_BuildMutant.json	2d87b9a23b36f04a38826088122e34e5396bd6e39ea5d50116f113e520956ff1	497
followup\logs\state_hap_5d07b1068e52_BuildMutant.txt	be94855c9b7831d52ed9ed8b2208cea5a66894afea1895401079195e7f966c8e	2124
followup\logs\state_hap_5d07b1068e52_repair_RepairStructure.json	d9361b6d133de72cbde299429b02b0553fd46d35f459bc9f05a873a1b312b642	459
followup\logs\state_hap_5d07b1068e52_repair_RepairStructure.txt	f9447e21e822902486443b3cef3e9009ab0597e0e2630db48796874fdf2cca6f	14543
followup\logs\state_hap_5d809e937235_BuildMutant.json	9b008a2664d4d5aef84479220882ef3dd42d608dc2518f3273454d16b0c0511b	497
followup\logs\state_hap_5d809e937235_BuildMutant.txt	6c070bcb996a3742ce96d4f20f41b4cdc5d7e1e0d2053e9fd9810dce29a34aa3	2029
followup\logs\state_hap_5d809e937235_repair_RepairStructure.json	885e27154f4539dc43acc8398d42c4f7f42225b2c37c893196a8671ee9f05378	459
followup\logs\state_hap_5d809e937235_repair_RepairStructure.txt	4636e0e48b7d0f40b2d4abc5d09fb62f38b74a4928901b6d424c9db6536b3ed5	14650
followup\logs\state_hap_5dbb97ffd050_BuildMutant.json	1ab886ba65c0b451ab2d6c3f7b070dd3c39b51a11c956c60a98af82de1722c71	497
followup\logs\state_hap_5dbb97ffd050_BuildMutant.txt	c008aa9ae71612cac19c830319d095989f7ab3b895ef6db716bab867927129e4	1554
followup\logs\state_hap_5dbb97ffd050_repair_RepairStructure.json	73dbdb9f535612b2cc0fe88ad349101e2affc6d69072736c9dae9a154e1634fe	459
followup\logs\state_hap_5dbb97ffd050_repair_RepairStructure.txt	8438a276df4f4ea5021fbb4d2bed3b78c3b4139fa52ab77c16d6c9d34c76454e	14777
followup\logs\state_hap_5df69fa343ae_BuildMutant.json	9a23912e2fc931425290847d194c74442dcfc38479ce390fe639fc8b765d89aa	497
followup\logs\state_hap_5df69fa343ae_BuildMutant.txt	17f92e832957ac0f71884656c17647c33288d14bcbb00604f1d518b8f616726e	1687
followup\logs\state_hap_5df69fa343ae_repair_RepairStructure.json	6e60657aa0dc5c05df1f8c68b037a009c8e7bf041de18f9e192c4d9f75dd1725	459
followup\logs\state_hap_5df69fa343ae_repair_RepairStructure.txt	5f2cb89f3c631f9c1a1aac7a93adf6d769cff1c3786ba5e9d917fae6c641f1c3	14583
followup\logs\state_hap_5e028ba93623_BuildMutant.json	eabd245b1c747ec5a5f074651b65d386a96710569761727a82b14ee29c6af9fa	497
followup\logs\state_hap_5e028ba93623_BuildMutant.txt	15f1d6958f218dc50d8e2e95cd264b763c6306231ca90d47b94810813c8b765d	1801
followup\logs\state_hap_5e028ba93623_repair_RepairStructure.json	0972d54fd4a75f6f87dfc1c7a5c5924c95d3fd642868ae11a4fc6594f9f3b6dc	459
followup\logs\state_hap_5e028ba93623_repair_RepairStructure.txt	e28bc0d432af24b1fa8db7a26918cfc32a6e6dd5715b2c53454230bdb8a80b7e	14456
followup\logs\state_hap_5e410bfd0819_BuildMutant.json	4572c08e859a20829595804b0980b14ee4fa9b92fabdac42bed770acdcad5eac	497
followup\logs\state_hap_5e410bfd0819_BuildMutant.txt	436ab323e9d6825714014b8682aa77b3a24037746129877426c653981053a193	1915
followup\logs\state_hap_5e410bfd0819_repair_RepairStructure.json	f0dbc6bb234921d2cc6619e53815854777fb34219262654b63eb272c458dcb32	459
followup\logs\state_hap_5e410bfd0819_repair_RepairStructure.txt	3c954f96fe89de460cf27fc1ba47baed00c563d6eadacbaeb81df4223aede807	14589
followup\logs\state_hap_5fbed17afcaa_BuildMutant.json	71f65f685d5cc7c5a1387c1c885f7082e395edd2f755be8ce644e0cd21b4cef0	497
followup\logs\state_hap_5fbed17afcaa_BuildMutant.txt	51f6386852f7c6c67ed1c77bc694cb543025432e13fe402bf337e50d720a6a9c	1706
followup\logs\state_hap_5fbed17afcaa_repair_RepairStructure.json	e9659ab7d06368dfe5dd4a60f216f14fccfd53077058fd94454c8864e18b1e7c	459
followup\logs\state_hap_5fbed17afcaa_repair_RepairStructure.txt	92f2548f7cdd1c9fdd8b9bb0215e7fc36fb0862bc33c09c4304b3c8c5c563acb	14609
followup\logs\state_hap_61ce86a20475_BuildMutant.json	f3fce002ce8f1e9ff706eda478f17183e364a04ebe4762158401f407f80a7f37	497
followup\logs\state_hap_61ce86a20475_BuildMutant.txt	6fa225afd17512f95b1aa36eb436e176dc053ef5240e0fb594b7f480c7729122	1706
followup\logs\state_hap_61ce86a20475_repair_RepairStructure.json	c5f566d54f8329f0005225ed54ba27febdcbc42f2a14a29e8aa6e4848f17252d	459
followup\logs\state_hap_61ce86a20475_repair_RepairStructure.txt	8c22101e5a5bf28442bf6d3493f3e42bdf5d68eff7d4aace6b93c82e99aaddc8	14670
followup\logs\state_hap_61e9f17dd089_BuildMutant.json	03aac37e3d1a2582d80ff8ed8dba4163251425d951a3e26d8560f722bcc4d837	497
followup\logs\state_hap_61e9f17dd089_BuildMutant.txt	fe4d44377829b1c24e528a7bc15112e34957a372481d146d8cb31bfc5e976c9a	1554
followup\logs\state_hap_61e9f17dd089_repair_RepairStructure.json	1fcbdf8ad778430aa284b527b285136e72602d3d3c413fbe92515f73c1d80a05	459
followup\logs\state_hap_61e9f17dd089_repair_RepairStructure.txt	a4a2796998bd46474d6288e73e0bb353eee3d2f3ea6638a8b948365abf04b43f	14777
followup\logs\state_hap_62b35f9a2705_BuildMutant.json	2016280794c6846caf0bfce6c1799d5232c581056074ddc844e547a3343b9d20	497
followup\logs\state_hap_62b35f9a2705_BuildMutant.txt	18f68a13cef92b218f31569f60cc675d65d1450ff04b8eadd0244afa0bf6a5cb	1554
followup\logs\state_hap_62b35f9a2705_repair_RepairStructure.json	44d972f504afb2352f530fc1b71e6188d07e9e01a1025f693a213f1e924ca874	459
followup\logs\state_hap_62b35f9a2705_repair_RepairStructure.txt	0b1cc5333fdfe3517d7b38b5c04ea4a31d912186615c98695b27bccfd07f87ef	14670
followup\logs\state_hap_632d2e7683c6_BuildMutant.json	8e404bb53f4d6dcbb0c7458c53e68c4865287db19a0a5b7e3172a5233a1f0092	497
followup\logs\state_hap_632d2e7683c6_BuildMutant.txt	d15dbf0573bb42458da8ac8e9b64202dfded24745cabddd4cb16c8354c51d238	1554
followup\logs\state_hap_632d2e7683c6_repair_RepairStructure.json	2abdc7c3949e1a98b3c468a1415c7e743be9982ce03c1492f244033648f30e96	459
followup\logs\state_hap_632d2e7683c6_repair_RepairStructure.txt	eb337a2a819033a1a8bb91c32acca086ad8a7bf47ab06d250e7eff7f6bed9e78	14624
followup\logs\state_hap_664c3492a9d0_BuildMutant.json	924becdf40f9e794cea0f8dcc95ab8ccf462ac6e47e6ad0f37a6d29106f924bd	497
followup\logs\state_hap_664c3492a9d0_BuildMutant.txt	7eae71b11eb69a8e51a7d214ce77b2d0946a68f56bee3c01cd62c5a2f2e07393	2238
followup\logs\state_hap_664c3492a9d0_repair_RepairStructure.json	1b6b0d29e0ff3074de498781e249983c1d037827400964b6cff3523f96538b9c	459
followup\logs\state_hap_664c3492a9d0_repair_RepairStructure.txt	18c00e1947b26c963c5b4624b3498d79bc1e402d406f5f0f32522ba6549e19e2	14522
followup\logs\state_hap_66dd12a519e6_BuildMutant.json	9adaf6cc148f83e977f70777a739e99dfef9204a98a2419b4911b8a5f8946053	497
followup\logs\state_hap_66dd12a519e6_BuildMutant.txt	c845774ffee4ae155573a2ae8ac2b0158c9b3c9e4fd886d3ad93c40f9b16428b	2124
followup\logs\state_hap_66dd12a519e6_repair_RepairStructure.json	4c8b0b02d6a7acac63037e1a4cd4251a7659620baf32742c34d731b8145fa6d4	459
followup\logs\state_hap_66dd12a519e6_repair_RepairStructure.txt	a573ade5019db495b133fac5145374d2d91c616693edabae704b5e5e17a82656	14563
followup\logs\state_hap_670bf769ffec_BuildMutant.json	94165f09796574e30bb18cf2a4c417693e4f58130629d1d3339d284c8a94ff51	497
followup\logs\state_hap_670bf769ffec_BuildMutant.txt	77d41abcfd13a59217496bf5b19d85acc9d0e52ebe43eb159bae478b791fb8be	1763
followup\logs\state_hap_670bf769ffec_repair_RepairStructure.json	9978a1858f92944b9c2515495c1b4d6ed2a1d3fb0cb14c04a8ad9ef3530d0f3d	459
followup\logs\state_hap_670bf769ffec_repair_RepairStructure.txt	9958108bd42704b2cd3d710aca2f263af3ef0e631eff4801005c539bf56db7d7	14456
followup\logs\state_hap_67d71b084702_BuildMutant.json	6e8345fbd95c08f7ebed228dc916fd83e0b9e5660b9626dac93bcdf3e9f43ad6	497
followup\logs\state_hap_67d71b084702_BuildMutant.txt	08c03cdf158a4a684c8a054d29aaf6317abefd9c348633733f2db9b2279f877b	2314
followup\logs\state_hap_67d71b084702_repair_RepairStructure.json	6a3af1d3b334dcd73c93584b418f20b9be8615cb179eaa1cd24661b5e8e94832	459
followup\logs\state_hap_67d71b084702_repair_RepairStructure.txt	e0c36ee25d963b58627c603767458f21c82248f42dad9627ad1c0f6068075d83	14716
followup\logs\state_hap_69739a1ac41c_BuildMutant.json	92c07f487a911470e7b94cf513fcc8223dd8592d7b596a76c255b7d8f7856b73	497
followup\logs\state_hap_69739a1ac41c_BuildMutant.txt	89f078db5b6af3713a73ddf6dd568baadd1b5f71705dbdebbc423a516a916ba4	1706
followup\logs\state_hap_69739a1ac41c_repair_RepairStructure.json	a753cf13aa12b5bc0e8f357b98d202325b341c32658daeb68e838400dfa4cc0d	459
followup\logs\state_hap_69739a1ac41c_repair_RepairStructure.txt	9517fce73503d0866680811773120ed3a189e54db1bcbaf7a03379d87824c4af	14517
followup\logs\state_hap_69a384a8c283_BuildMutant.json	ecdd23d532f0df7be7cea81ca4f973776c8b30f794d130fe9003e44cf20355af	497
followup\logs\state_hap_69a384a8c283_BuildMutant.txt	f877b018c9ab070e6da150ae2ba9eaace536d009c9725dd9292fa83d5dac7e64	1972
followup\logs\state_hap_69a384a8c283_repair_RepairStructure.json	a44f5c0b2460b9db3f41616ffec732fe1788af673e354109a25fbfd68419602b	459
followup\logs\state_hap_69a384a8c283_repair_RepairStructure.txt	34dce80c2c90f693654e31e435e66d656b4fe0e66635543990f646fe186db3c8	14522
followup\logs\state_hap_69ec916b7e08_BuildMutant.json	b434a24a43b0c7701dd8c175256d4bd6148ac297cfd92ad69c3b796615443e95	497
followup\logs\state_hap_69ec916b7e08_BuildMutant.txt	afb025bef083a40223059b487ab0fbad8fe4cfbc3405c068d8ef9e77d1bb1862	2219
followup\logs\state_hap_69ec916b7e08_repair_RepairStructure.json	9e5b7ad785cfccbde41b56ecc36fbd85f37b64ab100456cbac60c72a29fec2f9	459
followup\logs\state_hap_69ec916b7e08_repair_RepairStructure.txt	a22d46bb480c087133fbde9bf95edc395833f9dc6ee8ba904c324336e3cb9ccf	14543
followup\logs\state_hap_6adbf58ac80f_BuildMutant.json	93c6e12d7b47b10821b742e927d1b81f7363ce43fbf1293213cf11fac94ad5e5	497
followup\logs\state_hap_6adbf58ac80f_BuildMutant.txt	6a2af2b30a0ce4dd0d9b29159688000bd4ea347f1ea93522a30ae5af03865092	1649
followup\logs\state_hap_6adbf58ac80f_repair_RepairStructure.json	b7644700004a201abe9065aa7c65abc9b72b68c824bed1b67f4f33e1063c67f8	459
followup\logs\state_hap_6adbf58ac80f_repair_RepairStructure.txt	433fe0e89b49a01f397715a441a74a1e15f58b6db7d1cea33faddb0713bf1593	14563
followup\logs\state_hap_6c649e9c878e_BuildMutant.json	2f423b52a2565b2db38112d4d946b1a843d313ed4941bfe1f43376c8bb8b6401	497
followup\logs\state_hap_6c649e9c878e_BuildMutant.txt	c5aa438ba4cfd53d25289ba43097a839d998ade0a92b9f2376a40488caf74f11	2162
followup\logs\state_hap_6c649e9c878e_repair_RepairStructure.json	47b852da02fc7a3e31373665036e63ffa6725715cd5b35492d6a86275577970a	459
followup\logs\state_hap_6c649e9c878e_repair_RepairStructure.txt	fcdb504af9e8cf393bc4deb19411fcfe2f0e66d92593b591e23c41617605ba2b	14502
followup\logs\state_hap_6ddd97008ec3_BuildMutant.json	a2a40b6144725e08fd955a13326721243b48d35e34b3e4efa1ebc93a50ec8ab8	497
followup\logs\state_hap_6ddd97008ec3_BuildMutant.txt	d870a6259217bd50cd2fea6d57f5ffd1f8050f659f4e593ae9299ebf874b5722	1839
followup\logs\state_hap_6ddd97008ec3_repair_RepairStructure.json	b156214d02bb9483aeda98878ec7511490ebfab7b21f23e14e4ce0054d37e54e	459
followup\logs\state_hap_6ddd97008ec3_repair_RepairStructure.txt	ee644e22e96dd6f77615a1ec0344176df659c06c04f854d1573fe3cea5c4d274	14609
followup\logs\state_hap_6fbc3ef98f43_BuildMutant.json	f7c488fe20f62bfb16f9ebed4af1e5c906e28d2d700262450ac2ca8b9573059a	497
followup\logs\state_hap_6fbc3ef98f43_BuildMutant.txt	50738cc96701cb40313531e559a9ffd89b9cb45de036f569580d9161a3f11a55	1839
followup\logs\state_hap_6fbc3ef98f43_repair_RepairStructure.json	24dd1e8610f39b37f27b841d218f7ab1a0f07503bd877dd8a76deccbad11812b	459
followup\logs\state_hap_6fbc3ef98f43_repair_RepairStructure.txt	ce3f5a4de326f09eebdcd2a6c6e6ba82ef716045e3ad2cf44e70918a5ab06c56	14497
followup\logs\state_hap_71819a9182a7_BuildMutant.json	ad331e426c956fad5ca4278c4cd60be4c2201b0093402ac3abdbd89f4ef37425	497
followup\logs\state_hap_71819a9182a7_BuildMutant.txt	e2a3fa99679c08d3b12cfccfe915ba481e33ed2229e9203cfe4369ad18a87ca8	1706
followup\logs\state_hap_71819a9182a7_repair_RepairStructure.json	8ccdd0d3437d1eda71602a2470e97ed47d82b97db1e212dcddc109344e48742b	459
followup\logs\state_hap_71819a9182a7_repair_RepairStructure.txt	e88431256e512e73c5fcd1ff8de5724d8f2ddb25447555baf011298a64bb1ba1	14522
followup\logs\state_hap_71f411ba2df4_BuildMutant.json	62d5a79db9c70d5e9b05ef2b3e0e4ced8949ffc67f57fec2c2b4ed8467ee5ae4	497
followup\logs\state_hap_71f411ba2df4_BuildMutant.txt	ff124cf854f43f0baf1c13632e6f23c6eea8ef3e862d9b5463254c7dcf055027	1877
followup\logs\state_hap_71f411ba2df4_repair_RepairStructure.json	fdbfcab7e7dc45feaaa054f1c71430193dbb8ff9ffdb81a0c08b1dc303140a14	459
followup\logs\state_hap_71f411ba2df4_repair_RepairStructure.txt	7c2035db9cd3a6acc434f221d52beb4071f17ac7e2c7960adf4f0370d54fa5d7	14563
followup\logs\state_hap_731eff68aa5a_BuildMutant.json	2f7f9cd4eb045660bb54d1bc5fdece471f2f739f526a71846ac23c96aa764e56	497
followup\logs\state_hap_731eff68aa5a_BuildMutant.txt	93fe0750eaec5de99e7e5327433f5685f8058b61b4c34ec0db0598064eb7359d	1706
followup\logs\state_hap_731eff68aa5a_repair_RepairStructure.json	2ed1dfe5e9b0159d53e6fb87cca5addca79f6d3f08e28b58cc675481e44f9486	459
followup\logs\state_hap_731eff68aa5a_repair_RepairStructure.txt	c334122242e4497b6fb06bab080c84770d7c26c06e193402b5c6b8398bca17a0	14563
followup\logs\state_hap_735e5e511348_BuildMutant.json	9b708764f3d0744143682a1106e7c90ebf41ced5da72419ccb61f8e3920af772	497
followup\logs\state_hap_735e5e511348_BuildMutant.txt	582a9f027d1d420a14e1191f5a65d3d6d431bac4f644f4f7b62c84c9b1317b17	1649
followup\logs\state_hap_735e5e511348_repair_RepairStructure.json	e34104f51e8cbc801edaf6acd03f896271627269a9e4be327bba1f8f56023b18	459
followup\logs\state_hap_735e5e511348_repair_RepairStructure.txt	c83440af3361ba2d64e2b715139846c9c84f525af17c0d8ff6842fc6523c10bf	14670
followup\logs\state_hap_7368ca86163f_BuildMutant.json	7b557af38ee298d73c9f0230bc935b5cf3aaa123bf61c652e8f8eeac9ced3a6a	497
followup\logs\state_hap_7368ca86163f_BuildMutant.txt	e601111e6c2ed26cc3cbb98208348c59e0ee3d7cfcf0a0cb2f910b9499cc4137	1782
followup\logs\state_hap_7368ca86163f_repair_RepairStructure.json	5eaf2698b63ddb737475365cfa318e4a65994468608885d9d57321c7a699a3aa	459
followup\logs\state_hap_7368ca86163f_repair_RepairStructure.txt	11871e671eaa74ef6804d526839430475759f585237e82cf52da7f536c90c2de	14543
followup\logs\state_hap_74bc39069707_BuildMutant.json	ecaa9722409f90d4b85ad2e807640fa767b30dc3f90ac0fc7eedaf5c786e1ccb	497
followup\logs\state_hap_74bc39069707_BuildMutant.txt	613cc5af8593b900df841b7179522312b437f7b97a7e5ef9057339152483e9cd	2200
followup\logs\state_hap_74bc39069707_repair_RepairStructure.json	d1e44bbe701b27890e893fb4deba54f6e0d1ed83d0ffbc32f55e3376389656ad	459
followup\logs\state_hap_74bc39069707_repair_RepairStructure.txt	a7be5f829dfaefc19c291d52b471ea4a5b53827db512eabbaf3822b17487aa1f	14502
followup\logs\state_hap_758ab522b3c0_BuildMutant.json	63200bba578be6621a4a85fbe9a1604c3c8c58edda72a0c495361615fefeb875	497
followup\logs\state_hap_758ab522b3c0_BuildMutant.txt	4da364e8525e033cfabfc2b38dbfd1ba8b8ff44eed24021840504052fa7e8f7f	1801
followup\logs\state_hap_758ab522b3c0_repair_RepairStructure.json	98f75662624a51095c623fd4b8942f9a874ec3c9ec72089762abfbc597c11ee3	459
followup\logs\state_hap_758ab522b3c0_repair_RepairStructure.txt	3187928ea559ca136fc917d406481ebe5f70af2c73c4d99523124db0731d0fbb	14670
followup\logs\state_hap_75c4cf280887_BuildMutant.json	87d5a3e9f39ee5c9ef9aeb21463f5455c56cf697c87711fd394b688a6566bb47	497
followup\logs\state_hap_75c4cf280887_BuildMutant.txt	3ca9993dc75121d6fba51fb6fdfc34d1b5411fa8629055a4024108b138a0a3bb	1649
followup\logs\state_hap_75c4cf280887_repair_RepairStructure.json	1183b05b604b17694794fb01267458fe505b3aa1eaae88f09760df9e9e62f34e	459
followup\logs\state_hap_75c4cf280887_repair_RepairStructure.txt	fe1adfb127d5342a8f1a2f880113c2e5209f2f631bf93b633afec5b40c5588e4	14497
followup\logs\state_hap_760a8f0c548b_BuildMutant.json	d6e3a0abb4286e5866f57323cf1b06bed1081f93b41a8445e142fa5affe9a490	497
followup\logs\state_hap_760a8f0c548b_BuildMutant.txt	9f153888852b089397a1dcbe20805388fd2e412d81f56ccf31137bec452f4113	2086
followup\logs\state_hap_760a8f0c548b_repair_RepairStructure.json	26520b35302c12a3f8b7a44516e5496c2855a0c918cf9c442fef25cf70cacb6d	459
followup\logs\state_hap_760a8f0c548b_repair_RepairStructure.txt	d8905e37b5363e225513313691eda0bca2190ad68dab2e00344d3fff856c2695	14522
followup\logs\state_hap_7823663f4333_BuildMutant.json	f63514fca89d4b0427d5cef9e37ee3bfbe322edcd6c523af4ce2affcc37512ff	497
followup\logs\state_hap_7823663f4333_BuildMutant.txt	176018d1d2c9a00f1f62f713952fcf6c742368a49e85d77a7268b231268e37b2	2219
followup\logs\state_hap_7823663f4333_repair_RepairStructure.json	bc597a1d84516f6c7d7cbcf684a60d0e715fec745c81025aee31da1e9b31e22d	459
followup\logs\state_hap_7823663f4333_repair_RepairStructure.txt	97a76d8f3fed5b6b27d6b9d442205c808849927b4dab9940671f8e9aca641ce6	14588
followup\logs\state_hap_813659065d21_BuildMutant.json	2fee5fd968e3a4ffb800342fa96e285386739719af1b7eb865aa00d66dabad39	497
followup\logs\state_hap_813659065d21_BuildMutant.txt	96997b45b00936906a9173bcfe1935bfb0b41e9dafb259e194addd5afdca476b	1953
followup\logs\state_hap_813659065d21_repair_RepairStructure.json	95f2645ed09ee03051b4f1f0101f13525320c7e4f1554655af824277e3037a65	459
followup\logs\state_hap_813659065d21_repair_RepairStructure.txt	44f4607b39054ad5ddbdb045964c71490176f4048ae8ce3ab6e1a8fb4d1a2ca8	14522
followup\logs\state_hap_8154f5479934_BuildMutant.json	2bfe0c3b0173d423c3f0946ffc7692a3ac76c0c89f861d1f5b89349240429b0f	497
followup\logs\state_hap_8154f5479934_BuildMutant.txt	2d1728d29e406dd62a7df6fbf49e4a635127c046beb7da0e66e876cfbdb61672	1554
followup\logs\state_hap_8154f5479934_repair_RepairStructure.json	4a5dcf5910fe63de41200801130a540a95af00f4eb2f9c11cc00d56e781bdfea	459
followup\logs\state_hap_8154f5479934_repair_RepairStructure.txt	1b43c0c8b4c85d277d0037ba689f0dade8d92aa7df8c35791cbc6c6797b40363	14609
followup\logs\state_hap_81ad2aa172af_BuildMutant.json	9305a6ce03723b0ca4502e10f250ef03ac1a6b820ddb3e71d29dcdc768e331f9	497
followup\logs\state_hap_81ad2aa172af_BuildMutant.txt	ae9b6a8a94ad5977c5e0f7029e8cb10f91db8a2ad18e1189c04453614dbcedeb	2238
followup\logs\state_hap_81ad2aa172af_repair_RepairStructure.json	6cc4f6330ae6a1bc8f47a501eff775820ebf46742eb369ab517f1004f55d61c8	459
followup\logs\state_hap_81ad2aa172af_repair_RepairStructure.txt	62f7afaa89c8766656737016f8679ab6f31c0d7fb2ae0d9df11a983e8ef5243e	14502
followup\logs\state_hap_82f9ba89f0cf_BuildMutant.json	615ad499f3bc3d0a77bd4eaf4f9aba23e3eedf8085206ffc1bd723f7267d273b	497
followup\logs\state_hap_82f9ba89f0cf_BuildMutant.txt	805d3ea52df9506a25ad13cc2e78215500726a1548a546b7bc00e7bc4c9ca3df	1554
followup\logs\state_hap_82f9ba89f0cf_repair_RepairStructure.json	cfa5d68f9e9d24b186cd8ab2be622b1d2e2c758c4a776fae7d4282585414cffa	459
followup\logs\state_hap_82f9ba89f0cf_repair_RepairStructure.txt	560c3c316b1f9526cad9febc4d7f39ad6e11973b8c3405b849634b7e142db36b	14604
followup\logs\state_hap_8420593665c6_BuildMutant.json	fd73ad8aa4f62aa4750e2eda63db16a3caaa8015efe3c5fac1ae573bb8be380c	497
followup\logs\state_hap_8420593665c6_BuildMutant.txt	fdbb34ce9ed5d4ed48ae6716b2529f53328e4514a4d5b2801169ff3da98e3719	1801
followup\logs\state_hap_8420593665c6_repair_RepairStructure.json	791b5f0b82c0b96e9354f51336558e72f7bd1366aac8a60662719851c8aa1786	459
followup\logs\state_hap_8420593665c6_repair_RepairStructure.txt	ace4d8ca332c9ede0de1c54391cb4c8d84a79950cc706f0fd19826c9d9b9a18b	14568
followup\logs\state_hap_8456bda16ceb_BuildMutant.json	e58e21011f67701e4aee4d352808e3b865d84f0ee22d5fd8a61118be6fe3e15d	497
followup\logs\state_hap_8456bda16ceb_BuildMutant.txt	137de7b5f5b7dd434fa3635ab9c24a8626df9cf545082e37d583026fd6f8ebb2	1763
followup\logs\state_hap_8456bda16ceb_repair_RepairStructure.json	5e228c1368d5cba7748ceba4035f80e19bbba69a7393ae0880b60737f95734b1	459
followup\logs\state_hap_8456bda16ceb_repair_RepairStructure.txt	eba05a5efd3de5d126e910b6e569ce337a979bc26c0499092861710b63978de8	14451
followup\logs\state_hap_85230ef7e282_BuildMutant.json	f23abe9e25e1dc0b62a8a0e08f4bdff83db0a86ed6512122a1346788cbea38ad	497
followup\logs\state_hap_85230ef7e282_BuildMutant.txt	ba216e8f0fcfb93fb036d3022adaa1fbc3405a711f61c53efffb6bca6a15f92a	2067
followup\logs\state_hap_85230ef7e282_repair_RepairStructure.json	8ef63ca255e380e4bd41d5b8b644ebfcde87006d36a7c788fb4dee0eb46335b7	459
followup\logs\state_hap_85230ef7e282_repair_RepairStructure.txt	6ce2ced37fe465c16be3b88a2bbec9e1de87975f0838fc26bb485a48ae527ac4	14563
followup\logs\state_hap_853f1da6332c_BuildMutant.json	a746543add70ebfa0ee61f4e7ab4fbbc9e1968f9fa7e661bb20ecea4c01f7e7d	497
followup\logs\state_hap_853f1da6332c_BuildMutant.txt	00d97960d95279edc699798d773d45e268b58bd0743d192e1839b75bd7cc09f5	1991
followup\logs\state_hap_853f1da6332c_repair_RepairStructure.json	0e1947e283b89dc65b8a755cd8c9ad5491fcbba31090a9a63a679222e38debec	459
followup\logs\state_hap_853f1da6332c_repair_RepairStructure.txt	718acc483e27233a312b87c52e686596ac3032565060511d6d8029ea6bd1640a	14522
followup\logs\state_hap_86f9597396f7_BuildMutant.json	9d079951a56f04b4ef258cb920010d4f343992cc4027b3cd1bc24b4c4e0e5f01	497
followup\logs\state_hap_86f9597396f7_BuildMutant.txt	cc88c776ebc9cc2071c22c2c18579e39e77b503a8ea9aaeecbdf1b2994dccdbb	2049
followup\logs\state_hap_86f9597396f7_repair_RepairStructure.json	d67510dbf868ba0120aaaae14a05fc4c4eeac352ebdc14403d587653e6b9c90c	459
followup\logs\state_hap_86f9597396f7_repair_RepairStructure.txt	bb380b1d9775b060c5d304d5383714ae3d13286212cd72d570eea6c2905a2a35	14609
followup\logs\state_hap_8706106685c2_BuildMutant.json	6540cf0b859e9c9812d8e28870329695a41bc2a306c2c6fe7bcd56d93b3308f1	497
followup\logs\state_hap_8706106685c2_BuildMutant.txt	d4728e2d168cefd16adc7e55a0ea9add4fd49bcdc54fb13205fdb0fc47102d02	2295
followup\logs\state_hap_8706106685c2_repair_RepairStructure.json	2dac3449fe9d5e40e39e4aa15d1ed90a297ecaeceb426e928a198b87fe210d7a	459
followup\logs\state_hap_8706106685c2_repair_RepairStructure.txt	588a1f35be7dde8e4c778a0a944d903d871b7cafdf09c710b9b594f027896e6f	14548
followup\logs\state_hap_885fea8e6b12_BuildMutant.json	19aa03f8a3b637117697c551f42ca9d65aedeb71d51574985b39ee48afe4d4a4	497
followup\logs\state_hap_885fea8e6b12_BuildMutant.txt	ee6413e8ecb115032330e64ff865d0930788107c1f4560bb8040f5c809cfff30	1763
followup\logs\state_hap_885fea8e6b12_repair_RepairStructure.json	23e48c07edcc6d07ca393eac7d6f8655631c8cfbf7434023cf72ae8a368f0ab8	459
followup\logs\state_hap_885fea8e6b12_repair_RepairStructure.txt	64d00340505376f7d73e9786bb815dbbd87d86fe8d87cc6536203ac796c1face	14451
followup\logs\state_hap_8865542e4624_BuildMutant.json	5cc22feccf416cb0e1e228df8bab7c36907e96a1a6c413710d351adae6dce2fc	497
followup\logs\state_hap_8865542e4624_BuildMutant.txt	fe1ff57a3748c4ffbaf44f67e6c6286d8510d2eacd24a695dc674be06a335fa1	2105
followup\logs\state_hap_8865542e4624_repair_RepairStructure.json	2cef0f58abc8a7d1e8d47ded9ad95775bccbed54357b4e6d7e6233d56dfa56b6	459
followup\logs\state_hap_8865542e4624_repair_RepairStructure.txt	53956f7bd89c2acdfc5846af46a8f238cfb55d8de146636828937c555eda379c	14522
followup\logs\state_hap_89246cea44b7_BuildMutant.json	885ec053abf94c08b96c75ab14d6365f322830c288759f4475f5607d85f75ae5	497
followup\logs\state_hap_89246cea44b7_BuildMutant.txt	d73a5b558a4f7200c92590160ae8efff1aee807f585c39765f7c3599c8ea1291	1801
followup\logs\state_hap_89246cea44b7_repair_RepairStructure.json	5749c3887a43bd00400372211580eb088633c7931a20069e8e152cc808698c56	459
followup\logs\state_hap_89246cea44b7_repair_RepairStructure.txt	ae62f70f4d5f49d9b768760c2f153a4f4ce786282697c4d6f1d98d4e88a58c06	14563
followup\logs\state_hap_8be2b18bc375_BuildMutant.json	5e334202cb1199a7f8295cdf4a2e00e7030296f2bf48573f66d74e9ca4b6fa37	497
followup\logs\state_hap_8be2b18bc375_BuildMutant.txt	61e2a7dcc211ecb247c2d9ce4ecd08d866bb096eced363b8bde893dd13f834ec	1915
followup\logs\state_hap_8be2b18bc375_repair_RepairStructure.json	a299b69f84a6ae4a3d6e51d3b2a8b4bd282ab6db827ecef06296f8b1b9139bc7	459
followup\logs\state_hap_8be2b18bc375_repair_RepairStructure.txt	673a6b69aaebf6568f8c153f666b768a17afb00e2fe8d54f38bbf96c4cb9441c	14497
followup\logs\state_hap_8bfcf278bc44_BuildMutant.json	ea95defc33807cf2e4a93db8029de14cdc52cd4e7e383ff58f975ffdc7ae0474	497
followup\logs\state_hap_8bfcf278bc44_BuildMutant.txt	ab1b45dc190fe5fd76b103026110227deb768563a8af680363c5a95368126b41	1763
followup\logs\state_hap_8bfcf278bc44_repair_RepairStructure.json	20e9d53332c3b2d0e2c6947594d692d1b505edc6305c978af3ae538a6b237f1a	459
followup\logs\state_hap_8bfcf278bc44_repair_RepairStructure.txt	cf411db6022e0635a219e581d597cbc4110916abc56fd57e45cea3be898d09a8	14456
followup\logs\state_hap_8cf626565ba3_BuildMutant.json	838afa0a7388f5595a357e313b5513f524657e286c9ed28937288bf240913483	497
followup\logs\state_hap_8cf626565ba3_BuildMutant.txt	72bdc1e9834659cb090bf3262617d92379987ab2784871fda5c2c2aae3eef106	1801
followup\logs\state_hap_8cf626565ba3_repair_RepairStructure.json	4ec6449dfd19d6d80bd4b10b44ee9a26734078a0f9d716cab5a9c24ea6d07afd	459
followup\logs\state_hap_8cf626565ba3_repair_RepairStructure.txt	eda0c37e3c1f85171f7e6bf1598b00eacce3a4db2368a2a7b742d4202847d0bf	14522
followup\logs\state_hap_8d2d9896766a_BuildMutant.json	946d10e7e936d3404a71a62b4fd1c12007138d13fe4381d25ba60b396539b197	497
followup\logs\state_hap_8d2d9896766a_BuildMutant.txt	898e3023e9f24506c211282da05eff7072b25d586243cdf700a409c136cf75ef	1991
followup\logs\state_hap_8d2d9896766a_repair_RepairStructure.json	b082100f291a34ab3df72ffa01b04de11187c89913c17da1757f6c495b7be90c	459
followup\logs\state_hap_8d2d9896766a_repair_RepairStructure.txt	7e730c375d58c5fd411289b7d1fce265936fa925926322b37334deb106b98077	14522
followup\logs\state_hap_9154fd414e7f_BuildMutant.json	0cd5b585feda303058b50b88ba2decaaf32f8d5645d947b077bec8c77847427e	497
followup\logs\state_hap_9154fd414e7f_BuildMutant.txt	f83ad4f328903dd713d83a48e6c7e48daf712f7e49b7c2f50ea3a21d0b1e5bf8	1649
followup\logs\state_hap_9154fd414e7f_repair_RepairStructure.json	f2f567b74b082aafc72599b9a68cbd460dc98f1d8bc67276fd85445260ff9d66	459
followup\logs\state_hap_9154fd414e7f_repair_RepairStructure.txt	a83f58f3b0a16f7903008450982dfa461b795344a0a60ba9c0aa3cde1cbe8b91	14670
followup\logs\state_hap_920a60f9511d_BuildMutant.json	a588f8305aafad6122eae6fc120f0a4c27cb81844b1c11e28bf287d6b9a56c90	497
followup\logs\state_hap_920a60f9511d_BuildMutant.txt	4ece5ffa7c47678089f5f8cfedf1f29f8da83fe58cf1c6f4891f4650c3b1a6f8	1649
followup\logs\state_hap_920a60f9511d_repair_RepairStructure.json	2f901ee581a93b53d0df427694d1e11fbfb38ee8cb29919af0d731732b869b6a	459
followup\logs\state_hap_920a60f9511d_repair_RepairStructure.txt	a95f77e5e64f7ee40ccd115a430c4142c8a61a9cf1f9788a9b631c2cb38e3445	14563
followup\logs\state_hap_9223711b6737_BuildMutant.json	a8af22e30edbbcfaaa5db761b9feb42432f558438d2322e8a16b8102a0f4301b	497
followup\logs\state_hap_9223711b6737_BuildMutant.txt	54791d85a69d2d1d2cb346d0d05e08f8c83097e3f638ba5468c576fcb391e32e	1706
followup\logs\state_hap_9223711b6737_repair_RepairStructure.json	6fa9d99ec6d237703045b559018e1c5e68abebd49101b0c1039bf6a57d309b2b	459
followup\logs\state_hap_9223711b6737_repair_RepairStructure.txt	1421a8238c78a41b4fbdcec51fdfc44cbc6a9e88e28eda80e6a1cc86a4b4e9f5	14650
followup\logs\state_hap_92be989dc654_BuildMutant.json	70d8d553b2451be5ffa8da80396ba11a2fb2a7db91f3e59704fcb72e2c9649b6	497
followup\logs\state_hap_92be989dc654_BuildMutant.txt	fde7e79a85ea5461c07033a3d43f48e36428ae8545f342bb9221f1a6ca3a0651	1687
followup\logs\state_hap_92be989dc654_repair_RepairStructure.json	75daefda09e7176f761e569280a2b1d3f2676026470f0a9894fd015e48f0bcb2	459
followup\logs\state_hap_92be989dc654_repair_RepairStructure.txt	a0ce9cc189449a174e7cc025c7dbcf25b26fcdbb8e7d7765f4169fcb86542935	14670
followup\logs\state_hap_92c3097346fc_BuildMutant.json	1a76f186dc345d3e8babb4ed602828296b6d6bac3161aa0f598ab80225d8f068	497
followup\logs\state_hap_92c3097346fc_BuildMutant.txt	c24d1095d837aa37e0622a0f5406ec46796fdfe0e70f48e68a397e7730a77c6f	1972
followup\logs\state_hap_92c3097346fc_repair_RepairStructure.json	83ca842ee929ec09ce1d4f9fb3754d08936c489ac453b637eb9dfcbfa257f545	459
followup\logs\state_hap_92c3097346fc_repair_RepairStructure.txt	0a9e2311531829691bed84bbfbfaafc6340e74aa051f35ddfd650cffddc86515	14543
followup\logs\state_hap_9367709f2d6e_BuildMutant.json	d7a61c58eb1c7b1725414764dbda662e58b7e6a813aa9600b7bb4fc1e8c3b386	497
followup\logs\state_hap_9367709f2d6e_BuildMutant.txt	77614a44d7bb8efa98a643837bf9395a4e2020e6a5bbaed0100beaa9c81ab926	1972
followup\logs\state_hap_9367709f2d6e_repair_RepairStructure.json	440c206a9e2408ffcb380c97195c64b50aee257e3d8d9c1476c0b9b6c03b6005	459
followup\logs\state_hap_9367709f2d6e_repair_RepairStructure.txt	282ef2a10e9f6151fa66f12388d3932368844ec8c7130378a5f187506012c4c4	14563
followup\logs\state_hap_93a6131c06c0_BuildMutant.json	955ae5f86e94cbcccbdc40d25c7edac51c44cc3f6c2618ea5035202c8c34f333	497
followup\logs\state_hap_93a6131c06c0_BuildMutant.txt	06449ad7b61a7fbdf7e16a865bc6360c1b3d71f474592e66695f9f0e9e2b910f	1820
followup\logs\state_hap_93a6131c06c0_repair_RepairStructure.json	0ca9508f25e5f6b182a442ed82afbf8f97270bf818fd07bcf15084481ad62ae2	459
followup\logs\state_hap_93a6131c06c0_repair_RepairStructure.txt	d0fdb914ed43c03d15a059fd36b4a982dc7a19f5b1a2d127f8ed364386a282f7	14670
followup\logs\state_hap_95af83595735_BuildMutant.json	741e5e214cb5d0d0a8b3f830639b9b0b47dc7e92f176481e86c03f43ca3fdc7a	497
followup\logs\state_hap_95af83595735_BuildMutant.txt	7dc34c7f59dfe83ed27fc330847da3d74ac10f1dd88284760e6cb796ceb9e020	1649
followup\logs\state_hap_95af83595735_repair_RepairStructure.json	0cf2d3c578047a34539da58a4624032da952f3e8c34a4d9c7f8f6629555f5cf2	459
followup\logs\state_hap_95af83595735_repair_RepairStructure.txt	4689bf7c75ebd268a932761abbc89d3302c8cd927b09d326f02af4d4dfc951a2	14451
followup\logs\state_hap_95d9fa4f686a_BuildMutant.json	ba2516d0c1b08937677885eb8ffb7c233c273ec5b10408aa47cb8cdc0f1f6836	497
followup\logs\state_hap_95d9fa4f686a_BuildMutant.txt	ac4c8ab62235c6008eb5fc5b91c827ff4bc586bc72d199c8f8fc1a82a1c83844	2448
followup\logs\state_hap_95d9fa4f686a_repair_RepairStructure.json	523f79dd33341ce1c0a57eba5e0f3649e4c3162765d328f56254d10aabbf4c50	459
followup\logs\state_hap_95d9fa4f686a_repair_RepairStructure.txt	475665e50cba1ec91719bd1b12399d2b853cc7b1bba538d16a301447d260f20d	14502
followup\logs\state_hap_965616b40115_BuildMutant.json	3327df3c44af7eb58efbb9f2d33724c78cc38cccc316d93f8d9f4e8fe34208d1	497
followup\logs\state_hap_965616b40115_BuildMutant.txt	6855b4a824ae070eb19f4ddbc5f3bfa72fc5b64ab7c2e27fe708005d30f05898	1554
followup\logs\state_hap_965616b40115_repair_RepairStructure.json	e470fee64da3dcbbaca6d395f394fda62038455481afd0edfe37237f52490041	459
followup\logs\state_hap_965616b40115_repair_RepairStructure.txt	381d1da5f1772e638ec80cea32780a278b8d0d6b16b1862da13a97ee5c7b6c1c	14583
followup\logs\state_hap_965aeffb9e39_BuildMutant.json	7549e57987cfbfa9d2d2be53ab9a476ffc7b2e5f6d6e380a7cc13200caaafc4c	497
followup\logs\state_hap_965aeffb9e39_BuildMutant.txt	ddb16573e165f1a1ee48a6a9429d20e17f723adec788065b14a78ce5d93daa31	1915
followup\logs\state_hap_965aeffb9e39_repair_RepairStructure.json	ced3bc867a1636b12eedf55814ba6cf1d039a0110e9d72f6070e778e1f155fbd	459
followup\logs\state_hap_965aeffb9e39_repair_RepairStructure.txt	7294d90764332d45638f01b7a80710d3e6b6abfd33841d5607d5278853babda7	14497
followup\logs\state_hap_96879b936173_BuildMutant.json	7c03071117f5e23db159798547145c95e6364777ebc49c14996d500524a89179	497
followup\logs\state_hap_96879b936173_BuildMutant.txt	8fcd3b23350dde758c888a11f0f453ae55998c92075d76dd7312e155f0e60cfe	1763
followup\logs\state_hap_96879b936173_repair_RepairStructure.json	d52a3b7d989b4f3ce71bc5ed1335031f4bcaad28e5bf542526603b5067d28d3e	459
followup\logs\state_hap_96879b936173_repair_RepairStructure.txt	a1f0a91854390dfc71472bfa82a8144d882a91bf9abfddd9f4d88a0ecb2f4d53	14563
followup\logs\state_hap_98713707e6b5_BuildMutant.json	f2a10917be57f36bb55e7e25542a05db475e8bada0eb61f8a4b055c99e5a6131	497
followup\logs\state_hap_98713707e6b5_BuildMutant.txt	106a94e9eb16de0737327ec1c292740980c20dbf3d10e2c64c037052a4ece4c7	1915
followup\logs\state_hap_98713707e6b5_repair_RepairStructure.json	4647d62ab910b02a39bf86fb1c96687ddf20d785c2186d3ee05c324f05d3cca8	459
followup\logs\state_hap_98713707e6b5_repair_RepairStructure.txt	8d21f4fd9ede3dee7c42681c92dafac64dce3e1fea4fc07648051ad7f3ac7cc4	14543
followup\logs\state_hap_987614c108e7_BuildMutant.json	6a9a0883bd835cc78c669a1a06bc63e75f984c9ec585c1b70f49366c0b1a969b	497
followup\logs\state_hap_987614c108e7_BuildMutant.txt	74f25c5d73ee646f824bc6820d6d161ee5cca7f845d2560af1d2a4d01d6791fc	1972
followup\logs\state_hap_987614c108e7_repair_RepairStructure.json	764b4f6445b1eee56f550f324d2c38dc3a719a0475ba4e1c8eaeba49a99255df	459
followup\logs\state_hap_987614c108e7_repair_RepairStructure.txt	f3f433197347818cb753545ef09247403d3d816597e8be6044050c4fc76d86cc	14629
followup\logs\state_hap_9950ec537849_BuildMutant.json	b1a3673cf847db5f2ab24b8e6c4e5213b4247df969e4bd9f04869ad5003c39c5	497
followup\logs\state_hap_9950ec537849_BuildMutant.txt	c72b800978a387d8637f7fbaa8491314e98988082e002559236c24fb039c138e	1630
followup\logs\state_hap_9950ec537849_repair_RepairStructure.json	1cc28f718d797426b7158369bc7ec99204517973fe2725b14014cf5211ea2c16	459
followup\logs\state_hap_9950ec537849_repair_RepairStructure.txt	378a61705f44c56f6ae7f034b6d52fdc41d1753486cc9fc3d031164c67449066	14604
followup\logs\state_hap_99601c735d40_BuildMutant.json	4f1c194788324003d1a78b7a6a6edbdb3bbdc32148676448ad6f0a8c04e477ff	497
followup\logs\state_hap_99601c735d40_BuildMutant.txt	04b4fc8d5dcb1e7f7bb3d658d5605c33d2e1c7d590ad63583f7314218371c0b2	1554
followup\logs\state_hap_99601c735d40_repair_RepairStructure.json	a74f68f1b7890acda9bee55f8d180bd6fcd7867d5a78645883f296d1fba4b2e1	459
followup\logs\state_hap_99601c735d40_repair_RepairStructure.txt	2ad342d11d63da4e9191b11e669746f707e0ae7d7d03d2943e657144ad69ca67	14563
followup\logs\state_hap_99baf9719198_BuildMutant.json	61a3bbcaac837becbc77e087a80a4a9a92499507cce2c39b52498375ad854c05	497
followup\logs\state_hap_99baf9719198_BuildMutant.txt	f78ddb518423d9413c17e81cd0cd75b66ce4f984d6c8c2b9c33cbe624d513dfe	1592
followup\logs\state_hap_99baf9719198_repair_RepairStructure.json	c2b7d9393f730a55a9b801bd0ebda0983f2a8cc65ed2302fbbf11ecb876babb1	459
followup\logs\state_hap_99baf9719198_repair_RepairStructure.txt	dadbde0a5fa81ef79d8074b81e4eebabafe1934d5b06cfb9cc166b2864522d68	14670
followup\logs\state_hap_9a0e1b52593b_BuildMutant.json	aeb7b8ce42d399b5dc045125f36fd2977fbd7aaa048eaa3d44d4906652c9679f	497
followup\logs\state_hap_9a0e1b52593b_BuildMutant.txt	3d3e461fbe7b704407862f2e12985b855f4b393c8c43d450268fe221d3e95118	1801
followup\logs\state_hap_9a0e1b52593b_repair_RepairStructure.json	bd9e3c0c89f1d885f8e42367cf7dc1415094433f24ff1f3dabef5f1660428d9e	459
followup\logs\state_hap_9a0e1b52593b_repair_RepairStructure.txt	3abb570ed96e6c88e129ef41c76603cf72703281fe6bee168ccb0f1613436645	14563
followup\logs\state_hap_9a703a9c38f7_BuildMutant.json	8fd6f684dc3c44dcf20c7af7370e56f6d34ea3d1c868aac472553ee65d99c62e	497
followup\logs\state_hap_9a703a9c38f7_BuildMutant.txt	064c8b2478da76aed5784afafb2bf244b7e52d85ad6762ffb0ab3b0d05b0dc9a	1991
followup\logs\state_hap_9a703a9c38f7_repair_RepairStructure.json	ead78855b528d7a62a56e76c586f391adeecd9bfef37dfa1cd5b575bf7bb7e3f	459
followup\logs\state_hap_9a703a9c38f7_repair_RepairStructure.txt	1b2908907740b082d2726ff75cad1cc73a27159c57efbfb4fecc5081d185db24	14563
followup\logs\state_hap_9a9bd15870cb_BuildMutant.json	1aa1ae78e5fb4afc75235964bea4443bec4a369314f211f5c7f86c10ac988d0d	497
followup\logs\state_hap_9a9bd15870cb_BuildMutant.txt	9a9c5c1bff13029ad7c5aaf595c1c8855eb2e0de0f16a5bf92a8a374f85026bf	2219
followup\logs\state_hap_9a9bd15870cb_repair_RepairStructure.json	3b6a388875f7020c3481493ab5661a9a614ad4165c797f5b40e2d83155e1bdb9	459
followup\logs\state_hap_9a9bd15870cb_repair_RepairStructure.txt	7574b30a22bd3be9e33f3640636222f375a035e4768bdfd598a50b9c416e8968	14568
followup\logs\state_hap_9b94fbd4ba4e_BuildMutant.json	47dbe6d8d556d11a1f924c222204266ff3e1e8f15e0355afe17c07f62c096ec5	497
followup\logs\state_hap_9b94fbd4ba4e_BuildMutant.txt	d4b868228cd18aca60e1ff541886189a084378a6ea8ba4e99974cb1c98d41598	1820
followup\logs\state_hap_9b94fbd4ba4e_repair_RepairStructure.json	efea1c742a674bca9d6ca0234b668f5cbc322885584a20911a80c8aa70e187ff	459
followup\logs\state_hap_9b94fbd4ba4e_repair_RepairStructure.txt	fa644e0a8b9bfd41801e318a20c714b10bb58fc560c85edbe54c4b7b1c29b72c	14456
followup\logs\state_hap_9cff58245a37_BuildMutant.json	564ef06e103ce52d0d1fe9f2b86f154eeca7344f05485a70659224823a15734f	497
followup\logs\state_hap_9cff58245a37_BuildMutant.txt	15ab2e03596d5d7c0891610b91d122b45ce69eb369f0cfe021c667fcaeeff441	1801
followup\logs\state_hap_9cff58245a37_repair_RepairStructure.json	a328dd72f1cddc82f3f7a9d951f318f513979c345d2a75c528216cd718488f99	459
followup\logs\state_hap_9cff58245a37_repair_RepairStructure.txt	ff144fb2fee990325f6a2e412602445ff88338973e33842048363c4ea8dca4f0	14522
followup\logs\state_hap_9d26adf2d5b1_BuildMutant.json	74318d4befece194db487f45bbc1dc57b46ae46c06c85569f2b88fe840532dd6	497
followup\logs\state_hap_9d26adf2d5b1_BuildMutant.txt	fe32bc4c4a53b1e81ca7e62b60f6fe5e2fbb90735ae58897d5c484ca56dc34d7	1649
followup\logs\state_hap_9d26adf2d5b1_repair_RepairStructure.json	f494ca9c6546d4bc55344d7179dca5345c15d1602b41e7bb43fbf2a1996acb70	459
followup\logs\state_hap_9d26adf2d5b1_repair_RepairStructure.txt	363f17cec410469bbf11bd0a29312eae952d5c037b5b251d7b55053a248f72f4	14497
followup\logs\state_hap_9e22918d3221_BuildMutant.json	3c3142008ca9d22ec836d6704c6ad45d5d714638a7c53531a51edef562b2b583	497
followup\logs\state_hap_9e22918d3221_BuildMutant.txt	08d474e9afef83cb04c50460727106b18ac287d051ebcad316f620f27cb62bd2	1877
followup\logs\state_hap_9e22918d3221_repair_RepairStructure.json	4a940529005728d9f33639cf06d73cd002d6e7ec31a609f44fa58102053cb29e	459
followup\logs\state_hap_9e22918d3221_repair_RepairStructure.txt	b29e7cdc7279c8d838f086c7ee144b14407209a5c21786134a87868aaa04c63a	14609
followup\logs\state_hap_a0888fe0888d_BuildMutant.json	c95c1aa09d39f6cf3c8bdaa078a0393ace697b299fe1943cf1ae38c5cb444499	497
followup\logs\state_hap_a0888fe0888d_BuildMutant.txt	b9bc8e7d6db7fb176341fe05deca89cf10cda2258cc5f056485af5922b152c0a	1440
followup\logs\state_hap_a0888fe0888d_repair_RepairStructure.json	4c0fa08e27f284679435cff0531fe17be110d6d6c7c557436f8f18ffd6b9d849	459
followup\logs\state_hap_a0888fe0888d_repair_RepairStructure.txt	0be5da309198d9769994561f2b544c72c740845456dd495fcdfc3f04ffb6825b	14736
followup\logs\state_hap_a2b2d3739e0b_BuildMutant.json	96c83f2d0ddf3d685b2721946fc72b22407ebec7ebd4e4dd12ec3a08d8494fd5	497
followup\logs\state_hap_a2b2d3739e0b_BuildMutant.txt	067f862f0381b987aaf646d9ef439244a8c6528b6522bed4141bc69c287c63d3	1839
followup\logs\state_hap_a2b2d3739e0b_repair_RepairStructure.json	b42c96b38c596cd2bcad0499e9af8fd47a465a446278fa08dc5f4d4076317e95	459
followup\logs\state_hap_a2b2d3739e0b_repair_RepairStructure.txt	444710c4a51ef520239e1e604b061d2149b5112983243b7de0c500506f317ad9	14736
followup\logs\state_hap_a2c016d0819d_BuildMutant.json	1aa2113ad2476e1d2e812e56a02d399b25921327b83673471770aae621c82f84	497
followup\logs\state_hap_a2c016d0819d_BuildMutant.txt	ae12c04162355593a57e49a8ec98a788ae76bd27d3f6a3ae393f80bb7c1c7368	2352
followup\logs\state_hap_a2c016d0819d_repair_RepairStructure.json	8d033523d5b3718dcb8010b23ed4868c17c5dd1ea7ae8cdb4aa97e6f9fe6b1c3	459
followup\logs\state_hap_a2c016d0819d_repair_RepairStructure.txt	5c54008e6a92338e1226f5962a0dbbd3761e6990220c118eea26569fb95e1f2b	14481
followup\logs\state_hap_a6a4f553a129_BuildMutant.json	3c7200c437542899d382d9b23bddb7723ef95edb61b86ae7629e8099b129ab09	497
followup\logs\state_hap_a6a4f553a129_BuildMutant.txt	1a84a096328568003d929ea3cc3c0df64c5e4b2f020815ea8b4559d27445d69b	1706
followup\logs\state_hap_a6a4f553a129_repair_RepairStructure.json	85c1a99f83951e31074b9d83f77d06f20033b5656247a7ed8eb9e53e683ca882	459
followup\logs\state_hap_a6a4f553a129_repair_RepairStructure.txt	62d2d8590d1a948f79d52b974e9cd97559bab795c4c760fb8bd906d87619b36d	14629
followup\logs\state_hap_a6fefb6b65e8_BuildMutant.json	135acb810219ee3b69263d9f657ac0e1124bce710233c0c458840e77e0510faa	497
followup\logs\state_hap_a6fefb6b65e8_BuildMutant.txt	afe157adb96402c711f475afac023775dde2e3971df2527ffc11a23819b29712	2048
followup\logs\state_hap_a6fefb6b65e8_repair_RepairStructure.json	3590672f7ad3dd662c22da5d77ebae17d70cc915669441445a5ef3f9bef7b83c	459
followup\logs\state_hap_a6fefb6b65e8_repair_RepairStructure.txt	e5df6aa3210a855224148e803d28b52856f3204e3bf3788b679ad783525f839b	14629
followup\logs\state_hap_a7d236aecfbf_BuildMutant.json	1a838efc2d6ff7cc75fa3fb29ce85208c22621be2b6978db56884acc5574e9d7	497
followup\logs\state_hap_a7d236aecfbf_BuildMutant.txt	cbab8f3d0342b1fce83af28f95dd89b01790c1b783fcc79b59bff0b6396efbd2	1915
followup\logs\state_hap_a7d236aecfbf_repair_RepairStructure.json	5a605265131b1b2a67396e42c3c6086fc0d6aa3562955bde47256f844eaf337b	459
followup\logs\state_hap_a7d236aecfbf_repair_RepairStructure.txt	f200522b93190e4439b85298e834fb9c39db49be0c70cce397fcd363800ecb21	14522
followup\logs\state_hap_a872cabfc74a_BuildMutant.json	c726055dc8d4b8a83de0422350e81c0050325c5e8cc34aca3bd3f34b11c36681	497
followup\logs\state_hap_a872cabfc74a_BuildMutant.txt	ab4f398700b16e246f1b2d3e1311b0ffe56a23c6c4401227390585cd96e29800	1763
followup\logs\state_hap_a872cabfc74a_repair_RepairStructure.json	23a8d87fbd98a053add2163aeb129b4f4a003f9300f8d9adc84e08c7f9c7c7c0	459
followup\logs\state_hap_a872cabfc74a_repair_RepairStructure.txt	f249afd2d3822a2985ca6df5ca0dc470dbcfd50c1a2394749063c1d6802ee9b3	14456
followup\logs\state_hap_a91182865572_BuildMutant.json	40cae9fe9d7d6885ca1ac189f9ad4a518bea5d8fd5659ece46c3d76f22e28a05	497
followup\logs\state_hap_a91182865572_BuildMutant.txt	d983d1483f0cc6c99e11cbcb65f470257a0996c569c1d013de48f5e6fb4b2df1	1801
followup\logs\state_hap_a91182865572_repair_RepairStructure.json	ef1f17a25a44c2013ecd89e7af1e5935a8d3bc8badc6bb0f78800393cd83e9a0	459
followup\logs\state_hap_a91182865572_repair_RepairStructure.txt	4e606398d8c7f022d72978f21375985d573c45ad46e42b941cd0376cebdd0a27	14522
followup\logs\state_hap_a9e58d6e36a6_BuildMutant.json	85cdca4b85dab002611473a75d4f6dfb779cd8bde6d752dd54833ff3a30d2ab4	497
followup\logs\state_hap_a9e58d6e36a6_BuildMutant.txt	3911f94381e15de5cffa118bd441bc4cc83a3d017613854d5bf6debdb228cb3c	1725
followup\logs\state_hap_a9e58d6e36a6_repair_RepairStructure.json	9d8c5e576e1f7f559bc773693caee5f7f5deb8be4164093974c0cedb3900ab07	459
followup\logs\state_hap_a9e58d6e36a6_repair_RepairStructure.txt	bda75cca37056c19893dcd5c051626eda3d9949a4c928dfc6fb741f8df47bb48	14517
followup\logs\state_hap_ab853a26725c_BuildMutant.json	cfc2fd066ea0bc492956eeb0fd52ffef4bcc46b7a0b5f3b61e1be68afe4806a1	497
followup\logs\state_hap_ab853a26725c_BuildMutant.txt	f81d654c7ff79ee7e1542a5d37e0893405f09c73353704fe50ceec421283c391	2029
followup\logs\state_hap_ab853a26725c_repair_RepairStructure.json	0c5a4fed7e54e86d6a9e42cc1cc5037f3efbcfbcb1a43a55903c5dd50aae3ff4	459
followup\logs\state_hap_ab853a26725c_repair_RepairStructure.txt	13c3cc4588f6fec0324cfc712c4f6896e9df7ee4d50c43abbed7729ff551a09e	14517
followup\logs\state_hap_ab9aea98deca_BuildMutant.json	54f130c2711680cafb51ea86b10cd61d55a77644a3c0979fa3a10d8bcd46c0c9	497
followup\logs\state_hap_ab9aea98deca_BuildMutant.txt	6d4a8687a3c304a466edfb6049bdb071811e7181df1083404c96e08eacb84a52	2067
followup\logs\state_hap_ab9aea98deca_repair_RepairStructure.json	17c644e89e268c565ccb889ab06ca7badfc6cbbcaaf4f9c51028a86a763eaffd	459
followup\logs\state_hap_ab9aea98deca_repair_RepairStructure.txt	ce39c7b00ee9f933e678be104fb0ca45002948b282cd0761cc90031b01738f64	14568
followup\logs\state_hap_add571d7773d_BuildMutant.json	097d02640f0878eefe45e778348a5ad82530e8fc7560e980671c43d5369432e0	497
followup\logs\state_hap_add571d7773d_BuildMutant.txt	656669a4d28dbdde5e1edaa409a4dd9e0a821563fe6eecd9acb748cbdbfecba8	2086
followup\logs\state_hap_add571d7773d_repair_RepairStructure.json	1bc4a38eb51a7a0cf1b8e8d40281bbc2758d503753e3441c3eeedbe90535e7a5	459
followup\logs\state_hap_add571d7773d_repair_RepairStructure.txt	ea694f720a544fd8432aa25661d528613a15dcc61e133273a814540da92080ab	14517
followup\logs\state_hap_ae7862eaa985_BuildMutant.json	a29b6d75cea90fdf607f1c246365fbd57495b7bd905dd7c4df2576e2351c3af1	497
followup\logs\state_hap_ae7862eaa985_BuildMutant.txt	204858e17d24336d53b3c9ca99c035f6d7b6644116d04ade9dfc2b1166f1a223	1991
followup\logs\state_hap_ae7862eaa985_repair_RepairStructure.json	3ee2b4c20a0417369aca28c5e817b4e674389f5aaef0c57e25604f01cc51c896	459
followup\logs\state_hap_ae7862eaa985_repair_RepairStructure.txt	c7f0452997ca0cfafeb0a483d608533ee9013146271f49c00e1e8056c6618124	14629
followup\logs\state_hap_b11367c0f4cd_BuildMutant.json	0ba78ef346f9ba73c09e3e01b0929b636c25815e49a0e26f8a0f5d2d585690e5	497
followup\logs\state_hap_b11367c0f4cd_BuildMutant.txt	6a098b3c8c9221519062c96545014781a6c60eef59f6d501bfc85c8d487fc449	1877
followup\logs\state_hap_b11367c0f4cd_repair_RepairStructure.json	a50d42c23689b57c87f9d2a738f4a8abe3f82d86da71ac3b537d0b4d36e07842	459
followup\logs\state_hap_b11367c0f4cd_repair_RepairStructure.txt	d717ed4649a4e0bf4463520d0bc4ce408729236929c5014e91fcfa15a1339713	14583
followup\logs\state_hap_b3c702650aec_BuildMutant.json	030f3df7c9d91856b61296e33b3a5b09c0ac570e220b5d4fa50ad19fcc7ef753	497
followup\logs\state_hap_b3c702650aec_BuildMutant.txt	d93920db7358b27aa0de99fd4cb63c8f7b551b5579afa9681f5e63177117f3ba	1763
followup\logs\state_hap_b3c702650aec_repair_RepairStructure.json	9cb10b3e1b4d0250de650da6236355f0c288d71c69f8324b2f8bf7b097404b6e	459
followup\logs\state_hap_b3c702650aec_repair_RepairStructure.txt	33a190211edc4df340cbb9257b5f698ce1b7006e7eeeb370fbd342436e784ce2	14456
followup\logs\state_hap_b49e3e5835c0_BuildMutant.json	883c4f76fca76aa643c46802878e22b58118947dc7ee23cf1ce62f0d672b4985	497
followup\logs\state_hap_b49e3e5835c0_BuildMutant.txt	2f01e5b8ff523d29d8df3f6aefaa7eb9c8adfbeb17d4f0abaeb9b41677b30d09	1801
followup\logs\state_hap_b49e3e5835c0_repair_RepairStructure.json	5227306f17ba4dcb967e8862898ed2c90c3c4757f4e596a7e5c8a7d4ba4acde8	459
followup\logs\state_hap_b49e3e5835c0_repair_RepairStructure.txt	3894097880885ba552fb8437553d8abe804f4d365e456e64e3ec0d67a54e3f95	14542
followup\logs\state_hap_b5315ce38283_BuildMutant.json	f1630f6c555a3d01325a3152de275be684b1c53b87094853cb97489fd90b7144	497
followup\logs\state_hap_b5315ce38283_BuildMutant.txt	15e26c7135603d17622edbb972ef6bb7ea884b3613d514e6c44aa8eaa2611220	2124
followup\logs\state_hap_b5315ce38283_repair_RepairStructure.json	8bea234fb81485f1de16461475ae522f55a71980a0bc24c7acde3b43f3c96317	459
followup\logs\state_hap_b5315ce38283_repair_RepairStructure.txt	5b19c9d107ffad7363889cf95c56d705ee50ad10a49a4690643d499b4a629094	14522
followup\logs\state_hap_b69adf54331c_BuildMutant.json	233a439a797a811ac0e686f069efeff9fad10eb3678b53573d2e3e9bcac88a76	497
followup\logs\state_hap_b69adf54331c_BuildMutant.txt	cc73ab49d0a5d93a82c675dfa9ba24afb6199fac52b52fc13f378530e91ada54	1725
followup\logs\state_hap_b69adf54331c_repair_RepairStructure.json	efd63e86c277412bbae8c8b6bf88ec95ba65c6d718616e0a4bd93e7b883e73e4	459
followup\logs\state_hap_b69adf54331c_repair_RepairStructure.txt	0cb86dd5f36698d6079a4218cf09c8474e396bb79248cf28e4eb70864ec2c708	14563
followup\logs\state_hap_b744357aed4e_BuildMutant.json	05be6c92da5f210a4d82ba19e281f8b6abb97a73430863388f7b9b40a62c186b	497
followup\logs\state_hap_b744357aed4e_BuildMutant.txt	4b3b2d2daac447e021a38fad7fd30ad83bb073a13dccda156c7c1ac0a47aa81f	1820
followup\logs\state_hap_b744357aed4e_repair_RepairStructure.json	72202f7ad50b95b7e6b20435d39a134bbc4126d9c2281a3a9cb99f15b5898c2b	459
followup\logs\state_hap_b744357aed4e_repair_RepairStructure.txt	79a5f515aba43c32b59ecabef4779512b047171b367922da47583df8599ab5e6	14670
followup\logs\state_hap_b7730442a7ce_BuildMutant.json	45927f2c2efd48a036666dd956afe3117a0791dcc2f1bc906a7b7bf4075abdd2	497
followup\logs\state_hap_b7730442a7ce_BuildMutant.txt	550c360fa0a837bd56cdd1d51059d3daae9953018b68dccb4e5081d8042d7380	1687
followup\logs\state_hap_b7730442a7ce_repair_RepairStructure.json	9727ee07f73e89cbddf7fecc4eb0faccf712691e1c4915d89c1a0e1f728739d2	459
followup\logs\state_hap_b7730442a7ce_repair_RepairStructure.txt	ebb09900b3a717b3dfefa6263a259064c5b0b41b355856b726a745a6ce27edd0	14563
followup\logs\state_hap_b8ac2db4a1a8_BuildMutant.json	c57e8c328a36047bbabd3a83e4bb6ee10df47517413f88a138a6c9225f38208a	497
followup\logs\state_hap_b8ac2db4a1a8_BuildMutant.txt	eafce5d86ac887ff58871d2b3d48d68ffdd678ea13f1ce0036587ce761dbb946	1725
followup\logs\state_hap_b8ac2db4a1a8_repair_RepairStructure.json	17c5d770dcb7d82eb7f18af5da606f65e4cee7f980c83366a1922f157529305b	459
followup\logs\state_hap_b8ac2db4a1a8_repair_RepairStructure.txt	87fde938338c3abb86ffc94034c876178820c8ca722b0aabc501a7a9b8094729	14604
followup\logs\state_hap_b913d13ad747_BuildMutant.json	928b4802333226c29445682020cd2c57c3fee14174b75fcc38884e355aabf3ef	497
followup\logs\state_hap_b913d13ad747_BuildMutant.txt	062471aec3cc285c868661c22d3bf9b2d824646f4386a79da83f7c73951dd6d6	1630
followup\logs\state_hap_b913d13ad747_repair_RepairStructure.json	ff37a5aa661a4fb8b2d6ebdaec40038f7a216027e7563d6b30063114db5c12ce	459
followup\logs\state_hap_b913d13ad747_repair_RepairStructure.txt	67fdcf8b10834981601f205fde8549bb4f782562d5a9a921858280cc3a83bc97	14583
followup\logs\state_hap_b948ec63031f_BuildMutant.json	b8974c54d3169659da978d45f70564885b616c1f99bfd7839a949b267db8926a	497
followup\logs\state_hap_b948ec63031f_BuildMutant.txt	ce95c6c2b73f9eecafb64f6147128d747e661062af8abf8bdff22f37c1895232	1801
followup\logs\state_hap_b948ec63031f_repair_RepairStructure.json	d6091322f8c4ce31896178190998c13a42289c01d09c1c9a5ee75d8f158ec1b0	459
followup\logs\state_hap_b948ec63031f_repair_RepairStructure.txt	4e2aafc1fc270a32b47ddaef9cfc64c35a1ef37e48a1723a31073c8936df261d	14716
followup\logs\state_hap_b97d15733d95_BuildMutant.json	ef1fdfcb99850c974353b1bc46aa9bfd981d011d2d73ac4e64f72ea5c10c3b87	497
followup\logs\state_hap_b97d15733d95_BuildMutant.txt	f2a5915e7940eed80ce68d00b3ccaf95857f5a87cecdd7e863c7b7ed3de3d845	1725
followup\logs\state_hap_b97d15733d95_repair_RepairStructure.json	bfb96c33ddcc4fb393e37e5ae2a153670cd778e1de3059e0ae24ba3d0dae6a8d	459
followup\logs\state_hap_b97d15733d95_repair_RepairStructure.txt	88f842dcd90178d3b59e7eb2aebeee14e01f809474d63cdbd168534199070d96	14563
followup\logs\state_hap_ba6b7469afca_BuildMutant.json	5af3374c69d1473526a6425af8d32f296343f25317cafa769371718542c82576	497
followup\logs\state_hap_ba6b7469afca_BuildMutant.txt	abebf65fe4895cc754faedc8d5aad297694c0c65bbd24b91436e27c73558eab0	1763
followup\logs\state_hap_ba6b7469afca_repair_RepairStructure.json	bb6406f6ea9caceec5e88500fef22cc8be94befe9543d4a5619c8786cd99736d	459
followup\logs\state_hap_ba6b7469afca_repair_RepairStructure.txt	3c8c71ce8838c06f2441a6abfcc1007b90861d304e3813920a57f3607461611e	14563
followup\logs\state_hap_bb0fdadb385d_BuildMutant.json	65748c67022c44c58d584ac6d9ae27c8adb57192619256cd3d48e2ca081b1100	497
followup\logs\state_hap_bb0fdadb385d_BuildMutant.txt	b2748a87a4f312e965f8041f32bebf34bff57804c4a5de63e1bd4a4a719210a3	1801
followup\logs\state_hap_bb0fdadb385d_repair_RepairStructure.json	d259c36ab8be3af1b1a96dbb6436ab28bc4af17a93de4d7f34e9a4ca6068ebbf	459
followup\logs\state_hap_bb0fdadb385d_repair_RepairStructure.txt	83918cd04652fc48fac5c5d9a7bcbeac679610e16790c21f6c70aaaa3540a5f7	14670
followup\logs\state_hap_bb3c71c392da_BuildMutant.json	c5f5d1150b31112228495789d51e279b4e9f8930609e970247e8ac99848b2378	497
followup\logs\state_hap_bb3c71c392da_BuildMutant.txt	73ffd826c86c9fbc88ef6f8e767aa929398a3f328fe3b8d218719a0afccc34aa	1820
followup\logs\state_hap_bb3c71c392da_repair_RepairStructure.json	731701a5bfd04dc79c8ee7739a5bc4396f53ed32860ad26b4023d231cef73196	459
followup\logs\state_hap_bb3c71c392da_repair_RepairStructure.txt	1bbdb4593f0c686048c04d723619a25265eb0531234160dd9a5dfdf178de6824	14456
followup\logs\state_hap_bb3cf6a73dac_BuildMutant.json	10e70e30858aaaa107d818b0fba712a4fad9b35d6df0cb795d2beda1b059a6f4	497
followup\logs\state_hap_bb3cf6a73dac_BuildMutant.txt	13db3b16344afdc9a3a587a00ee902ec3440690091d88a36ca46addba827d314	1972
followup\logs\state_hap_bb3cf6a73dac_repair_RepairStructure.json	f0017bb13950b05b93f31cce9ae62cb6ca0dc4aeffdc0f8fe2315bf346635e97	459
followup\logs\state_hap_bb3cf6a73dac_repair_RepairStructure.txt	cb76fa661dc0360aa64e5d86657d03106ea2c5d86ddc51272bf8f4dfc880f7b7	14522
followup\logs\state_hap_bbeeebc778d6_BuildMutant.json	59e81abd0382debd7347c0ea8bb01419f3de972f13f87882e1d790c705cd43e9	497
followup\logs\state_hap_bbeeebc778d6_BuildMutant.txt	e998f1b1676b994cee2ef3c7842df92cdbe7ecaed2755d8ee21f52241dd990eb	1725
followup\logs\state_hap_bbeeebc778d6_repair_RepairStructure.json	e21bce758f5c4cd57e1c2c8f4f629de95a1d5a79fcdbff807fce9b2e95d9a228	459
followup\logs\state_hap_bbeeebc778d6_repair_RepairStructure.txt	b1c9512c61ba177a74c2ccf2d4cbc1646813ff6638a9da638dc1c39a7b90b266	14604
followup\logs\state_hap_bc025c0ed86c_BuildMutant.json	818ab5aafcb51d9bf2a6cd0611daa16df8fd14bc2ed2333af224acdee155e1e4	497
followup\logs\state_hap_bc025c0ed86c_BuildMutant.txt	8b9d4d3c71874a60d42e13788cd4762dd91ff433c87384ca6434a4df72cfac1d	1763
followup\logs\state_hap_bc025c0ed86c_repair_RepairStructure.json	2cfb96fe37d8fa4f9f01b8b781024b66075e2caea4e3a9a16feaab8485a685ea	459
followup\logs\state_hap_bc025c0ed86c_repair_RepairStructure.txt	2243e899ce4f1ec24c08faec97bbe15333863b21d2e142eaa805967ff80eefea	14517
followup\logs\state_hap_bca15fb7b932_BuildMutant.json	568bab16a85f49787605a1d5747ed88c5611745881d4a7d6165cf6871de5eeae	497
followup\logs\state_hap_bca15fb7b932_BuildMutant.txt	02362c209ec175cc5c4bc8747e998ef2c9fcc4fe4db8cda81c6661b09f407458	1820
followup\logs\state_hap_bca15fb7b932_repair_RepairStructure.json	83c2d7d4171b52703c74fd4335fbb4d5375feff817a749cff6e5e5a232c986ff	459
followup\logs\state_hap_bca15fb7b932_repair_RepairStructure.txt	c003692b2e38a59ca45441b44535fa9d5e15c018defbab55ee0e1e0edd603a5f	14736
followup\logs\state_hap_be32c5e5e38a_BuildMutant.json	131beb3bde4c038d0eeca3d8f8df16b68e3d2d79de5a83ba937c3c890f4ae8c6	497
followup\logs\state_hap_be32c5e5e38a_BuildMutant.txt	68c2f94cac9fc8c4748dd3b206dea222f4689aa1f5f1078a0bd3ea85ec5556f9	1801
followup\logs\state_hap_be32c5e5e38a_repair_RepairStructure.json	6460d55192ba6649feb4c7d6f64546d7f8645f4bd5d7cbdd17527b3adaad6c07	459
followup\logs\state_hap_be32c5e5e38a_repair_RepairStructure.txt	df1b1c3ba4f5d9fb3366d311abeef8c80f5d719596bdd936164024a4b42962fb	14456
followup\logs\state_hap_bf228144e65a_BuildMutant.json	b88df610261fb7f8d2d14923614b2388cbf27c27c094f12031a178dbf08bb4a7	497
followup\logs\state_hap_bf228144e65a_BuildMutant.txt	ae14137f21146234f56e429fef5fd5bfe6ff9d1147810a6b0b12d5dd0cac705f	1478
followup\logs\state_hap_bf228144e65a_repair_RepairStructure.json	176cbc053b2729a2c89fafb16212b450d1f1bb141a65f4722df208c39df561da	459
followup\logs\state_hap_bf228144e65a_repair_RepairStructure.txt	d86bcda2ab65c1a36ab711361d3d63658e8a9d70fb4de3ab8547824863b03c0e	14624
followup\logs\state_hap_bf24099aaa71_BuildMutant.json	755a3447abd356a4caf9c721192361e4a265cdece3ba533f7417bd89f84b414b	497
followup\logs\state_hap_bf24099aaa71_BuildMutant.txt	102229192bcf98eba4fbe44c24ac96c1e35b833637f3dafce954e98ddf103e87	1725
followup\logs\state_hap_bf24099aaa71_repair_RepairStructure.json	0b7d79cf4c6847dec286623c3ee0368b6f36e95c2bd36fc2e14cde9f4d0c724f	459
followup\logs\state_hap_bf24099aaa71_repair_RepairStructure.txt	74146fed08a36270ec546ca49b9f1379762bae715f5efd940b900ad68b187a81	14517
followup\logs\state_hap_bfa36b2e3cc5_BuildMutant.json	03fe26a62c0261147f99d4cd6e932fe98a365e14fce4c806fbced75c4120d8f4	497
followup\logs\state_hap_bfa36b2e3cc5_BuildMutant.txt	d3b704d063242df877afb983539d6e404c0d5d17eb1bcf6ca5c0290ae5e0f2d8	2105
followup\logs\state_hap_bfa36b2e3cc5_repair_RepairStructure.json	b6d82ee901dde642313afa9e6a9d9c33a48e3f68b674ba8f00f6b234e032c4bb	459
followup\logs\state_hap_bfa36b2e3cc5_repair_RepairStructure.txt	d3f66ef76bb6a7b51d2b67f4efe59d3bb8dba64c0d77e60d546bc4df63ea3cfd	14456
followup\logs\state_hap_bfbafc50c0b3_BuildMutant.json	c3090bc11210ae09da00d8b871cc10659faba0f2aa5b7d13553e457fb968e687	497
followup\logs\state_hap_bfbafc50c0b3_BuildMutant.txt	d71d550e299d690135983342a2bfeea6983459dc2ce91711dad164a7cb73cdca	1801
followup\logs\state_hap_bfbafc50c0b3_repair_RepairStructure.json	39739c239af80251457eebafe2d21691e6acdeb519381c02b22fdb4db43bad82	459
followup\logs\state_hap_bfbafc50c0b3_repair_RepairStructure.txt	0909827e9d47d949659cbaef47ee5929dae9e77f57e4a02c5c1a746d90314c44	14716
followup\logs\state_hap_c02a63eedf82_BuildMutant.json	f28f845229ecb051f24e8d50fe3ecd7223ae4ae1f56fbedd220c6bb1432c1685	497
followup\logs\state_hap_c02a63eedf82_BuildMutant.txt	06fe05d1df21ad3719e938b50c588120894b461ce0fe36623c0a582c3c439865	2257
followup\logs\state_hap_c02a63eedf82_repair_RepairStructure.json	0942ab024543ec4b085533258046e180a0246c6160487801b58a21d75a8ea87b	459
followup\logs\state_hap_c02a63eedf82_repair_RepairStructure.txt	3ce7b1c6484ace53b904a46b48753dfd4ccd2010bfdf4aa6340d8edf772adbad	14629
followup\logs\state_hap_c300eb747e09_BuildMutant.json	6ee433f680be7003de7624266759fe5f6f771bf75c1ff6bfb5d59c99843bc05a	497
followup\logs\state_hap_c300eb747e09_BuildMutant.txt	04fffc67e6bcfa21a48da8411fec62cdb38831abcbbc59a3acb376d2886c8824	1972
followup\logs\state_hap_c300eb747e09_repair_RepairStructure.json	a9bdcdd1cc5cbd8a7f62acc7705610e9ae8557257c2e4b42c48965baffdebf47	459
followup\logs\state_hap_c300eb747e09_repair_RepairStructure.txt	477ddc3ea21a8be885462a405bbf577b24efa195bb266660bc8606c31d4ba81f	14543
followup\logs\state_hap_c404c593dff9_BuildMutant.json	ee8bb2cc8f4c9684644b405d0eb39930ea99886f9433e0c662167af544177774	497
followup\logs\state_hap_c404c593dff9_BuildMutant.txt	be1973426f19dfafe6e31e6e18b3ecddebef81c28d88b25153cf0c6de590bc7b	1915
followup\logs\state_hap_c404c593dff9_repair_RepairStructure.json	0c748fc47ae97269ab6de28146ec45b67da50458519b3333caef81a65902b8a3	459
followup\logs\state_hap_c404c593dff9_repair_RepairStructure.txt	6baff85002c4aabcc6f53be25a3c90e3fa821d284812f0f5695bcd238ccecdc5	14410
followup\logs\state_hap_c688cb7972cd_BuildMutant.json	48dfefd68e0762be704713567a85658b934caa6515aeb97589dc395a07e41922	497
followup\logs\state_hap_c688cb7972cd_BuildMutant.txt	6db01cddc1bce82e7967f0333c9f3700fc1861557b34386bccfabda9c40c759e	1763
followup\logs\state_hap_c688cb7972cd_repair_RepairStructure.json	6ac7091cdf9b85eabee7e10e1e41358a413dc4869647540919826d1695d2ff02	459
followup\logs\state_hap_c688cb7972cd_repair_RepairStructure.txt	aa3b5576a5b84d5ed35071a9612f00162a1b9b08d2c17d2208d75d57db516e55	14497
followup\logs\state_hap_c71869741d99_BuildMutant.json	958aae8076738ef3159ede57092ab6c90c487d598e3a5463925d5cf02a5ff42b	497
followup\logs\state_hap_c71869741d99_BuildMutant.txt	593dc3e4c9337d7c8faf450177b234908da07cda3307e1dece39173936f1d617	1725
followup\logs\state_hap_c71869741d99_repair_RepairStructure.json	8ce138ccbc86f2aa2fe7ea8c4eea33aeef60d6271fe22108fb7679d16f5cd269	459
followup\logs\state_hap_c71869741d99_repair_RepairStructure.txt	b821386e5f7c8a5dc71537e0795c63778fc0121c6a9b9b2309491eab189278a3	14563
followup\logs\state_hap_c891c4d9f927_BuildMutant.json	6cc4d130823e4f606667aa2c0c31f6a7f66eb4ec946df4b4d2dff8418761a045	497
followup\logs\state_hap_c891c4d9f927_BuildMutant.txt	443a6d7a923251747762ac6890922ea5cbee3f663ee13fbbb7c7009457232bbc	1516
followup\logs\state_hap_c891c4d9f927_repair_RepairStructure.json	7f49cbbd1dc7ecd9f823310e5947a5dc0fa8623e34e37d3cb83ffa268f581cf8	459
followup\logs\state_hap_c891c4d9f927_repair_RepairStructure.txt	4645216f6dca96fa7038924a4640a4fb5a215a594524f2f05da60c1a503478cc	14736
followup\logs\state_hap_c902b492d646_BuildMutant.json	bece92baa7d7c7e8f119b731e59ea594a8ac47d972d306a1519a685714bcaa19	497
followup\logs\state_hap_c902b492d646_BuildMutant.txt	40e10ddbc42025618b26fc61b657f48e3b5c8290e4c92f41a7d2d0f97743b22c	1725
followup\logs\state_hap_c902b492d646_repair_RepairStructure.json	c0079723efa23648d9a5d0a9222fbb7a77b032c202ed495e9f0026097a50d0c3	459
followup\logs\state_hap_c902b492d646_repair_RepairStructure.txt	77480dc18b3b2c4e0bc85a3838f9d1276afb1b8e578412f2db172dc881b29e2b	14517
followup\logs\state_hap_c98c132cce8e_BuildMutant.json	2aebeb42e95db11f20e0365f8b60db9363fc6088f4c25dbb10aeff5020d62988	497
followup\logs\state_hap_c98c132cce8e_BuildMutant.txt	0ddfb1db099733ab732686a95c9d0dcaf7de5abfd7f9b73258f51ed336a90cb6	2219
followup\logs\state_hap_c98c132cce8e_repair_RepairStructure.json	b8f1eca283081d540672e99c0dac434e68ce23bdc07dd7aef3730399c9a0254f	459
followup\logs\state_hap_c98c132cce8e_repair_RepairStructure.txt	f09c4bcaf6748f712d3369e4e787ed51d7ec36fb44bc89209407ef7f523b8b79	14563
followup\logs\state_hap_cc59749a2d68_BuildMutant.json	5538fac6de6fffc8980b9302ecd1601b3e1e5e0381ccb6235721278ad40230df	497
followup\logs\state_hap_cc59749a2d68_BuildMutant.txt	be613c06bfb0e254c6c4a99790fa0f46eb2553d4be4bfc19b0ca08721bcb40d5	1440
followup\logs\state_hap_cc59749a2d68_repair_RepairStructure.json	0e5205534142426b9a03721cd52a54bca4a8045f0cade7b24f7bb5d6fe8826a1	459
followup\logs\state_hap_cc59749a2d68_repair_RepairStructure.txt	5dd29c6fbdb7c7c9f103d415f78a7da94c6bd34f04539010afc92b1699d79b87	14690
followup\logs\state_hap_ccf9a28d42ce_BuildMutant.json	cb072790796c2d494aa901d8eaefdd91457ca97f319e5983c48660b3f59780c1	497
followup\logs\state_hap_ccf9a28d42ce_BuildMutant.txt	76f070611984abb9f98f7751d1a56402a391aa12e6d096b4eb0561c45aa91e80	2162
followup\logs\state_hap_ccf9a28d42ce_repair_RepairStructure.json	14ebebe944a9aee737c3fc926a7f3c72533389e5b04b4b300753acee1a7b22b0	459
followup\logs\state_hap_ccf9a28d42ce_repair_RepairStructure.txt	a85cbf53fd855f239edda7ea727d7c256847686cf65b25b9413876ec37c648c8	14522
followup\logs\state_hap_ccfb98715c00_BuildMutant.json	178eee0e6d4283142ee8ebe2657676bb8f84c752d23f69e56b1f02b3c97b499d	497
followup\logs\state_hap_ccfb98715c00_BuildMutant.txt	d40866398c00a52544ce2d2d62ee9edf8c090e78db8b4f8e3d4995f2b3a13480	1649
followup\logs\state_hap_ccfb98715c00_repair_RepairStructure.json	71358d4c882339f7c3413199adae8b578ccdfba2565af340819ca4a73b68343a	459
followup\logs\state_hap_ccfb98715c00_repair_RepairStructure.txt	39f1031121b8e4a619d3df8d7f5eae3a4c3f6896c91a31616557fdbfff0adfaa	14497
followup\logs\state_hap_cf282de56148_BuildMutant.json	e93fc3a3bd314ba0395bdf294be304ca7785f274286c012bd2c6bc8f4f75004e	497
followup\logs\state_hap_cf282de56148_BuildMutant.txt	59f488876435dea9a5d8b527ad21d6a110451c503b4e0eb905451a33b5531b81	1839
followup\logs\state_hap_cf282de56148_repair_RepairStructure.json	60c3320f59c185b74fa21f492d2d81e9be94ec2c450870fb2a0b1bab48b8ed40	459
followup\logs\state_hap_cf282de56148_repair_RepairStructure.txt	0a168650d43478f7915d321f98806c6bb7587270976398fd162223866d5fc375	14451
followup\logs\state_hap_d014d08298ca_BuildMutant.json	3f16a3b94f2e73993b567c116e577b9bda0efdaf200e30e46502b88a4f0decfe	497
followup\logs\state_hap_d014d08298ca_BuildMutant.txt	b929fdf11ea6c572a017fb0367a9db822c58646aa09b907a66506bb1a97a83cf	2143
followup\logs\state_hap_d014d08298ca_repair_RepairStructure.json	00b4a937a6c05260ca88b9dc6d42a20c02846a12714e318fa0eb2eb6849e35cf	459
followup\logs\state_hap_d014d08298ca_repair_RepairStructure.txt	88dc39c0f79b6ae8c2b999a4607be265f4367e2e07fb3abaf252954b7deaacaa	14604
followup\logs\state_hap_d06c7ab9df97_BuildMutant.json	0d56a4a99a99d1677aa1a15447b8025cd81351ab4ed30c629eb6b09e5a5275a2	497
followup\logs\state_hap_d06c7ab9df97_BuildMutant.txt	e2b641e29887c21fd0a29f5e67f2da83912e3064fa7d4126d089c261d7bf1f26	1858
followup\logs\state_hap_d06c7ab9df97_repair_RepairStructure.json	eab5ed4d77587feb2713798df61c0605fbab6c2d81ce2b77ae2201486cb1d548	459
followup\logs\state_hap_d06c7ab9df97_repair_RepairStructure.txt	84362f234698674b7ec77afe843f1d370bfc4fd353dc47a711ae783b262891e4	14522
followup\logs\state_hap_d14d8e4f3af5_BuildMutant.json	76d55566059811d95ebb7e6471225e1cae247096fe9dd006fe3e7506dcce86b0	497
followup\logs\state_hap_d14d8e4f3af5_BuildMutant.txt	92e32c8c445cf0eebabbbbee9baa9fc138152b96f006617e09443f4b9704d3ae	1440
followup\logs\state_hap_d14d8e4f3af5_repair_RepairStructure.json	e1c38b1d59a82b8fe6c71c9b0cfd3d3cffd8da5e374e55dbbb3e425ba4a24f0f	459
followup\logs\state_hap_d14d8e4f3af5_repair_RepairStructure.txt	9d945d0de3c8594dea2a48611d8cbee18e3c450560c936d984fea083db9bd6ea	14736
followup\logs\state_hap_d1691e7e7f31_BuildMutant.json	7985400c7d1df66a8540857730ddd040f2b1eae4633beb8bc41013a1ab78c81b	497
followup\logs\state_hap_d1691e7e7f31_BuildMutant.txt	55bfa0a2c9f4f8b1b46d82cf181b7f8dbad669242b0eb71ed03fcec77db20cd0	2048
followup\logs\state_hap_d1691e7e7f31_repair_RepairStructure.json	e7189403c810c90e44c2a612aa5146a91ab711457ed8480451e92290bbaad85b	459
followup\logs\state_hap_d1691e7e7f31_repair_RepairStructure.txt	06403bb365f8dae2e6f2d8b9236adf0808b18891a14fcafeebca9bd11cf8f3fc	14522
followup\logs\state_hap_d3e8e81d345f_BuildMutant.json	53198c0315049018ec5b0aae65a757fe17a74fbe1cf7f8d4b7008308e6ed7386	497
followup\logs\state_hap_d3e8e81d345f_BuildMutant.txt	373788f472f322fd1852d1c586494bdc8c65e0d36f38ee923a90eaa853ef69ad	2143
followup\logs\state_hap_d3e8e81d345f_repair_RepairStructure.json	547a3b9abe9f3f3746b84d0dea8ef18d49a9aaf53b177f00acef008e8784c161	459
followup\logs\state_hap_d3e8e81d345f_repair_RepairStructure.txt	ec386219155c6b80af6df50914c83db6d7bab6a86865a801c9c87a04b70a13e6	14481
followup\logs\state_hap_d3f86e1683ba_BuildMutant.json	5cc1665f4d80d11d16ae45d2d148b1ebf239ec95fd59d2b6084b0d5550f3568e	497
followup\logs\state_hap_d3f86e1683ba_BuildMutant.txt	d75a8c24ade1bb13942107aafc97e3180f38ccb3949cdf16f716a13ca1849515	1516
followup\logs\state_hap_d3f86e1683ba_repair_RepairStructure.json	96777783b490421a53cde741d2905a3e530fa5f92ec3cef4dc668d751307c7c8	459
followup\logs\state_hap_d3f86e1683ba_repair_RepairStructure.txt	0d9973bcfa225b259fc602787d2bb686be1a64d3764db38fdad8e46508e3a081	14736
followup\logs\state_hap_d5b7e2219320_BuildMutant.json	0ac3b0cdc2a0a53e1dde6503e03dee987e733d609e3110a04eb34d8a6f917fde	497
followup\logs\state_hap_d5b7e2219320_BuildMutant.txt	6ef8982450bec01793c7dcb1df9eef4d7abda2419dad318d3dec4811094db4db	1554
followup\logs\state_hap_d5b7e2219320_repair_RepairStructure.json	910b8f65d404adc604428bf9f2e6a3b9d6e9a26edbaecc5007b4ef28dc3a7a65	459
followup\logs\state_hap_d5b7e2219320_repair_RepairStructure.txt	a32e9620b6368f9a82cb8f59db403315aeff889381f3aa4e789d0825a9d57e68	14563
followup\logs\state_hap_d5fdc47b630a_BuildMutant.json	09af2ba1fb8834d43cdf6791028a8b10d91fd5fa5b1da4a53a937d075db00b0a	497
followup\logs\state_hap_d5fdc47b630a_BuildMutant.txt	fdb58322d02032c04625468f5c3cb3de3a9b7726583c87e2c798bdfa1e1826b2	2143
followup\logs\state_hap_d5fdc47b630a_repair_RepairStructure.json	73c6c39fb65de3ea743b345ec34f2315113c623019261ec47fb81cc01c5a0c24	459
followup\logs\state_hap_d5fdc47b630a_repair_RepairStructure.txt	1690fa6188c5e2a42d65c9894edab0565cbb622a7a10782bab68c52aab4af56e	14522
followup\logs\state_hap_d60f49da16b6_BuildMutant.json	282bae246114f6e62d098f665b2710b2de4b308c7b2e6509fd00a0e42b09ab4a	497
followup\logs\state_hap_d60f49da16b6_BuildMutant.txt	430cd902c951330041ef085f5db9ac4440d4253d3be36246d764faf431d80aed	1839
followup\logs\state_hap_d60f49da16b6_repair_RepairStructure.json	92281acc5d326d2f045caecbda77778937aea7881ab3969ffe033f355f0e5e1f	459
followup\logs\state_hap_d60f49da16b6_repair_RepairStructure.txt	ab0d1a19bb654ebacaccbb17b3f40ab511666531a8110da19f95b2cd29fc03b8	14563
followup\logs\state_hap_d682dd37ff08_BuildMutant.json	50c95ad6a6060afe4b80ff57c759edd7b7741f3f4fe6eb2129337b4ba329c024	497
followup\logs\state_hap_d682dd37ff08_BuildMutant.txt	8d5229a3be1943dbc5848998289b1cc1372a8464c127e114ee14176ced35d375	1763
followup\logs\state_hap_d682dd37ff08_repair_RepairStructure.json	48d89ec16e74f543eb2454df6b99d6b44e9298f1901c8f68cc162e9a588848e3	459
followup\logs\state_hap_d682dd37ff08_repair_RepairStructure.txt	cebdb99b0a17707bcfc2b110b10ad0a950c993f02055923b9916d9c4cf5376c1	14497
followup\logs\state_hap_d74dc6941693_BuildMutant.json	fca867731d33894a7a0201721cc8fcc218c36e2bd763c7d7d79456f4d31d4c66	497
followup\logs\state_hap_d74dc6941693_BuildMutant.txt	884546ae6270ca58712f0658caf843198cbeb66bc6b530467991b3b67d7b0d05	1801
followup\logs\state_hap_d74dc6941693_repair_RepairStructure.json	fc49b26062a62e1f3ede7eeb9bace1163a84bb1cdec3f5060620a4a191fd0aaf	459
followup\logs\state_hap_d74dc6941693_repair_RepairStructure.txt	6ea4c18ae558a94a7243dbc4bf51d4a457016f946e83d7a598bf9ee7ba5374d7	14670
followup\logs\state_hap_d85efad20a73_BuildMutant.json	7a5187f7473cee1b414313052eb7075d04a543c060766eaeb4a53170c101a462	497
followup\logs\state_hap_d85efad20a73_BuildMutant.txt	8f96c460025c9809f116af980768e9239413dd6b9803fa224051c0f194d02a46	2067
followup\logs\state_hap_d85efad20a73_repair_RepairStructure.json	eeb7e085f480cd4cd08705102be61c41b665161cd657e84b8643afabb811fd63	459
followup\logs\state_hap_d85efad20a73_repair_RepairStructure.txt	00fa4f3b7263f93d24feab5e2ef2bb03520dca7f69b970e5c28ed73dc1992ee0	14563
followup\logs\state_hap_d97b45a27a12_BuildMutant.json	b0e09cf6524d927e13353c2b7aaa250463f1e77e85736720be9e0f28cdf6bac9	497
followup\logs\state_hap_d97b45a27a12_BuildMutant.txt	e4a34c6b6d5473d33dabafd772aab9e473f8b0ffcf90d1c7e07ddd3506163741	1991
followup\logs\state_hap_d97b45a27a12_repair_RepairStructure.json	0e6ed9725edcc24d657c4522d2563e19264b1df3c69d8eb314c886a8d002eb19	459
followup\logs\state_hap_d97b45a27a12_repair_RepairStructure.txt	876ed9750b855f635f067e4f03a790b106b207b9a9f1df912f28c7bc1c6b7660	14583
followup\logs\state_hap_da854ad07173_BuildMutant.json	ffd1ff99c7686ec65c96179b99526879dcc9bb0e01a9b51d6281b6923009b167	497
followup\logs\state_hap_da854ad07173_BuildMutant.txt	546ea473b2dd53ae3c29cda41f9daf26c0e9075e3db5b085f96c6edc2aa3cbbb	2124
followup\logs\state_hap_da854ad07173_repair_RepairStructure.json	7066a81e77160eb5816b53e20d7fb1424a232131d4d805eec7ea7a32302617d7	459
followup\logs\state_hap_da854ad07173_repair_RepairStructure.txt	03f119a1cff8a6a0f21c969b51ce4e15b3170ae0ab0249c7ede7795b1e79475f	14522
followup\logs\state_hap_dba1df4a76ca_BuildMutant.json	4b4476fc68cc1333a3aa00e43ee6d7d94b731206fc047b252fb51f47646be4e0	497
followup\logs\state_hap_dba1df4a76ca_BuildMutant.txt	9ef86cf89328e0f71edbdc3b17c6d82bc60c544cdb8a53105c06ec3dc0ff4052	1573
followup\logs\state_hap_dba1df4a76ca_repair_RepairStructure.json	112f2589624c5ec4085985957072edbc717ef019058cfb6bd26296b9b29818b6	459
followup\logs\state_hap_dba1df4a76ca_repair_RepairStructure.txt	71e9b6db6fae6d76b83831ef2f655fda6b95c0c8bfe764e86ed285f181880f22	14609
followup\logs\state_hap_e0d5fffcdf8c_BuildMutant.json	fe41de82d13fa72c0e0474c9e32aa6227833373bbb8aabc76fa8b7a147b4c963	497
followup\logs\state_hap_e0d5fffcdf8c_BuildMutant.txt	86b0d33a99810353133ac30d40676fd1626fbb7e54f1fc3231c584f10bf2a4cd	1896
followup\logs\state_hap_e0d5fffcdf8c_repair_RepairStructure.json	801b4e533eac3cc99d89ab724cdf8f8e2be3161f458af9acac5b9845acaf75ce	459
followup\logs\state_hap_e0d5fffcdf8c_repair_RepairStructure.txt	ecebf2be4e458be2b72072717a613079e1655b3c2432a9bfac78fea42bc01c50	14497
followup\logs\state_hap_e24fd649935a_BuildMutant.json	3a6ea8d64d701b7bda46dd56e6890e4b75df426a1556ea8e5da8b3cbbf85d724	497
followup\logs\state_hap_e24fd649935a_BuildMutant.txt	d7da4dfd9e0604f82c480680f5232e557ab9a70f4f5ce5d13ec981c6d40c71a9	1763
followup\logs\state_hap_e24fd649935a_repair_RepairStructure.json	750fe8758e0f711c5d12bf82c72fc16dfb2e483a61097fc877bd02cc23a14395	459
followup\logs\state_hap_e24fd649935a_repair_RepairStructure.txt	5956af3b4667ad7bf8f60274bcd7eb431f58632805a522c4adc6f44e9858a433	14456
followup\logs\state_hap_e38cd1591377_BuildMutant.json	b1929be7080eb1d5a57cf57764eb70687395c7ec293fe4516b2a4c79c1509613	497
followup\logs\state_hap_e38cd1591377_BuildMutant.txt	e2880a1b23380ea7df662f74c212805595249e3592f200664cc9adda7f7e0aec	2257
followup\logs\state_hap_e38cd1591377_repair_RepairStructure.json	1476a852a8c67e88790693c3c2e53fb4b35012b564bb57cfb92e01da0b89e570	459
followup\logs\state_hap_e38cd1591377_repair_RepairStructure.txt	a0cb4ca0c8361ddc2405ce7ce181e189e5dcb044bd4fc7aa1e25e47ca95a6b82	14609
followup\logs\state_hap_e3985f585840_BuildMutant.json	d259ca1a0e5f04425e2f23a538cea4fe9b3094df4cf82e6c10da65ecd62a0d75	497
followup\logs\state_hap_e3985f585840_BuildMutant.txt	bc3508ca96d2553b14d3eae32de6ba596d3570ff394c95a64a87fadffabf1fab	1972
followup\logs\state_hap_e3985f585840_repair_RepairStructure.json	065e12c65e2f532b3265126b5ff52dd75ff0092e251475bbde6a5b20c7be377f	459
followup\logs\state_hap_e3985f585840_repair_RepairStructure.txt	6f0844b3b55da961b3fdc4e7c9bbe3c122bb7cccb3324c95ba635b0e7dcfe6bd	14563
followup\logs\state_hap_e4468363bdc5_BuildMutant.json	0c9bea03647da4b72246f721c2e5a6a66fb4b4ac7455f80f623ab400d41a4909	497
followup\logs\state_hap_e4468363bdc5_BuildMutant.txt	3abaf0c16feea49a4abedb9025ab4729a5ec38f139d74a7040b2b729d29d3b4c	1725
followup\logs\state_hap_e4468363bdc5_repair_RepairStructure.json	c22941e78a5e28f309294f3d3bc4e85ee059a29cabd2ecbaee6d862febe4b090	459
followup\logs\state_hap_e4468363bdc5_repair_RepairStructure.txt	c812155c19a6859e19ff0fbad4015b9bc7d9abe459326e45462c540bc828a40f	14604
followup\logs\state_hap_e62119a3fa82_BuildMutant.json	5d3f5ece2c85f8a49f2ee3418fa79ec046b75f5fa579ae261e6259d0c8d08899	497
followup\logs\state_hap_e62119a3fa82_BuildMutant.txt	f8e606f887da173a54e32470a0fe36026e17b5d058e114ee9a8808fa8daa62fc	1763
followup\logs\state_hap_e62119a3fa82_repair_RepairStructure.json	c4ea6c810b7f09ceb22a161c8bec900459d612f11625ff39ee90c732f7200038	459
followup\logs\state_hap_e62119a3fa82_repair_RepairStructure.txt	c7d29cf79539d8bf893a68835a3faddea8ff341dd131bcab4e0a7728e21939a9	14497
followup\logs\state_hap_e6697cbeb526_BuildMutant.json	8dea7e636f3f9f7fd291e720fdda8261cd019d46cf5659a59f6d50b8cfc027a1	497
followup\logs\state_hap_e6697cbeb526_BuildMutant.txt	a0501ef243473de3444b5ff8c26d06317c1716caa86ae3c4dcf83d3250b536c3	2238
followup\logs\state_hap_e6697cbeb526_repair_RepairStructure.json	3ab4d358fa33090f74d2a69b0667e6b1253df2dfb0f64032a418e22725cd9c65	459
followup\logs\state_hap_e6697cbeb526_repair_RepairStructure.txt	7a22c1aa8c61a7eb661696cfb76c8e019289d39c177ef923697c61a11e1a111f	14588
followup\logs\state_hap_e6f0bf51b5fc_BuildMutant.json	95427c1e15e342835bf99d6dc2b161c7fc5d46a24d846d2d5400312c03e63623	497
followup\logs\state_hap_e6f0bf51b5fc_BuildMutant.txt	0368f12b0e9595dc4e43d18ddd1a88d68ec42ef309ff555665a95d8c966b4d3c	1554
followup\logs\state_hap_e6f0bf51b5fc_repair_RepairStructure.json	abc42fa20139db870b42ab9978146823ff9fcfffd15d20f82984b5b5cd93383f	459
followup\logs\state_hap_e6f0bf51b5fc_repair_RepairStructure.txt	6e452fd405c7663d96044587060b9009c2e394242bbc55ca1d750a53f0563f81	14563
followup\logs\state_hap_e7774cd16514_BuildMutant.json	4fbb226a33dab4e6520020d470c34b51865547925ae040c8b2e3853e8c0c8752	497
followup\logs\state_hap_e7774cd16514_BuildMutant.txt	62a92b5a392bbea95e0f888024bd2ddc3cd8b54d1cc42990242de50235cf9745	1744
followup\logs\state_hap_e7774cd16514_repair_RepairStructure.json	ded68b21a5ceb6e607ecee572f212fe18679aa13117fc0e59a4186dfa6dc2662	459
followup\logs\state_hap_e7774cd16514_repair_RepairStructure.txt	dd1092f9d76ed563ad210489ba321268d929496adb3ab223880cc782a48e5353	14777
followup\logs\state_hap_e7d098770935_BuildMutant.json	46b9ee831ad27e4bb0d781a9cc4daf0282256d9aa22f18c83296a7a7a5ed19eb	497
followup\logs\state_hap_e7d098770935_BuildMutant.txt	f4b797ceace4ecee28eb8619a93d946f5a5aa5c4dcb937e2d45feb1333c45b4e	1820
followup\logs\state_hap_e7d098770935_repair_RepairStructure.json	0ffb8fc204ddfbedd3afc92faba18eea919e4d761c0d51d77e6f247e27655c73	459
followup\logs\state_hap_e7d098770935_repair_RepairStructure.txt	b8805ef594985edef0ee298c65b9826397c1c80b0237f2f6e70031105c7e4857	14563
followup\logs\state_hap_e8c0027c60fe_BuildMutant.json	6bf2a9b5f6a28a9200b900094bbf405df4102763e99578e45915cfef104f4149	497
followup\logs\state_hap_e8c0027c60fe_BuildMutant.txt	9eadb8acb433f8409952cc7e0eabd971dca7b697baa427e30b6e372c7ed140b4	1972
followup\logs\state_hap_e8c0027c60fe_repair_RepairStructure.json	c15a7e84f25020eb12df9b1aa4d41063ebee9690da60ee9c42625cea8a74a815	459
followup\logs\state_hap_e8c0027c60fe_repair_RepairStructure.txt	cf515d0bf3c9f31f472b6c72366135f044b9a68ba364f21c009c1b590b773dda	14609
followup\logs\state_hap_e931be56a305_BuildMutant.json	b837b9bc6330ba667b0af2d4bb1f7376ca2dd433fc322a66a231d9c7a12c1fa6	497
followup\logs\state_hap_e931be56a305_BuildMutant.txt	20b1fe8cc683fdbf27b21d9bef81abf9409f8dace22e8f30161c54397002685e	1687
followup\logs\state_hap_e931be56a305_repair_RepairStructure.json	7d456b48826da8fbad7a5310d74b96edc1e2234187330ad679325e91e45660e7	459
followup\logs\state_hap_e931be56a305_repair_RepairStructure.txt	aeffb66e92b74d2c3719fea515866e79c5df96dd9f97f073e1be914733ecee26	14670
followup\logs\state_hap_e960332232aa_BuildMutant.json	5a932afd527f629a000bc324613be4f919dbd15974c696f4db5457578b711c21	497
followup\logs\state_hap_e960332232aa_BuildMutant.txt	d472fc8a97385df8030b1814eddf1260b66e070ccb1fa8a068327c31ff5ad32f	1801
followup\logs\state_hap_e960332232aa_repair_RepairStructure.json	45baec82de909f2b4d9d796545293f8c0118eac59d24b259be96c5f6e65f0c3a	459
followup\logs\state_hap_e960332232aa_repair_RepairStructure.txt	6a3c89f3903aefad511b541ee5b2827fca89d2e32fdd25f2c1a0374eecbec5fe	14629
followup\logs\state_hap_e9ac6e36ccb4_BuildMutant.json	9e7fe9c9a47c1acc371aa76666988f11f7bbf31b3d9d3d142e2b552c82a926b5	497
followup\logs\state_hap_e9ac6e36ccb4_BuildMutant.txt	da09371b02f5fee2f0c341a51649996d28f13216d4e08c15c4351731bce23181	1687
followup\logs\state_hap_e9ac6e36ccb4_repair_RepairStructure.json	2c42fdda942d69d39b1aee486ab7ef9934157dda5c7a18f5fead32ad8e07448b	459
followup\logs\state_hap_e9ac6e36ccb4_repair_RepairStructure.txt	3402d3282ce9db6bef9038af4a84bcd8fe726f44df76608f3844b6c633ca6398	14624
followup\logs\state_hap_eafd9e3d251b_BuildMutant.json	ba04cc6ac6afec02c0bd72b8fb2e4d97313770ef167fe7fcd3eb924ea0155cec	497
followup\logs\state_hap_eafd9e3d251b_BuildMutant.txt	42f68394dad9405a81e9e0cd64abfa2b3195cfef59aa20aa16f0b878a405af56	1877
followup\logs\state_hap_eafd9e3d251b_repair_RepairStructure.json	e9b1ad24f474fbfaeb7b4f49c251960952da871d08672b6a36efcd6f1ae4f2cd	459
followup\logs\state_hap_eafd9e3d251b_repair_RepairStructure.txt	62d03902eb7441efa3791eee2cac0fb6690a525a60b355d667c676e80e76fa44	14517
followup\logs\state_hap_ec18e7951789_BuildMutant.json	c7a70681aa6ff61aea0e3bbaf82d603ec4ec76d1538dcd8bf52b13eb849de4bc	497
followup\logs\state_hap_ec18e7951789_BuildMutant.txt	25e9e3ebc84ae68d9c7690aa5b77ca02ffc8ebeadcf93926d81e7b45f8310e9f	1896
followup\logs\state_hap_ec18e7951789_repair_RepairStructure.json	ee820ab7141f94e9d303672eacd7039ace2aff2e381e291b28ba0605bf7b0a51	459
followup\logs\state_hap_ec18e7951789_repair_RepairStructure.txt	bb802c66509f0df83edf919f348c52c12c092f891d02608345c8f51dbedfb4ed	14563
followup\logs\state_hap_ecb9935b6c57_BuildMutant.json	e5823ddde578118fba0238f23f4eb9ae3c47fa4fe601bed2e2a7925a183144cf	497
followup\logs\state_hap_ecb9935b6c57_BuildMutant.txt	c12c17b5114c28a2af727aa16cea9a50acb19e55ba37aa7a51bda20182db7a8f	1763
followup\logs\state_hap_ecb9935b6c57_repair_RepairStructure.json	07fa2c53a0c480d85c8e753b2c5b5de22825865ce610e259dbf649325e01f6fe	459
followup\logs\state_hap_ecb9935b6c57_repair_RepairStructure.txt	70d77205fb22ad9b56ab7326f11fbb92a7ca55eb54bb17546e879d4fa75cd3a1	14476
followup\logs\state_hap_ee76ec85d4ef_BuildMutant.json	4b76d953ab349881c54e07c7394acfb42ae18d557d3e5f93fcb13d8f246bebc0	497
followup\logs\state_hap_ee76ec85d4ef_BuildMutant.txt	fff7b1b9f1b8fa21a232cc965736aaab77d2ca561b3446535e29080559bd6d2f	1611
followup\logs\state_hap_ee76ec85d4ef_repair_RepairStructure.json	72d72e45636cd4e2a886a47df6b9c094eff41d162614c58fb0f7aa907d2a7d5f	459
followup\logs\state_hap_ee76ec85d4ef_repair_RepairStructure.txt	5e060d179eb87ff5899d9267c24f383dd1261e6ca7c5e0033515bc447ffe4af0	14583
followup\logs\state_hap_eebce1043e06_BuildMutant.json	4a3277c25da24f3f2a54830f88452894fe5ef0b0bd4cdb0e265c66d8880fc1eb	497
followup\logs\state_hap_eebce1043e06_BuildMutant.txt	affdfeb42656e016672daee66579919f4d29a6b49561663fdefd703f44a80964	1611
followup\logs\state_hap_eebce1043e06_repair_RepairStructure.json	b212adc7430702eb9e8eea253021f812259605bd15ea74f8842ac0c4a2ae6662	459
followup\logs\state_hap_eebce1043e06_repair_RepairStructure.txt	ae26ce17cbc3a94a53fe9dcda498f253c6310b09c79275f1f944e418f09f45b2	14563
followup\logs\state_hap_f04266417d9b_BuildMutant.json	21a02543ae228a414f19df8a1534d2a8b2f81363739ce0b1e056b2dd045ed9bd	497
followup\logs\state_hap_f04266417d9b_BuildMutant.txt	7709e0a0bf8a01a8c7a803cabe04135ee2c280c762b58b03865c1cc03896ec99	1972
followup\logs\state_hap_f04266417d9b_repair_RepairStructure.json	b7b9299fe35cafc61b05b90ce5b8d42453aaf6a28fe4b21f85ae02bc3a3f0d2f	459
followup\logs\state_hap_f04266417d9b_repair_RepairStructure.txt	849abfc2859293cbf0104a1e2c0748a895fae5b4d2cfcce0e3ceab42b60db93e	14544
followup\logs\state_hap_f06dcf2b7141_BuildMutant.json	79ba48988ce013a71020595e6b43daf93744f6d20e237c76b993f720e704fa77	497
followup\logs\state_hap_f06dcf2b7141_BuildMutant.txt	c03381bd48c167cc3c4026266d4edc78b785a4159ff554f936be6e2c8ee8a671	1725
followup\logs\state_hap_f06dcf2b7141_repair_RepairStructure.json	350bf671deb3b9e12662955837f7ad878ca3deeed5cccfeefa59da14afdebf8f	459
followup\logs\state_hap_f06dcf2b7141_repair_RepairStructure.txt	637c3c10f7722d56be900d6b5f1d289c6b9994ea39163ea559d782c6a3941fff	14563
followup\logs\state_hap_f1da9d8ef954_BuildMutant.json	36577b52de6c3fef1b920a8a9615b91f99846173258efd5106bad1cffee4bfe8	497
followup\logs\state_hap_f1da9d8ef954_BuildMutant.txt	f4bf6735359fc15c47cf5d331f5e30f789d659bc7b49c2d9bc6e96a2ed2f33c4	1706
followup\logs\state_hap_f1da9d8ef954_repair_RepairStructure.json	a56bea17b5fc366b87cb4700f7cb91c2b613c13ff7fb164b9aef8837c3142d77	459
followup\logs\state_hap_f1da9d8ef954_repair_RepairStructure.txt	1a2dcf1f7ab7b47f6a036879940fa6b0a93e12a739b5cac1e677cc5eb4ebf5ff	14675
followup\logs\state_hap_f1e765b3df02_BuildMutant.json	bacef7d386420e5381a7b34a8aa12c4cb7cef003641970510084c8f4b3fb89ed	497
followup\logs\state_hap_f1e765b3df02_BuildMutant.txt	3d750c1fc366825d8eaa0a9ce71f9624c234a8f90e3583cbd41e763335a62b88	1915
followup\logs\state_hap_f1e765b3df02_repair_RepairStructure.json	c0d9ca312ecf45abb7f180f27a783caa89f03ed53a7fee9c1896e0a6d3db0c3c	459
followup\logs\state_hap_f1e765b3df02_repair_RepairStructure.txt	f88a44f6085263b048424144c96270f3b73a8f5b863b2e5e40a868cb3eeec0a0	14497
followup\logs\state_hap_f1f6ee28acbf_BuildMutant.json	a5a0369fa53e1a5db1b1eb5d65433cea6294daeb62f064d39377954a3b4c187a	497
followup\logs\state_hap_f1f6ee28acbf_BuildMutant.txt	2890830666e4f56b7baed2a540aea5bc868192461b828d0a14546132d58b08f4	1649
followup\logs\state_hap_f1f6ee28acbf_repair_RepairStructure.json	2320542af92f80779f9fdeded92397409468d583dae72051bcec5d75bf781806	459
followup\logs\state_hap_f1f6ee28acbf_repair_RepairStructure.txt	03cb4f4c94962abd781bafbaf428ee1dab4f5c6873f5165ae8820c7a085ffc2a	14497
followup\logs\state_hap_f232b46c41d5_BuildMutant.json	86fc31fc7ad177876c08c526ebad712d1f1bd1fd45c786203c2d49730e19e9f4	497
followup\logs\state_hap_f232b46c41d5_BuildMutant.txt	afa1aba088e088b034d6bba0c2e6a64c5c2f53ab1c3bba6f0278378e4e49d90c	1915
followup\logs\state_hap_f232b46c41d5_repair_RepairStructure.json	271a23c4da438073f2ee82517d53fae00467833a76b468724e4315484f8e753e	459
followup\logs\state_hap_f232b46c41d5_repair_RepairStructure.txt	5a36d13dd2b62c91b9c8cda034dd351763418e9f87af8000fe2f865abc36b764	14502
followup\logs\state_hap_f2f027250752_BuildMutant.json	e93a3ea0ecaff8a6dfab956a83c5a2318d3249ce930fd3d26efa11f7651a1656	497
followup\logs\state_hap_f2f027250752_BuildMutant.txt	400fd9c7d362c1309be7028205f507c248e4eb94dbf4bd4d5b8360b905a8653c	1687
followup\logs\state_hap_f2f027250752_repair_RepairStructure.json	5180621f147ef435bef04ca7cebef68312a3b76d879190db75bb4fa228d4ffdd	459
followup\logs\state_hap_f2f027250752_repair_RepairStructure.txt	7c4bf4b059637b0e96eaac7f77d8b1d5d4545b8970be14ee431aba9ef91dc6d9	14670
followup\logs\state_hap_f4084412c681_BuildMutant.json	4e4c50f22834d67ff89a1905a444ea4e086f4e031eb5a1354d19d38ced1f4782	497
followup\logs\state_hap_f4084412c681_BuildMutant.txt	afade532649dde159c5a1cbb4f55091cdb597e9af4efe2c2b2bffc80413fd6b3	2162
followup\logs\state_hap_f4084412c681_repair_RepairStructure.json	3113395b72a9687298702d1a8e47dcf7396ded5a3764a0fd9bf8867ea3369e6a	459
followup\logs\state_hap_f4084412c681_repair_RepairStructure.txt	b04cc652d7aa211d859bcf7c8c54aaf23723a80b7c968f446a1c7c97ce3ae745	14522
followup\logs\state_hap_f4275aaebbf2_BuildMutant.json	8cf1deb154292a22b796ab14cba2121385861326c5c08b3d60c2730dce045068	497
followup\logs\state_hap_f4275aaebbf2_BuildMutant.txt	9468682af2aa0c7465044189314cc66ea199fd275e9cfc34e8bb25b817230be2	1649
followup\logs\state_hap_f4275aaebbf2_repair_RepairStructure.json	974e87b644b4aca303e9caff684ea4f0cef09683f8abf5de13db55fa1aab00c7	459
followup\logs\state_hap_f4275aaebbf2_repair_RepairStructure.txt	3dc07acd0c5d50e02defa937266a4c582bd4cf75b66bb3ee33499f4cefe8a455	14451
followup\logs\state_hap_f7c83fd950a1_BuildMutant.json	b1ff9be63ee7fae8f6e9836a32cfe83ea191d40569234cb6ced4464afb7632b6	497
followup\logs\state_hap_f7c83fd950a1_BuildMutant.txt	8c5e5fe0c2e6a1360e1bd5cca8d82faf1c344137f7c23eb5e90a7c422be9e447	1763
followup\logs\state_hap_f7c83fd950a1_repair_RepairStructure.json	aaeb0c1b5d977e38cc3cee90bb405050b51dab6cb17a3ef572cc228e38a33686	459
followup\logs\state_hap_f7c83fd950a1_repair_RepairStructure.txt	b7fa847bc9beb69ea013cf089c085d9fc148d218f741e58194f035f1bf000155	14517
followup\logs\state_hap_f7e22fb9d333_BuildMutant.json	ec7df987610a78a3d4f9dc6d9032382044f651ac9b2d385b4a9d0a5ff27b62ce	497
followup\logs\state_hap_f7e22fb9d333_BuildMutant.txt	c2bd913d9927a0f5eeacac0b81b84566542c395dad5615323196cdb808bb4fd9	1554
followup\logs\state_hap_f7e22fb9d333_repair_RepairStructure.json	f8ca33b7884a2ab2ec4c9a82471a2c588cd53f52707650ed02018aa28d031be3	459
followup\logs\state_hap_f7e22fb9d333_repair_RepairStructure.txt	b056aa32509d207b31502d072c3831200160f655d4ee2985c9cf0968756657e4	14650
followup\logs\state_hap_f83bca2627d4_BuildMutant.json	1a2c90bf31189ce1b257e27f4b8e03bfbec37c50f60d74618a06fb3e5ab47eef	497
followup\logs\state_hap_f83bca2627d4_BuildMutant.txt	285cb1048fce7ee9de6493545e0ae1f53d2e4cc25b7d9b5789d24843f9a11e5e	1877
followup\logs\state_hap_f83bca2627d4_repair_RepairStructure.json	018ddaa98ebd767c8bf56351ccbb8742fa048769c340088f2d27bbac9814adb5	459
followup\logs\state_hap_f83bca2627d4_repair_RepairStructure.txt	ce1f5ba8bd69d13f6a90051e37cae86bd4b171b21903ee89cd66dba255c12530	14522
followup\logs\state_hap_f9787bf70f26_BuildMutant.json	1d8eeeccf448270175736c6ce22d2dc2a5552e22ff992fd5ac558787e9f3b39e	497
followup\logs\state_hap_f9787bf70f26_BuildMutant.txt	f7e8624c5fda4289951c3f99d714258c71bb437e5e2035970a1e4b827cfe0775	1649
followup\logs\state_hap_f9787bf70f26_repair_RepairStructure.json	8383affd8c092c0f28c18bb280371ce4cd3b5a807b4f66a48497c35ee28afe7a	459
followup\logs\state_hap_f9787bf70f26_repair_RepairStructure.txt	eb0a4c2c65bc1ae2c46bc67844ce74f780de73cc8b80a2b4ea659cdcea576070	14456
followup\logs\state_hap_f97b4af25396_BuildMutant.json	4dbceaffa91e00e0ccbefe064ee088988c5d119ed82962998cecd5bd34231d24	497
followup\logs\state_hap_f97b4af25396_BuildMutant.txt	c4c924ec3b3a25f1e03c4563b7e493bea5e0b82d25ee885b89abc5838d1e6729	1915
followup\logs\state_hap_f97b4af25396_repair_RepairStructure.json	516c271a95e4fff4ab568ce613e1b5dbf1f08844361c9a6fe7b696f377508797	459
followup\logs\state_hap_f97b4af25396_repair_RepairStructure.txt	6e852c57b883e9f662a6e00636ffc5a8817a419900d381414ed49ff4fdff416f	14736
followup\logs\state_hap_f99b9e75fdf0_BuildMutant.json	93331494ca253a8d7189fac34595d3d94b8e2e62e6638341d55cba6bfd6ed359	497
followup\logs\state_hap_f99b9e75fdf0_BuildMutant.txt	ab3a3ae2bfa648eb79fcc79d49363835e5ceea041a5cef5c756862a363640ce1	1668
followup\logs\state_hap_f99b9e75fdf0_repair_RepairStructure.json	6006a9a09115e64ba26fdd16133a58fb132d0984be584d453bdeb245a6daccba	459
followup\logs\state_hap_f99b9e75fdf0_repair_RepairStructure.txt	ae1594e151e26687a06d547607be2fa6dca1d276d3d07052443d5d992826a1f3	14736
followup\logs\state_hap_fcb0e6d1fa78_BuildMutant.json	ce467c9df93d29b9f909a50a60320f4f73a18310d35c9d33cf9b4ba8ddc4544d	497
followup\logs\state_hap_fcb0e6d1fa78_BuildMutant.txt	652bde7fa5c0ad19077facd1cf979a4aaa871e2647cd8a7fd8e3c92a6d45facf	1744
followup\logs\state_hap_fcb0e6d1fa78_repair_RepairStructure.json	fc91a02c3c2b908919476b9e4a0637f92ba1f22386f63fd7b65df6d70eb7d803	459
followup\logs\state_hap_fcb0e6d1fa78_repair_RepairStructure.txt	3506dfb6c84dc302f82c817e0226d67bc27a5053893ac45f89ebdcc2a5bfbe16	14670
followup\logs\state_hap_fd4a58bed74f_BuildMutant.json	1049277171a1e5a081860e8be95dd37badf9040d16e6121f065eb38da545e7f6	497
followup\logs\state_hap_fd4a58bed74f_BuildMutant.txt	733235473464cd274c144f1726ace6c3b4aa9da24c5d34c0aafe956c688bcaae	1915
followup\logs\state_hap_fd4a58bed74f_repair_RepairStructure.json	3479d0247656bb87ed8d8e34334ed11f4a722297555a7c659d36b49ce54102e5	459
followup\logs\state_hap_fd4a58bed74f_repair_RepairStructure.txt	fc94145f7e6e72b7e2c340397f606b34d70e1ea9199893135ca4fa74d44bdc90	14522
followup\logs\state_hap_fd88252c05d4_BuildMutant.json	983bb50fd561ea3e7a97c4c0cadf54215bedc7ed40be9befd77797b8e294baff	497
followup\logs\state_hap_fd88252c05d4_BuildMutant.txt	94130f964bef38f21676a2a6ecc8bbb4204676d96a92f7c7841acb1fa5004fe6	1649
followup\logs\state_hap_fd88252c05d4_repair_RepairStructure.json	de1621c6d67fa12a5092ea80990f67e5fadd769eaf3142d0221eeb190ca96768	459
followup\logs\state_hap_fd88252c05d4_repair_RepairStructure.txt	5a9f18e54bca726e2caf04e69fbca6e90e630a1fc4bf4a4f6726a344ef6a8264	14563
followup\logs\state_hap_fdeed86d7a41_BuildMutant.json	ea14ede899a8a8e75a6754ba1a5d868a4301b4f79e933172dbbfe130db13db0b	497
followup\logs\state_hap_fdeed86d7a41_BuildMutant.txt	0a734edbeab8856a776243602ac77604812d904de17eb3f1433d4bbb3dec79ea	1668
followup\logs\state_hap_fdeed86d7a41_repair_RepairStructure.json	f89c69eab985a6f0cc08ba922927d1800d7b93d796ddc2afd22a45af9eb62771	459
followup\logs\state_hap_fdeed86d7a41_repair_RepairStructure.txt	95f982f9e9c89c1794350b384479585e7ac7acc5b2efa1b60327e114610f8290	14736
followup\logs\state_hap_fef642ff1f53_BuildMutant.json	a5a27333d2216e0fd70e0e9add7c4d1d7dda050935af2a4bd930641d3c2ec985	497
followup\logs\state_hap_fef642ff1f53_BuildMutant.txt	43b5da9de8948948a381e34b4458c2d01defb211d51024253c61efb4f4f39819	2124
followup\logs\state_hap_fef642ff1f53_repair_RepairStructure.json	46bc1b0b05317389c507ba18c502574be96df63bb680ec603e37d404d30d6a2f	459
followup\logs\state_hap_fef642ff1f53_repair_RepairStructure.txt	b4ed23a658dd28c7e4ea74ddd754a2fd7c94390d7487bec873da9ed08db3c7ce	14588
followup\logs\tcx_a_C157S_BuildMutant.txt	73b8a46c172e6a3c53dcf1067c47d184824cbfef4c593bcb16b3849f3883bec0	1668
followup\logs\tcx_a_C157S_ComputeBinding.txt	6dddbe43fae24ce95dbe00f14e0ce98b23d82ea9172427caf88c90af421d8560	3575
followup\logs\tcx_a_C157S_fixed_ComputeBinding.txt	1170e83a3d50aad33baa4cc3d31ef6efbb4b26fd74e3d7e79c9804d0cb6fb98c	3575
followup\logs\tcx_a_C157S_repair_RepairStructure.txt	d97aefd0353df3ea33976ac14061556736a027b5486696e233894cb34a939b4c	14843
followup\logs\tcx_a_C190R_BuildMutant.txt	a08e4284246e5444409568bcacdaa70dcf9ab7aa9d6d1c9c33ae20a28e06f84d	1592
followup\logs\tcx_a_C190R_ComputeBinding.txt	52fc605f6f3b0c28a8b90d21ab9d929dc1f4b2969476a026c4a9a10e59906c30	3575
followup\logs\tcx_a_C190R_fixed_ComputeBinding.txt	3d5cc2d79ff8bf3acda6f11f642fa121f7e1fa1b2716f34fdb351e34718a2c30	3575
followup\logs\tcx_a_C190R_repair_RepairStructure.txt	248bda01150318e57ebbc221a8245d3d891d6d3276e0d9520ab0e624c7304f7c	14777
followup\logs\tcx_a_D196A_BuildMutant.txt	149998a58c7561ea2d35f6357754b5be7c204563701d2e5de20d52d78121d40d	1421
followup\logs\tcx_a_D196A_ComputeBinding.txt	6c81658d860bc9cb7d6ab8f3179f23889e774d3472fd05a89526d0d833fca2fa	3575
followup\logs\tcx_a_D196A_fixed_ComputeBinding.txt	2a39b73f91ccd84e78d028aaf6f97671ef582503519ef4ee7e68b1ad75fc3287	3575
followup\logs\tcx_a_D196A_repair_RepairStructure.txt	60a2164b8457d3a44bd8f4ed3c4f3038ed37ff487971e0b957ddda8fc6af1621	14695
followup\logs\tcx_a_D196E_BuildMutant.txt	588583fc10f21f8cd31b3b3bcec75c3c3c3653b7979bd04309eaa08c31d5e6d2	1421
followup\logs\tcx_a_D196E_ComputeBinding.txt	726624ac542a5506e2645cc839f08d4a73f31f131c57902d20bd7e1f63852f67	3575
followup\logs\tcx_a_D196E_fixed_ComputeBinding.txt	b5529edef9641fcf4e9101863fd662c6e4db11ebf5cd0b72ad6302515dfed075	3575
followup\logs\tcx_a_D196E_repair_RepairStructure.txt	82477c21548546ab30aa411085cb719c7d566f88c9349fa8f27dfb1ceedbf234	14736
followup\logs\tcx_a_E188A_BuildMutant.txt	a5e3e97a4b0cf78841b985da6365a43e70fc8b416a9ce1b0bda0880ad0e0c6cc	1478
followup\logs\tcx_a_E188A_ComputeBinding.txt	26928175eb44346adb09b85141143e1f2e2d845cc7248d721cbb58e1f2274cdd	3575
followup\logs\tcx_a_E188A_fixed_ComputeBinding.txt	92b4e3db196b419a06e5a1e79aab066986c9d6803914de68bb9c63e98c41ac74	3575
followup\logs\tcx_a_E188A_repair_RepairStructure.txt	6b34cd9ab4f967e5ad59abae3d270601ca026ebfde181f858d0dfe1c4c14924e	14695
followup\logs\tcx_a_E188K_BuildMutant.txt	8e54c5f85e7a158aa032ab426057fc41e62d5e55e4716b88cd74c593774c7bb6	1478
followup\logs\tcx_a_E188K_ComputeBinding.txt	e590881255a07f5fd383258d8c1401a859905fcb35ca25c340df411e641af067	3575
followup\logs\tcx_a_E188K_fixed_ComputeBinding.txt	9a3b6bbc445ee003a58461fb8f7061ff1a6851dd825d27dda044e23b41a70f60	3575
followup\logs\tcx_a_E188K_repair_RepairStructure.txt	667156c101b8b77ca671d7de1f4334ed36b50422296a2dfd3dfd970aa94e57c1	14736
followup\logs\tcx_a_F150S_BuildMutant.txt	9742bc124c907aeabbeb241ea3686275275bfe12c61b8ec6cb97af6219741ef2	1516
followup\logs\tcx_a_F150S_ComputeBinding.txt	a817d511bc2646c39064466781fb9c96a620a02f1f77d11896a50986d54769c9	3575
followup\logs\tcx_a_F150S_fixed_ComputeBinding.txt	baf0575bd7c704e3cf2e892ff17773319578b92b9435046b3e8a22da8cbec853	3575
followup\logs\tcx_a_F150S_repair_RepairStructure.txt	6171cb3ef8c9325b41da0e7bd484a4bcdd4c0fcf35baf6f1c8f7326d421b2b5c	14802
followup\logs\tcx_a_F186A_BuildMutant.txt	9b147fac8ed45febb5794c41a326eaba32f769877c5aa4135fa186f0f22ff62f	1478
followup\logs\tcx_a_F186A_ComputeBinding.txt	09becfccc66dbdb75dda27fb176e631d1c72f249b0085123c02777e821d6fa6f	3575
followup\logs\tcx_a_F186A_fixed_ComputeBinding.txt	59f2d0b50d7a45697d15036dd65b94aba5499d259d0ee0073dda8c1bd3454395	3575
followup\logs\tcx_a_F186A_repair_RepairStructure.txt	97da4ab80d43514dc7e8f7c867cc67c5aee2d35725aa5f5d2f4dc2206cc7d652	14695
followup\logs\tcx_a_F186L_BuildMutant.txt	3d2da502dddf1b983837867d81534873d6f748b3c6512ef16bb2d801fdcec4db	1478
followup\logs\tcx_a_F186L_ComputeBinding.txt	bdae28be369644df27e040f5d1b31da82b222dfaac34afac492649b5eca340a5	3575
followup\logs\tcx_a_F186L_E188K_BuildMutant.txt	82fbfdbc879415228a74d6c979ebbaf80ca35b434b3a5a9ed5b9284b2a5d2c56	1630
followup\logs\tcx_a_F186L_E188K_ComputeBinding.txt	7b2a36c04d84abd2423df723a0665a696d70eb75226b7e8924344bcd6a5f4e07	3575
followup\logs\tcx_a_F186L_E188K_fixed_ComputeBinding.txt	f7c6ab1f5d770c7c6e7f95d6b1954f5fb773fc67dc5040bebc97eb3a823c8d82	3575
followup\logs\tcx_a_F186L_E188K_repair_RepairStructure.txt	1b1934d08dcad3c1a3b132d4da9a9f9c3c47d122c37cd89ae6719f0330be2177	14736
followup\logs\tcx_a_F186L_fixed_ComputeBinding.txt	3d0b64f6b01e29d13a96093af3be9e1808a1dfc0a5e199b36f4df9f18e900815	3575
followup\logs\tcx_a_F186L_repair_RepairStructure.txt	1144599e5e790d7b35b3658cfc6d5573280e27df8a02c525b019fcdd7c55830d	14736
followup\logs\tcx_a_F186S_BuildMutant.txt	f9294329296d418cbfaae65fd3616a28efe43e29fb46551cc704cb3b1a02b7d6	1478
followup\logs\tcx_a_F186S_ComputeBinding.txt	56f53e993c992004d1f7d219886c3b96633aeaee15bcca89f7513b15206d5b1b	3575
followup\logs\tcx_a_F186S_fixed_ComputeBinding.txt	a2a6d71c73cfe1d2739e8bfb708999d0176c459967ae68e95b2d8f311a3f12d4	3575
followup\logs\tcx_a_F186S_repair_RepairStructure.txt	9b6eda8c6f47651715bb88b8a4513887909697a18966896ba3033c3bb5044217	14802
followup\logs\tcx_a_I181A_BuildMutant.txt	dc3a4f36b87e3a19b2e9a30d0a9004a88d776c66148bf41148c3782392aa2c29	1554
followup\logs\tcx_a_I181A_ComputeBinding.txt	70eef155939bbfeea179823eaac60a7ccf7703f456123eae1f479d03376ca8e2	3575
followup\logs\tcx_a_I181A_fixed_ComputeBinding.txt	0a39184b19a22b0ed209f4dbeff751597c523792ba7bb2357f56b24cdb96a0c7	3575
followup\logs\tcx_a_I181A_repair_RepairStructure.txt	609b38e15f5ce3277f0ef55bc9aa5903b7708c62e8f5a67ab5eb9b06d909dcc2	14695
followup\logs\tcx_a_I182A_BuildMutant.txt	7af91ab52bc1a2e6221996bba8bb317df616fd99adc76bed09566ff7f5ff9c72	1535
followup\logs\tcx_a_I182A_ComputeBinding.txt	7771bab20e583d9acb6cb8ed060fb511c01fd9da716276c4d7de360091e6a50f	3575
followup\logs\tcx_a_I182A_fixed_ComputeBinding.txt	a158ae881247cf4054e22fdf89eaefd7ec57c364232a6f148908039a310beccf	3575
followup\logs\tcx_a_I182A_repair_RepairStructure.txt	5ba921866df19f3006860b961e9c90f3814e147798e8776a96f971d90f6300d4	14695
followup\logs\tcx_a_I182F_BuildMutant.txt	841048d64b142be9284caed8e39c471ca3cc3d58e279ddb1fe546b39ded5acbc	1535
followup\logs\tcx_a_I182F_ComputeBinding.txt	ee964adeff5da2c0082efe4c85d8f8e10df82b8aae1885a53a7621ea59aed416	3575
followup\logs\tcx_a_I182F_fixed_ComputeBinding.txt	532333baf3d928fc8ce0de80c80ed8b7d2438cf34cb26d3c5e0147871abddadf	3575
followup\logs\tcx_a_I182F_repair_RepairStructure.txt	3880c105c9cb427ef0df54d481706624785dbab6c3d9fc207dda2ac7d9bf57ce	14736
followup\logs\tcx_a_K124T_BuildMutant.txt	128785165617c2cd0e0de87743e3280077b5b0bfc5894ea7f66e4d46937ac377	1516
followup\logs\tcx_a_K124T_ComputeBinding.txt	c3c79832e4d6a49464fd41c163a44276fc0239b106a2f622ba47d464424c23e9	3575
followup\logs\tcx_a_K124T_fixed_ComputeBinding.txt	32f273d5f0cf40bf39441d0037560c0a29f3f0b4d7256b53e2defd0292241ce3	3575
followup\logs\tcx_a_K124T_repair_RepairStructure.txt	55e01baebec55edbea2b6607a81b6ffbf9eb9a2c45ef266ed70b4c64cb06a187	14802
followup\logs\tcx_a_K171A_BuildMutant.txt	b3dd732d0899e06f256a6051948e300a1b69ea151cb313bd9d0019a8f9b83c4c	1554
followup\logs\tcx_a_K171A_ComputeBinding.txt	b4d0165b7255f1d1b072ddad3648319c7130a40b75998c98c945e60056a3b2e6	3575
followup\logs\tcx_a_K171A_fixed_ComputeBinding.txt	549d65c266737d7d8f338eddf1c9fc450ee8009781edbe7dc879a1e1e1e9f77d	3575
followup\logs\tcx_a_K171A_repair_RepairStructure.txt	dde890a8c96d6677ddf053a67aa379bde6361b08370a61631c6591517c5d0c38	14695
followup\logs\tcx_a_L162P_BuildMutant.txt	f48ea1b8475efaa271d7508da37b17c22d9bf449bf2095d2d0b58f255ec2feb1	1554
followup\logs\tcx_a_L162P_ComputeBinding.txt	7b1250fb6bfff2f7638a8b386593339f9786739875bb6f8a5437ec8ae9504fbf	3575
followup\logs\tcx_a_L162P_fixed_ComputeBinding.txt	0a151d380da4640746cdb4bfef7cd1c3b397253ba6452af23f4341fb1ce799ab	3575
followup\logs\tcx_a_L162P_repair_RepairStructure.txt	9fb95307deb7a6838579a73d97721e2207105ae4a9fcbacab36c74ecf0006038	14736
followup\logs\tcx_a_N184A_BuildMutant.txt	b92bbd99498495fc9167fedfbcdd344c0eebe63f00b5b51d7f8123908060f8be	1687
followup\logs\tcx_a_N184A_ComputeBinding.txt	6847bf0c671ffb697cc0dd7fb2f72c4477f2db28bfa84549962f824576bd4354	3575
followup\logs\tcx_a_N184A_fixed_ComputeBinding.txt	d1542bc88bcbcef58a2781a7baf9dc7e8ea64346627b35c820e3ea26a1670a57	3575
followup\logs\tcx_a_N184A_repair_RepairStructure.txt	734ae6454cc36e0e9c7c2c1e6fbe4853fd23d4f312f9ce80f758e856c06c590b	14649
followup\logs\tcx_a_N184Y_BuildMutant.txt	76c62f88c6325781b15e78473e53cb2058750c0170ce00ce30eabb46a09ceb6f	1687
followup\logs\tcx_a_N184Y_ComputeBinding.txt	2328b0101ecfceaab5f50adc185cc4269d96f48e1d43c49c85375e43a67fa6bf	3575
followup\logs\tcx_a_N184Y_fixed_ComputeBinding.txt	7645bdab86e0b8859cc777aebc9c87cafa5fb97c6ccf9b6fc8ea92d01867a5f9	3575
followup\logs\tcx_a_N184Y_repair_RepairStructure.txt	62b9039a40fb20992f0df50fcdcd89bd6d81c4fc1f5caeaa74cc14d1bedc9bd0	14756
followup\logs\tcx_a_T163A_BuildMutant.txt	bc31f8c7a0b03c2d14dd607d5a5e8567d2fd524faebdd1c8c231e0c0a58c322d	1516
followup\logs\tcx_a_T163A_ComputeBinding.txt	841e7dc2b5aaece33d9b1882fab6ef16f7b4c5d623b9eeaa9cbaa98cdecb7591	3575
followup\logs\tcx_a_T163A_fixed_ComputeBinding.txt	086c5cb770618c9686e7d38e7da405106473d8b6686179139fb97ffd6074acba	3575
followup\logs\tcx_a_T163A_repair_RepairStructure.txt	3b1f70feadbfce3163d1b8dcba1f2582486238c6edefe14e56e3acd4e2963fbe	14629
followup\logs\tcx_a_T166I_BuildMutant.txt	6c706d4ff766c43861ee6c61c05b7c05f23981d0b3dfff24b8bf41fe398077d7	1516
followup\logs\tcx_a_T166I_ComputeBinding.txt	919420c0ab2d306b8fee83ca84f99b555b529a0b4f7187b835fecd2013579a53	3575
followup\logs\tcx_a_T166I_fixed_ComputeBinding.txt	c938543081b3572d11dfc851635de5a226e49d77210b310f79fefcf9147e4b6a	3575
followup\logs\tcx_a_T166I_repair_RepairStructure.txt	e86bfe8a6ad6315a2716e5f033579d161fd734d9f5b56d9c18c756fe778ada50	14670
followup\logs\tcx_a_V146E_BuildMutant.txt	5a0dd76abddf05c638e41970fe4bdc6c9186faf371da3ef4af1e0bf912523110	1459
followup\logs\tcx_a_V146E_ComputeBinding.txt	ca8c246071644c7bf50a33218a76403ac428a86995f9b3b5c43e2e3124f7acb7	3575
followup\logs\tcx_a_V146E_fixed_ComputeBinding.txt	1f5dfcc21a7f12bee04a3527b8af26afaf4d7d35e74829b25c92b790f10af95e	3575
followup\logs\tcx_a_V146E_repair_RepairStructure.txt	ce44ab2d66749ae53385c1faa43e1cfab6e162f659ab49d0c2ad4aee6138977c	14736
followup\logs\tcx_a_wt_ComputeBinding.txt	54b30139a8dd52e37df0aa5f365dffeccb5ebbaf530ef61d565d7e2ecf0f7cc3	3575
followup\logs\tcx_a_wt_RepairStructure.txt	7dd1d1b780c7eef5e27f1bae128032cd64bc429d3436d43b21e20ada0c68dba7	28620
followup\logs\tcx_a_wt_second_fixed_e2_ComputeBinding.json	a0775340476d5dcac12a07f460eaa20ae3348423f97898db3a417612e183cfdf	478
followup\logs\tcx_a_wt_second_fixed_e2_ComputeBinding.txt	148c0cd99cee0baf2021406b9f8f7da9e795761c534f4f09d1ef014a890698ed	3575
followup\logs\tcx_a_wt_second_repacked_ComputeBinding.json	5c265c695588b38f53c3a332474be64842265ca927e91e2e8aa58559ccba0530	478
followup\logs\tcx_a_wt_second_repacked_ComputeBinding.txt	fbb7203072e6584084f1081abe6f4560108622b393504ca62ba1e37fed6fdedf	3575
followup\logs\tcx_a_wt_second_RepairStructure.json	3373e8c5cdeea5eb9c36d7c15045c7d9df9449c7cac67b96c020f267d1ac9eab	459
followup\logs\tcx_a_wt_second_RepairStructure.txt	ad8ea97cf9e245e9b4478142a7f1f316a5235875ac75f5ef96c9f50addece395	14736
followup\logs\x0e_b_C157S_BuildMutant.txt	c16d60f9de1bc66a9b9f8b292a3472e04efc9e81d79bc56303c2bdd6c0233018	1592
followup\logs\x0e_b_C157S_ComputeBinding.txt	7dbc3e529c576b9b8c77ea977a7915d1c2d24dc8ec37fd97ba5610581fd034f3	3575
followup\logs\x0e_b_C157S_fixed_ComputeBinding.txt	04da5af5ede55601f4f32b41e5582a803eb33a588aef12c940859f3147575e96	3575
followup\logs\x0e_b_C157S_repair_RepairStructure.txt	bc5c64d795e78612248db2e060ed04f0052992f1b530e79bcbcced6a5f9b8e85	14629
followup\logs\x0e_b_C190R_BuildMutant.txt	b7ddb6cf4c0616e1ac1edf64f0e5d68791beea449bb6c11b7c606817f4796e38	1592
followup\logs\x0e_b_C190R_ComputeBinding.txt	e94e90718a14b4163ceef0f689ff3045f494bf18675fb6a9bfa5767a7879202b	3575
followup\logs\x0e_b_C190R_fixed_ComputeBinding.txt	d0ad8a07d60684cb276c6904686f7b16a2dd9ffa10d182243ab24d8d61e80bbd	3575
followup\logs\x0e_b_C190R_repair_RepairStructure.txt	b83c22afe69c7464b9ac3d847c9654ba2fa841e7ea79b4c8068934407a679c54	14563
followup\logs\x0e_b_D196A_BuildMutant.txt	10e70b859cc2cfda7fd1fec72d04c72487808aafc35a3584a69a273010b95724	1440
followup\logs\x0e_b_D196A_ComputeBinding.txt	7972c02f814deca9fdc5f78a65de8db614412ca5bc3c4a65b7e25dfff87707a1	3575
followup\logs\x0e_b_D196A_fixed_ComputeBinding.txt	1789feeb5ef91acf5cdb4d59b1fefae1f257a5d9fd62feddbd9db8ac60d66ded	3575
followup\logs\x0e_b_D196A_repair_RepairStructure.txt	426124a5d5c0ffe6219dc05cf566007ba765e4c6d2bae161cfc607d6d807b0da	14481
followup\logs\x0e_b_D196E_BuildMutant.txt	96cb10a3321786f1b3d5ff4db9a801bd323e78683335c705e76f54121ed972b3	1440
followup\logs\x0e_b_D196E_ComputeBinding.txt	d75af3b058b3568df87c05de1b5eaea899fcf99ef7252a28e525061d69acad19	3575
followup\logs\x0e_b_D196E_fixed_ComputeBinding.txt	d02c122030c1799aaea29b91a3f2be69a1952692c65c21d1e8f70667eea0b62a	3575
followup\logs\x0e_b_D196E_repair_RepairStructure.txt	ba33e9994ae32f189b2215f27b793038cb64bb8d35ea4eac6cf68d57d14f433a	14522
followup\logs\x0e_b_E188A_BuildMutant.txt	1da1be90397d8a57c2dc9aac320671caa73eb9e6e599e8179b5d9b1111a76b9e	1516
followup\logs\x0e_b_E188A_ComputeBinding.txt	573ed1caf3c9a7edc7f796c3c5e2e5f0a8c3168902b8b40a79554b888dfec1f5	3575
followup\logs\x0e_b_E188A_fixed_ComputeBinding.txt	fb755305aff82adb797aab43fae94e448d4df501297cd9fd78b6052cf2b2093a	3575
followup\logs\x0e_b_E188A_repair_RepairStructure.txt	d603ce4ee182b728c643db791170f28c162d87b8ddda8ca53b3afd40fbd32680	14481
followup\logs\x0e_b_E188K_BuildMutant.txt	a5fd10332810fce42306d6e63330a55de795cb69bd09238e96add9f6b7a607be	1516
followup\logs\x0e_b_E188K_ComputeBinding.txt	53ae27770e5533ab44fe84f74673c1242c2886db30c72a82dd138604d4d7dfc2	3575
followup\logs\x0e_b_E188K_fixed_ComputeBinding.txt	ff387fc576c20d57764fa5bd4ab9090f58dcd4fe8040ea99258b0c49aebf2332	3575
followup\logs\x0e_b_E188K_repair_RepairStructure.txt	f12140d10a1acadc386d806aa3447c5905788a5995603b94c33f7d2ea41c8401	14522
followup\logs\x0e_b_F150S_BuildMutant.txt	bbba63a9cc595a7ba64485f1bf990f89ed9f6a7dbd4e2092984c3de7d409ded1	1535
followup\logs\x0e_b_F150S_ComputeBinding.txt	7028a1123350fa8642360dba763f29c62785f73344a67a5ac3418d76fe80b66d	3575
followup\logs\x0e_b_F150S_fixed_ComputeBinding.txt	bf5daa3bff7171c31be549125ff1e2772c60a37c46745977a9ef79599b6edd4f	3575
followup\logs\x0e_b_F150S_repair_RepairStructure.txt	d98adb079c2a61cf126e4981bf45e839756db65191072b511f1911f21196509c	14588
followup\logs\x0e_b_F186A_BuildMutant.txt	2b8cbb4de1076ca89f6bc1140a014c05fd63c1ea2a5fea990ce85548aa984c07	1706
followup\logs\x0e_b_F186A_ComputeBinding.txt	ce590e219f0ed4df5bc7a3f38f5068f0ec51e045d231291f9c4266a34690c252	3575
followup\logs\x0e_b_F186A_fixed_ComputeBinding.txt	de4a5900fada04622bd75708fffa9f17929330929c6cbcdd630beefe18b94cac	3575
followup\logs\x0e_b_F186A_repair_RepairStructure.txt	557f759e257adb80a31330be96fa73020f7760649425531fa1bc478b1db20cc1	14481
followup\logs\x0e_b_F186L_BuildMutant.txt	d632198ea1eccbd18076932d1399a243a4f6e7df22620d8af8fc3da32cbb106f	1706
followup\logs\x0e_b_F186L_ComputeBinding.txt	0630e90b1e6baa52f89b7bc00185d70d183f062df0d614dc77c66bda95ef74af	3575
followup\logs\x0e_b_F186L_E188K_BuildMutant.txt	a9b70a1efadc9972f6cac265dc339b5915cf6221390b1ff77e5df6e5b09af256	1820
followup\logs\x0e_b_F186L_E188K_ComputeBinding.txt	10addf4e0680fb48456a94b8d0df8c993db8d2eeaa87913331baf44bc86dd4bd	3575
followup\logs\x0e_b_F186L_E188K_fixed_ComputeBinding.txt	1b4db205c9b35ea8972c96679e830a414f1d13660b098b34044a625a1fdc15ef	3575
followup\logs\x0e_b_F186L_E188K_repair_RepairStructure.txt	c11cc8a4425c1cd3918855b3368b5876831cdb23d0af3d2a09c73bc61151ff21	14522
followup\logs\x0e_b_F186L_fixed_ComputeBinding.txt	41357616d6d222040ebde7222d1908063f89748010834f86ead2c12d67bac3e3	3575
followup\logs\x0e_b_F186L_repair_RepairStructure.txt	1f54e51d750c1932a7a6bc344054090895efe92a136631e9c3c8dac89800ab88	14522
followup\logs\x0e_b_F186S_BuildMutant.txt	c33bd743ffe4fae6b2a4c75d7ee2e8188b00e63b56be1d34dcd5e9868e282b44	1706
followup\logs\x0e_b_F186S_ComputeBinding.txt	5acfc11eab885818b3bcc8184c3d7e0c4a7552f5a2e63e63e13de16a6f189984	3575
followup\logs\x0e_b_F186S_fixed_ComputeBinding.txt	16ff742b2795b5115009798c4a0d9379b1c81afee097a16176decfc1f7995051	3575
followup\logs\x0e_b_F186S_repair_RepairStructure.txt	bcba6644da4ce60f7ba9d21474d7fde8cb4755735fc58b2ade0f6959597fda73	14588
followup\logs\x0e_b_I181A_BuildMutant.txt	62e32c3f64f3fa484d4eaf9fdf8ec70f1172a83e68216e9d62480c655369aa81	1497
followup\logs\x0e_b_I181A_ComputeBinding.txt	aae9f26b6e9662e1a4481b2e877459228f801a4d526bf9d303177106f7fa5311	3575
followup\logs\x0e_b_I181A_fixed_ComputeBinding.txt	606ad283a8e88704fd32ceaef7fefc3b02ce4d9f881cb5e3bb48e882972f3268	3575
followup\logs\x0e_b_I181A_repair_RepairStructure.txt	59676ef35601499f509e98b461b406903278c2b2a09f4589dbe0d5cc86c62d07	14481
followup\logs\x0e_b_I182A_BuildMutant.txt	d4ae0223cf32de8549012fd8f32fc18e81369d4286a3cf56ab56c8edcd25cecb	1421
followup\logs\x0e_b_I182A_ComputeBinding.txt	131fe98f0845ec2acfdba2d31248905cb4a95b07b4c80d22d74e88d65ed4c369	3575
followup\logs\x0e_b_I182A_fixed_ComputeBinding.txt	2ea901f363826d9a98d6ef9d041ee06d4f42bea73e7a23b6295fa1dfc58c910e	3575
followup\logs\x0e_b_I182A_repair_RepairStructure.txt	25d2bade72b6cc9722746de254ef8177a4370836c81d7baefbeb14e3192bf16c	14481
followup\logs\x0e_b_I182F_BuildMutant.txt	b007a0390d4d06d47d6b5e9094f680bf38fdef611da067afe7d67d90f0accd39	1421
followup\logs\x0e_b_I182F_ComputeBinding.txt	a0aaf958f15ac1715ca5d407b5b0bf5f15ea2019dc4e5cfd1cb86aaa480bd5e4	3575
followup\logs\x0e_b_I182F_fixed_ComputeBinding.txt	6f1281f682f8ca1ebf417d9a16e29861fb7445886b644ab86d84528445150338	3575
followup\logs\x0e_b_I182F_repair_RepairStructure.txt	517136bac833aef0b013d3eaca0aab137c2057c65fae2813ad582d8611b946ab	14522
followup\logs\x0e_b_K124T_BuildMutant.txt	8c716df7be59fd065d6b484a87ed21e750002b33b1e27c9f1f0f32065d67b91f	1516
followup\logs\x0e_b_K124T_ComputeBinding.txt	372f56856ae848957350f0c955396847633ed17c2976d8ee440378fc26a717c9	3575
followup\logs\x0e_b_K124T_fixed_ComputeBinding.txt	b5fd6ee33ce2a3253ea53ed1eb82b7aa991ed1ae86a54589c652a82ba9f62d18	3575
followup\logs\x0e_b_K124T_repair_RepairStructure.txt	5ff7da0e1d4e8f3fb792bdd460adfb8d4981236dbecef4492cf6864bcc9a69c8	14588
followup\logs\x0e_b_K171A_BuildMutant.txt	44de9314327bc69c902fa06d5d394fc0e358bf64f2428ed132f6b56f23efcc3b	1440
followup\logs\x0e_b_K171A_ComputeBinding.txt	8f47d4313808bd038a6bff16e227be1caba8fd109a2ab366464973405318425e	3575
followup\logs\x0e_b_K171A_fixed_ComputeBinding.txt	e913e82abddeba562930d94e68b1a0c541516ad6d127e8310b7870c4463dedac	3575
followup\logs\x0e_b_K171A_repair_RepairStructure.txt	77e48e2a69b74cf30155c72cdbb8f376e058f48a0b779c18ef55e3fea46f891c	14481
followup\logs\x0e_b_L162P_BuildMutant.txt	9408b2bd892170314539d9759295b331ecdf54aa10b3a1a099aca5a0b7d1a0cf	1535
followup\logs\x0e_b_L162P_ComputeBinding.txt	ee7265e5912ba6cee2de3e0ed7f0e8ccfa6a85dd8cd53db6dcbfa0e1edde35ac	3575
followup\logs\x0e_b_L162P_fixed_ComputeBinding.txt	d93ae0e9fd8806ee83c11aba82fa98681e34b7d1bb5e02fe5006ec587d2e3820	3575
followup\logs\x0e_b_L162P_repair_RepairStructure.txt	13deb1a524c7e3c2641816f6dc99c3802adf279a1525cb96c774b41316f53ec4	14522
followup\logs\x0e_b_N184A_BuildMutant.txt	fcb3b9937afb530ade44f0e5f61011bf87099135f52c1526d755fcde5cbd2b0b	1440
followup\logs\x0e_b_N184A_ComputeBinding.txt	75cc10e4ea393764bda4104b3ed77ded304018754b740ed4ef7ee5c02ab3cd11	3575
followup\logs\x0e_b_N184A_fixed_ComputeBinding.txt	2291c05ae765abed45f666959dcc12702d03d4ed746f1d1e13e129686a992090	3575
followup\logs\x0e_b_N184A_repair_RepairStructure.txt	0e8ef9bc05d3c70da5b6b1c56c18c7c18a9b96e1fd88cf783860be6047405a78	14435
followup\logs\x0e_b_N184Y_BuildMutant.txt	5093585edced1c1f27e72e6353c7997204ad8d386cb5fe9f5c74336ac8618594	1440
followup\logs\x0e_b_N184Y_ComputeBinding.txt	1f7a1369149ed43994b62e7f92031219bc68888de369062dedc2a3891514fc27	3575
followup\logs\x0e_b_N184Y_fixed_ComputeBinding.txt	be79ec7f34e24aa38c308d47b40cff5c354406970105d16d966584f4d72b5253	3575
followup\logs\x0e_b_N184Y_repair_RepairStructure.txt	e7c583ea97121d40fc2800fba8d28514f323756f97e29a848e6205c1dd1423c1	14542
followup\logs\x0e_b_T163A_BuildMutant.txt	406286d8a29a6f25d15215350e0d2c530e94777a0d715a5f61b7b1f70412f703	1535
followup\logs\x0e_b_T163A_ComputeBinding.txt	9dd748eb872531e97edf59b38bee465670573b0d24c8ccdc1bc8361e0fce9835	3575
followup\logs\x0e_b_T163A_fixed_ComputeBinding.txt	c75dd337d03ada01a0288531446b365a9f86c25b7bea7162e7d3bea17e20aa96	3575
followup\logs\x0e_b_T163A_repair_RepairStructure.txt	7fb7703ce1d9b50eb0243247c05098cd09d4b6b533991ab7551ec70f78f20be0	14415
followup\logs\x0e_b_T166I_BuildMutant.txt	53e3fd393eee2bd60d23a54ce34ab89545e7f07cfac2db10497fca72b974c6c3	1611
followup\logs\x0e_b_T166I_ComputeBinding.txt	dea78ab0d80630ab4fe8c3e65873e18d269b2a742956bac24cdf419955dff3fb	3575
followup\logs\x0e_b_T166I_fixed_ComputeBinding.txt	12ea719b189422f4987fc2de37accbd5ee130c5faa0309fe4ef7b67dbd25aa26	3575
followup\logs\x0e_b_T166I_repair_RepairStructure.txt	6bc67d71e3e53dd499a64f1906bf09cdc58a9c294a416061aa4e80253b2c1b7c	14456
followup\logs\x0e_b_V146E_BuildMutant.txt	83585468adb1bf91147cb8fb26f27ddf1074e8c3d524a193f3b33c1a1bcd56b0	1459
followup\logs\x0e_b_V146E_ComputeBinding.txt	6f00cb252aeb079c6d2098505bfcb18d9e7ce488b5ebf0a9c2801d9ea4b23f86	3575
followup\logs\x0e_b_V146E_fixed_ComputeBinding.txt	bc52824e90974753f35280b1d4796d92867c1be8088c118b0d73c1cff4e80ea0	3575
followup\logs\x0e_b_V146E_repair_RepairStructure.txt	77d514f32cfde89190335d7929b23ee3c3a44610f94b3853c553c45e4207ab0e	14522
followup\logs\x0e_b_wt_ComputeBinding.txt	76966eed55566747259323839fa1123f46392113cf996d215cdea38f3cff0733	3575
followup\logs\x0e_b_wt_RepairStructure.txt	eac41d709418cde7e224fd81e683b4a911add522ebde76535952566c71c0ebfc	28406
followup\logs\x0e_b_wt_second_fixed_e2_ComputeBinding.json	5e68f4bcd100660d8505e2bafffc39bb2269b64a89b3b18bd8e09ca502b0f5af	478
followup\logs\x0e_b_wt_second_fixed_e2_ComputeBinding.txt	7c471adb6466d586b2308cc28057485e16158f5ca767a46cf7f0f6b541360387	3575
followup\logs\x0e_b_wt_second_repacked_ComputeBinding.json	73de6464e9ed4d1b20134ecfcf97135b0f4ec82a986c449a7499130de0883354	478
followup\logs\x0e_b_wt_second_repacked_ComputeBinding.txt	017bebb4e429f5bbff3c13aa0ee14564ee3fa6ab96fb52106fb0c259ae7ab70a	3575
followup\logs\x0e_b_wt_second_RepairStructure.json	8e96558e85b3c5604a9557ad19b3ecb2bd6d9b843fcb88ddd4b53f93537d5a6b	459
followup\logs\x0e_b_wt_second_RepairStructure.txt	ec25fac55d209bcfc2c09dfcf2ffa07500695d349f770df64b9558a7a8dfc6a4	14522
followup\logs\x0e_core_C157S_BuildMutant.txt	db09bdf69375cfa3798bd97fc98dab07bb871aab7681e181246b57c3aa183f57	1611
followup\logs\x0e_core_C157S_ComputeBinding.txt	1ac7a1ca41a09b237edb0eaec308661b5a7dca24a50527ab73a618083d8b3fde	3575
followup\logs\x0e_core_C157S_fixed_ComputeBinding.txt	b809907e2e659e04726d39d7a66faf9e74c2d169066b4cdbe36b8b32051ecd52	3575
followup\logs\x0e_core_C157S_repair_RepairStructure.txt	425a66d99b67aa4131ca92c5f7355385fa56d222ab6d0592c085465d1284e02f	14843
followup\logs\x0e_core_C190R_BuildMutant.txt	5c6249f986c5ca91f4af62899ac40cfa886e55ea7335151ec934ace34c10da47	1573
followup\logs\x0e_core_C190R_ComputeBinding.txt	99b6547a397877288f40ae2abeb1c796adefc2cabf83dc19cb5bf5566beb1c29	3575
followup\logs\x0e_core_C190R_fixed_ComputeBinding.txt	4c3d02e95f66551674a7ad1b41214554dc0708200570e5dc58c59742325d4dab	3575
followup\logs\x0e_core_C190R_repair_RepairStructure.txt	6eb229c4a1812673a8f586f66a8beb6c2096e08a3651bb5352dabdf6881ab866	14777
followup\logs\x0e_core_D196A_BuildMutant.txt	c1ec3ad0b699fb227c8c4cc548b4e4ad87f1572ba8f2abfaeb80e1f8fcead874	1440
followup\logs\x0e_core_D196A_ComputeBinding.txt	175297adb59ff10bd76e39666ca001b431c254bfae8f620c7fd84bccc555bbe3	3575
followup\logs\x0e_core_D196A_fixed_ComputeBinding.txt	cf3b73b40e89c74787d697e4833376f5a90c1d3409002c8e4528730992dda0a2	3575
followup\logs\x0e_core_D196A_repair_RepairStructure.txt	ef37a93c506df776d5fbcc9a5d7660e43801de67ec66575cefc93cc1e141d6d6	14695
followup\logs\x0e_core_D196E_BuildMutant.txt	28506eba6be7bbca48b1a77ac55226f96bb82462cc1217a0770acd996194f634	1440
followup\logs\x0e_core_D196E_ComputeBinding.txt	249e955e93248af0532d41b390342fbe1b7baeb14e9a9000d28b765a458f5a1c	3575
followup\logs\x0e_core_D196E_fixed_ComputeBinding.txt	5601ed6c99b4cb4f22eb2f1367b2bf6e5b65c2f35d4992cc577fb10d42b1c129	3575
followup\logs\x0e_core_D196E_repair_RepairStructure.txt	8ae93e8083930dd6fb684a9a26eb628ca8e0eac0370abc9b10440b950cb8a7ba	14736
followup\logs\x0e_core_E188A_BuildMutant.txt	c028e9b65c117a67b583dfe829823af50ea9cd7b0d272188619608bc4ffd171d	1535
followup\logs\x0e_core_E188A_ComputeBinding.txt	2f36e303cc72e04442c32de80bed095ddb2b39cf370b22888e8132b677978785	3575
followup\logs\x0e_core_E188A_fixed_ComputeBinding.txt	f4de1b8dec4987d001ff053c5e17c8749f5504cb7fcc04d37c9b8bc3c8764592	3575
followup\logs\x0e_core_E188A_repair_RepairStructure.txt	c363c6cf26129bd1932ae9658ac9c50453d108ee2aad48bd0635ad22ec0330d5	14695
followup\logs\x0e_core_E188K_BuildMutant.txt	7e9ee574f2e32a4b6f79c426667a97685b33b84281b7ba52eada4585be52613f	1535
followup\logs\x0e_core_E188K_ComputeBinding.txt	f67711a417d844b3884fbabfc7d267cef8f4756c0b5dc64f8835d834aa3fc6ec	3575
followup\logs\x0e_core_E188K_fixed_ComputeBinding.txt	84b9e3af2512be13106d9f3bb19f2ebf8a611e2efbedf570578e6c9a8da40367	3575
followup\logs\x0e_core_E188K_repair_RepairStructure.txt	e98d50610e394146e8326f59f6629615f0db2d037a8041d9a632ab6593b2bd85	14736
followup\logs\x0e_core_F150S_BuildMutant.txt	48ecd7a68a935c95207f3ad71690340e851aad9157df9183be525f4d889a3b11	1535
followup\logs\x0e_core_F150S_ComputeBinding.txt	de9ec76e76b7de3c098d4b5d55ba2519c02c3f7ab80bfefb594944910aee1d0f	3575
followup\logs\x0e_core_F150S_fixed_ComputeBinding.txt	699303766c5262b2edef6b118409737d4ba49c9212b4ed01d6c73705fdc8eeb4	3575
followup\logs\x0e_core_F150S_repair_RepairStructure.txt	e691bafcca820369c4fa31123ef9c9a5251322a30066d5c3391efa810c288a3d	14802
followup\logs\x0e_core_F186A_BuildMutant.txt	db46bff3623acf7f0595c339ab152b857f55f18b9b7dd71768916860026512c8	1535
followup\logs\x0e_core_F186A_ComputeBinding.txt	75d09ef7f16e8cb38b05fc403c3b36e694c8224dbab28aa50868a7684117dd34	3575
followup\logs\x0e_core_F186A_fixed_ComputeBinding.txt	be87839bae5db11c12be1f571c950c511f6d064168feaa5fab7acb6170dca609	3575
followup\logs\x0e_core_F186A_repair_RepairStructure.txt	6d48f2f89dadc1cfb8fcef86978e1c24cbe0b0cf1eaf67a772a80a847abeeba5	14695
followup\logs\x0e_core_F186L_BuildMutant.txt	10759c9db8d0f464b56f2aad8a0577b60484c15de0d89db7032ba8de6350cefe	1535
followup\logs\x0e_core_F186L_ComputeBinding.txt	389c97dd031adfa0e6b6018e06c06166c75952f522886eb5ee58949964b70176	3575
followup\logs\x0e_core_F186L_E188K_BuildMutant.txt	85160f6b16df60ac30ab29b74f7d3592967806ac6e14d7310bec0a2120f43ac8	1725
followup\logs\x0e_core_F186L_E188K_ComputeBinding.txt	916efef29dccbd62befb57081fb64a80c9d77727ec72e714f591fc6fc534b0f7	3575
followup\logs\x0e_core_F186L_E188K_fixed_ComputeBinding.txt	2384c31f4b23ad2651c8b56b30a8cab88fd81cde72221c650ecb65095a256577	3575
followup\logs\x0e_core_F186L_E188K_repair_RepairStructure.txt	4df726f10fe8ef6aa491d2e1eeb12fe1bfa62df77a4c4f26e75885d5fd2144f6	14736
followup\logs\x0e_core_F186L_fixed_ComputeBinding.txt	c4cb0bee0e71e7d30de92f916ba3cc902bfee1dbce3b6ea078c96b2979f4de5a	3575
followup\logs\x0e_core_F186L_repair_RepairStructure.txt	37e93df0620ce6b880a45e59669b5600233c6fe0aa22771fc75573d8874aab6e	14736
followup\logs\x0e_core_F186S_BuildMutant.txt	337bfd99817a5b3cd42d49364d21a6061a2a2ac797e81ed17ba84bdc97510148	1535
followup\logs\x0e_core_F186S_ComputeBinding.txt	3a1d5ea946e936835fb05930c62439e009f6504c598b3425d4d7163798122581	3575
followup\logs\x0e_core_F186S_fixed_ComputeBinding.txt	158b4b398c855e7af241355d37144a7fd7bb7d019425a18f7511341ad51e74fb	3575
followup\logs\x0e_core_F186S_repair_RepairStructure.txt	ba0c2218b760ea716305544a4b95cfdbe0cb6017e3bc7355ef387dcf92050fd6	14802
followup\logs\x0e_core_I181A_BuildMutant.txt	07d5785b195f3c096b88f9a021f07aa82ea83bda580b39bbb8e90f3650797b4f	1668
followup\logs\x0e_core_I181A_ComputeBinding.txt	5e8173f216b7a43d144d9fa69dc527e982995c6f052cda50b8ebb8aec425f435	3575
followup\logs\x0e_core_I181A_fixed_ComputeBinding.txt	33f0a2b9d5beed08ae003017a07ee51870790b69e5d7cf810a1e4b3e1b97694b	3575
followup\logs\x0e_core_I181A_repair_RepairStructure.txt	c2ca71269fa33d984d843324bb81d9378f28d25c697335a9c73bfe18287c4163	14695
followup\logs\x0e_core_I182A_BuildMutant.txt	6a283b411276c23c6905292deae5d8cf3ce6403109191de75d32eb2bae4244e5	1554
followup\logs\x0e_core_I182A_ComputeBinding.txt	4f264f51a210d0580da8b1bde93f400b6b3c83f35fa52857e72fff11faa29bc1	3575
followup\logs\x0e_core_I182A_fixed_ComputeBinding.txt	248ce9f550f53a9f89d345be7dbe85893b5320b9f42da04a39212f9acc37eedc	3575
followup\logs\x0e_core_I182A_repair_RepairStructure.txt	0611278d59adeebcf818deb594588e030fff96bb3a70501b50066e740279077c	14695
followup\logs\x0e_core_I182F_BuildMutant.txt	1c2f5b25a544de8ae0faf0533b40e12b8c93eb0d2ff23822ca17872255e5e7d4	1554
followup\logs\x0e_core_I182F_ComputeBinding.txt	b69f79c1d90e2303d663aa2789aed9ccc095e64d23b33697713877683d4236ce	3575
followup\logs\x0e_core_I182F_fixed_ComputeBinding.txt	323b44efdfba22da5ab18e3fd8304d7f27f8e7824c4bc3812e4dd99881964783	3575
followup\logs\x0e_core_I182F_repair_RepairStructure.txt	cb4e621767e078b85c96622ee44f0fdb03a9ae2466d825f1e6aa77e1a8d10c71	14736
followup\logs\x0e_core_K124T_BuildMutant.txt	4f197613f27aad31cb41f75c0dc5c94ef3da77b501add3f4e2bfb9bb08ac2368	1516
followup\logs\x0e_core_K124T_ComputeBinding.txt	329c9e59a4c3dc3b9d8692f4fa03d0dd3750c35c84fdc8743d525ca724f0a452	3575
followup\logs\x0e_core_K124T_fixed_ComputeBinding.txt	85f0095cff2069f297bb604c6323455f389dfa595706307ef19455ca014f8646	3575
followup\logs\x0e_core_K124T_repair_RepairStructure.txt	2bd1886c6a888d83d5e0fc0915cfe155a82e37a02765f88b31d615eb6c73fb4b	14802
followup\logs\x0e_core_K171A_BuildMutant.txt	1e324eaaacc98d0df1b01914b8f1fed16905ebef9683f342a004120d3a118026	1478
followup\logs\x0e_core_K171A_ComputeBinding.txt	7591aa3aa631aed33cbbc3c87ffbef0f146cd09bb86944375c942820d6af0a9e	3575
followup\logs\x0e_core_K171A_fixed_ComputeBinding.txt	553e6035d98f8e7c3e13ac3ec9f9de252d0ed374a7251382c9c06e1d2fc01439	3575
followup\logs\x0e_core_K171A_repair_RepairStructure.txt	619edeed49a7ddcf258d141730c88cbc40eb631728184a4bed3d8cd105982a20	14695
followup\logs\x0e_core_L162P_BuildMutant.txt	260e86a12702cfc11c39797e11724dfd015f6ba3c7493b551aab19527e2e4fe4	1516
followup\logs\x0e_core_L162P_ComputeBinding.txt	5f0a46787327b498095e9f1eaf732403b435ee2abcf4a3e6b2381a1a0accf834	3575
followup\logs\x0e_core_L162P_fixed_ComputeBinding.txt	d57644139e82820657312d1adf783e345780ae43d29714d9628be0e8d52dfddb	3575
followup\logs\x0e_core_L162P_repair_RepairStructure.txt	6203f782913cc5f0a551b37e35e39766891073a8ec571b38fbd8a7345aa3d08a	14736
followup\logs\x0e_core_N184A_BuildMutant.txt	0e4ff6c08aea84f613d544f134f9e2fc448c50ff6813b87001ea893ab0972bd7	1611
followup\logs\x0e_core_N184A_ComputeBinding.txt	a8cbf715b6f69fc53d0719644bce82dbea06f2b2f363f4d16b7925738e074f07	3575
followup\logs\x0e_core_N184A_fixed_ComputeBinding.txt	a482d8c6086511cd9bb52b405cb0e499cab6ba915bee1d742ea3eaf151c1cbab	3575
followup\logs\x0e_core_N184A_repair_RepairStructure.txt	67e3d6309305fec34e6ddd00271a01bc110399f0d69b4c2217e111ef8d24ae2d	14649
followup\logs\x0e_core_N184Y_BuildMutant.txt	0c0e03f97716585921f0f48c61e6e3bc25de2d1eb500883952fbd03319c92f8c	1611
followup\logs\x0e_core_N184Y_ComputeBinding.txt	7ce061c914e7f0d88c078e0236ab97f50e4ad35edc7d36a1326e1982ddf38209	3575
followup\logs\x0e_core_N184Y_fixed_ComputeBinding.txt	958c6783773f10e5c458fbdc85966419c6ae73c419826de692c9a6f2ff403fa8	3575
followup\logs\x0e_core_N184Y_repair_RepairStructure.txt	b04c113d4b8d9bed47b376fe237950031d77c242fc562cd487277988312ffb16	14756
followup\logs\x0e_core_T163A_BuildMutant.txt	e916506e5849ed724d1aa08a603b99734fefdebaf30a63352bb5a17ad9d07bb3	1497
followup\logs\x0e_core_T163A_ComputeBinding.txt	c886d01c655e4b96a5cfb47457b1ce5f8c6e4312be31f77f871d0bdc2f3941d4	3575
followup\logs\x0e_core_T163A_fixed_ComputeBinding.txt	b9616431504c49785acdde76b68d6c666d7e55f161f8b28c67591fec54d2d0b1	3575
followup\logs\x0e_core_T163A_repair_RepairStructure.txt	c96388e1c8bd6abbacef79578d4304bbf4f4de986561e8f0cec0f3688bfb003e	14629
followup\logs\x0e_core_T166I_BuildMutant.txt	3fa0d94d85e6671dd13a00c5340d2fb3d88beb17c2a1aa04b49a4ee9f0c1a209	1535
followup\logs\x0e_core_T166I_ComputeBinding.txt	3ce8d2a645a598cc5d65f8694c79b2c894436c8cfed6ff3e3173b9b7b939d17c	3575
followup\logs\x0e_core_T166I_fixed_ComputeBinding.txt	727f47871487dc4160016f6140f054664a2d17e82c5ac7f6b1e5a9cf6f9f4182	3575
followup\logs\x0e_core_T166I_repair_RepairStructure.txt	59eb1003c0dc397dbf33b168be3df3822bbf2bb2332cd77abcdf369b78e88f5c	14670
followup\logs\x0e_core_V146E_BuildMutant.txt	94369afca5d0e99bd6b0946d8f6ce2c8ce0a0836bbc0314d39b62d668c6d150e	1478
followup\logs\x0e_core_V146E_ComputeBinding.txt	facda483f9f438ce51ee518df98404a55a8886dcb895f6657b09d831a561ff0c	3575
followup\logs\x0e_core_V146E_fixed_ComputeBinding.txt	c5fa18b2727c970fb8d40159e522c553074cd5666f65a4626eb7bde9ad35a0a8	3575
followup\logs\x0e_core_V146E_repair_RepairStructure.txt	d35fa4f35ffbcafb959d3f1c50ea2f11bbf3d25e58090b335be9c07b451e27bf	14736
followup\logs\x0e_core_wt_ComputeBinding.txt	da26689b5f2b10d2f0055e89b42bca151c58d8f9f6c3cf9f7f7b196fea2eed63	3575
followup\logs\x0e_core_wt_RepairStructure.txt	4b2668859c03023989ede2f16376be752bf54575620b4942f4d0d58f9b2bc7e0	28620
followup\logs\x0e_core_wt_second_fixed_e2_ComputeBinding.json	702a348110ce9733300bfec03e255cb106dbcad8aa124a98881f2d60e971b1e4	478
followup\logs\x0e_core_wt_second_fixed_e2_ComputeBinding.txt	3daebecf47ed7f7cfe1c20afad5d4b14c31f58270e4f8f20cc7a4e1e9c545af6	3575
followup\logs\x0e_core_wt_second_repacked_ComputeBinding.json	3e86128cbc71c9f66be6675f308be489f5a3f1831f98be79ecf920ad3518a6ff	478
followup\logs\x0e_core_wt_second_repacked_ComputeBinding.txt	f5a7731109e342d62481e6072b2a9cb7fd768a9aa0af9ffad1fb82ba24e2a0e9	3575
followup\logs\x0e_core_wt_second_RepairStructure.json	fbbb5b5fe06d21791a8b94274948432882457fdf0eb89d66ddaae4b47418a207	459
followup\logs\x0e_core_wt_second_RepairStructure.txt	534fac467fb897932655fdd3fc713ecd864ca3e87d78bc922ee70b9be9574c9f	14736
followup\model_audit.tsv	3261badaa1c6361e4dad18cd545ccc3a2c5c70e0aaee9a1bbf89429fcdd4646f	2408
followup\models\archive\C157S.pdb	a22a0d979fc851e5aafbbb3fa90e82328f64ef52ee45d6d796d612cd33996e67	198085
followup\models\archive\C157S_fixed.pdb	0e8d874f64af5358de46b6a26db684e8cb51509c17f7ba6081cc784922c6a62a	198015
followup\models\archive\C190R.pdb	c06e8e06bde6241f25517b03f3291415a2d76f5229485de6c9f30e67a04fa637	198805
followup\models\archive\C190R_fixed.pdb	77a7d884cdc053f4be4ef77d3d74aced0950f402b06a59c7c468e8f46a386d99	198735
followup\models\archive\D196A.pdb	9ec98b88f434f270442fbb202ac0e27ac5613f14df5f10b4669adb24f4384af4	197765
followup\models\archive\D196A_fixed.pdb	fe0abc7b8213e69fc733c615ea714cecbd4daf7efe1586300cd07d5eef781455	197695
followup\models\archive\D196E.pdb	7643b2453f40894c90fbe23be14883d06612944b7f46886c4e67faedccdd5531	198085
followup\models\archive\D196E_fixed.pdb	29321adb8142b7b7eb4f2fe2ba33610c9cd96156f6dd072dc2e99c4ce16bf007	198015
followup\models\archive\E188A.pdb	d37dff417a540b30feb873516255c9cd74c9ac8f36d3ba42358788452b64e572	197685
followup\models\archive\E188A_fixed.pdb	90267709d959ecefa44138a8e33c045e01092fa7a5e20f9fc4db830ce6c17fa1	197615
followup\models\archive\E188K.pdb	19910888ac44958f86e58f76f8fed33448e28359439dc599fa019ce294b0d730	198245
followup\models\archive\E188K_fixed.pdb	dd34a7bc57d8392c9cfd656781adbe9d2560920b4274cbf894f862087ebebd7f	198175
followup\models\archive\F150S.pdb	06b30e6e38066f344886e38aa3cbb98edf198e891dbeaca5a9c8997ee047c2e8	197685
followup\models\archive\F150S_fixed.pdb	34f8b64d832d39646c07654559abb47228081d4b7d8f88afef1e01c0f17d6212	197615
followup\models\archive\F186A.pdb	088e8511b0fd4e12cc9caad08ced56c1575ff1c77747a4eb3428f62e20309aa5	197525
followup\models\archive\F186A_fixed.pdb	d5adbaac9fb46b1ab6adee2538ec73a90792dcfbb77f4bb305ded8a9ed5cda9c	197455
followup\models\archive\F186L.pdb	c3d535653eedc28ee1d1b85eb637950a0ba4c659946b7f5af600df62f1a1f244	197765
followup\models\archive\F186L_E188K.pdb	188d100539b9ad5a44dd2cad54d3f8a5a63c465278e23cdd7ee3a25c65411618	198005
followup\models\archive\F186L_E188K_fixed.pdb	aac794bfcd738e12a1dbdb15d41abd22c5f60b765447e30a0257820146df4c97	197935
followup\models\archive\F186L_fixed.pdb	6a4ce4f316a281f3c6184a5dc637611f28da1b24270150796efbfb4def495878	197695
followup\models\archive\F186S.pdb	e6bc3c60bfadfec6262c8640639c2355ee37d9da5b2cbb7340546a4351370358	197685
followup\models\archive\F186S_fixed.pdb	e385c8e9e39d5e9b4d30cd1e4be1da0d2184f39561a2bfa70fdf7be13591a026	197615
followup\models\archive\I181A.pdb	f7f1ef76ae891048753d86ef18c9f7f64443a47b09b9589786d69661967b2944	197765
followup\models\archive\I181A_fixed.pdb	3255baab41cc08045b8febcff9ef81a2e1bb7565a12c8c3c619b151bfd12a0bc	197695
followup\models\archive\I182A.pdb	9252b9c28e6551d398b4167b49b28c33d23fa9f831ddfa4ebeb2d74d179ecfb6	197765
followup\models\archive\I182A_fixed.pdb	ee86e789cc8b9a474a8b6ae2f2c9b24c2147ee6122a0d4d4b92b5d23b8e55eb8	197695
followup\models\archive\I182F.pdb	50e3e674473a59ffac9a8b2aff48dc872dc579d1fe5312c92b4d0b3c0e56d51c	198245
followup\models\archive\I182F_fixed.pdb	9a679c3fbd2f82a9d46c89db97adeb13181114e33dea7897385f980a595d9cff	198175
followup\models\archive\K124T.pdb	173a75a97209b7f0b1d95e1cc392464a95667b9ac7ca157e41576587a4a5afc7	197685
followup\models\archive\K124T_fixed.pdb	d714f06badea68fe5688e091cbb121ef2ce3e91b34cb19849ff44d6b1c92dc69	197615
followup\models\archive\K171A.pdb	76893c6b9eed1b435d03251f2aeccdefdd0bc366cd94bc649f6d2d6aa1fb0775	197445
followup\models\archive\K171A_fixed.pdb	7750aa8d9eaf66694226068d8feb1a41dbaaf24b147125e9a63a134505cb7a44	197375
followup\models\archive\L162P.pdb	2c166cbd71162c09a02cb2fd9b09400ebcc04cd76809f33008f24fa22446549a	197845
followup\models\archive\L162P_fixed.pdb	f07d59b99b883abbbf719058e6236eb391f7ae47cf09ee93961b2e18b0f93073	197775
followup\models\archive\N184A.pdb	56b7eeb1a29ebbadece2daf26330a5af362ce95db47a5a2687885c20ac121f3d	197605
followup\models\archive\N184A_fixed.pdb	66c408de26c720c654f7c6175d59d593cff92008c6ab6b51b948ab5d5b05f25c	197535
followup\models\archive\N184Y.pdb	56fcad5474eb62578065f34765a303f5fca4e0f654c18316f7a951c14e69e31c	198245
followup\models\archive\N184Y_fixed.pdb	32459a32743ee5a97802a382ce6be4e2522318a3cc6e01ff59f1e5827d157ef5	198175
followup\models\archive\native.pdb	1644b7adcfa915446c4d9765eed42b109ce2d9f80398642a3c2f1013c8f5330b	219524
followup\models\archive\T163A.pdb	3c5dc2de71a4cd42b6ede14858e53bf6cce43f9e9b0882e21f2c34e20a7f30b2	197765
followup\models\archive\T163A_fixed.pdb	6ded35b8a70e7cb900662404918b3e1708db304d27ad2be6dc9180d782976458	197695
followup\models\archive\T166I.pdb	ae5a622e9f690b6cf24e9f06161a447c1a15e3abbdbf0625649f951cdb0bb9bd	198005
followup\models\archive\T166I_fixed.pdb	2b57849987be24a3b489d86b83c8c5ab83003269c797ec975d87d7fc5bfb4ca0	197935
followup\models\archive\V146E.pdb	f05375f9909437f22971929e3b3fbd6e7c6645b665eda2c55765e931c8b0b230	198165
followup\models\archive\V146E_fixed.pdb	25c6bfc35a5dc94d8cdad9eaadfc8de5ad51d714a2489a44f8687d37060a0702	198095
followup\models\archive\wt.pdb	6acbc194983985496582a95b47c05232228c54d304af9bca56c19ff0889976db	198005
followup\models\archive\wt_second.pdb	650530766275231cc680504a10a5f0c5a9666676efb4fb26784d08feb13dbffa	198005
followup\models\archive\wt_second_fixed.pdb	4457a544ba570fcd72dbe7e115cb8efc34f04e3f77f25aceb63196dc047a022f	197935
followup\models\bound_ae\C157S.pdb	811705111067b3edd8c8c64d46c5b06a1722ef9323991b4213dd272d4042f556	191445
followup\models\bound_ae\C157S_fixed.pdb	5ba47368f15fbd5a205deb62950e096de8d3722028aefd1eada746d118da0216	191375
followup\models\bound_ae\C190R.pdb	9c4c21ce112140e42d047d9697a536841e057d5b9e34ad9ee3a598147df431c6	192165
followup\models\bound_ae\C190R_fixed.pdb	f6a452fc59992826d077828ea7f1bb266405103b8e6c43c9a23b5dbef3bb5139	192095
followup\models\bound_ae\D196A.pdb	b1388c9eb88871b9ddbd4c068283167567e30d7e124a1c2558eea5e3f518aad3	191125
followup\models\bound_ae\D196A_fixed.pdb	54228a069d0c050a4a5e383c91ed15878da6a500449fdf8c4f0deccdd8ea0ee1	191055
followup\models\bound_ae\D196E.pdb	90b5a61f43e0ac51d93a6955de0ac551775ec4e30cd4d2c79b4cfabb3a7a73b1	191445
followup\models\bound_ae\D196E_fixed.pdb	d546fb77425d7c4a3bc5413020e4623f0895eb82824c5e85aa69f9267fb6a2bc	191375
followup\models\bound_ae\E188A.pdb	d207bbca2d4a903b36446bc0f2f5125af5098d866ce80056238917bb23307750	191045
followup\models\bound_ae\E188A_fixed.pdb	5dad3e01a9ca70e9d8ec270c9ca6894ceafa4d36a4c488f1b0999befb8082be7	190975
followup\models\bound_ae\E188K.pdb	77e4a6d870d073dd072dcbfd161706869363a023aa8f66b9260028697b915d7d	191605
followup\models\bound_ae\E188K_fixed.pdb	a47ebc7122b4c3c518897d16c101c570a0b08a611e46fbf776cb793cf5ccec54	191535
followup\models\bound_ae\F150S.pdb	fbaa0613d9a0baac19340458d3176c9a727cd8baf17991f45da35f09baaa8dd0	191045
followup\models\bound_ae\F150S_fixed.pdb	07120bdf1cd19f6f0fc53328f27ad3f3488a0bb84981321a7597a8406fc5a8ec	190975
followup\models\bound_ae\F186A.pdb	43db2ac675a0aa03ac139a44343e84cfe8b9cade5c39af83a7d40bce2def43bc	190885
followup\models\bound_ae\F186A_fixed.pdb	0065a4fad5dd97ecfe39c030645871292b16e665ffed2c14f4d682c0a2b63782	190815
followup\models\bound_ae\F186L.pdb	815d0a4e39dde9383046d93c33be8b7fbe19866519e798087d23cf996dcc887a	191125
followup\models\bound_ae\F186L_E188K.pdb	3bc47f745cee2f2e1672c274ae11b099e41d22a86e1fe25d82e23396bd436bac	191365
followup\models\bound_ae\F186L_E188K_fixed.pdb	c6c16368040dca98d75c4a6f6d858691e2913c61d74e881afd49f6e9360f834b	191295
followup\models\bound_ae\F186L_fixed.pdb	c8d730a3146bfdee241aef60367f50e8016a150aca724bce734cf4009e7fe63b	191055
followup\models\bound_ae\F186S.pdb	d3a494886a705760c6af285bb678fd2376b521d3b9e49494d91a1ccd05912060	191045
followup\models\bound_ae\F186S_fixed.pdb	28cdecc84be127631eb01bf69cce7f8ebfa309ad72716fb605256ffe0c140f78	190975
followup\models\bound_ae\humanized.pdb	8a5697007071b745ac632e190947cc5ad20d1b55cc2d512dc50309d9230c75af	191365
followup\models\bound_ae\I181A.pdb	f4ebf9efaede9c4fe591ba0a0d98b28bb0248e0f42cbeda078ab2be02fb57084	191125
followup\models\bound_ae\I181A_fixed.pdb	e3147b57be64753380df7536e50da3584ae06f7026fd9e2406c4c448a3db4aff	191055
followup\models\bound_ae\I182A.pdb	d5aff175e27a353972eb0967696a29dcc36107db5863812ef4547298c2da33c4	191125
followup\models\bound_ae\I182A_fixed.pdb	e200b81041eaf7fcf3293f58220c0eea1c53d52dc7de1655fdb154a27bb7e09c	191055
followup\models\bound_ae\I182F.pdb	7dd35bf87e4e685e197ea0c5fd438febc0c21d2200e3cfce78aa886448663cf3	191605
followup\models\bound_ae\I182F_fixed.pdb	ff1bdfbb92336bcd640e08f343e7d26bc4348d2e0aefded50b912d041fe1f7cd	191535
followup\models\bound_ae\K124T.pdb	0af2d08dad38bcb9b8d2998a54733ba7c325a88ff559e4126b75a0f12554f46c	191045
followup\models\bound_ae\K124T_fixed.pdb	a7443f95ab605b3d255de2c38f36012895d3e791a1794f3f7f07d088bf8a54af	190975
followup\models\bound_ae\K171A.pdb	798250e0bf1cf05d7334c6c279e2af82ce8dfa8949cc1de6901c97a16fc4759f	190805
followup\models\bound_ae\K171A_fixed.pdb	465f8670426ded310da446287fb38214428f9bf8cb02439b80ae38afaf4899b3	190735
followup\models\bound_ae\L162P.pdb	df1558e64a1e58538b250e67246ff908bff1db12546016b84c74b8380f200447	191205
followup\models\bound_ae\L162P_fixed.pdb	06214cc720560473e09a88a110e192822eca6ee83fb697cb5596968c46dbefd4	191135
followup\models\bound_ae\N184A.pdb	5167c0c2b4749190c4dbb7209eaf250cb1db4e5b86673371d6355e43e96e83a0	190965
followup\models\bound_ae\N184A_fixed.pdb	d9486f1e8f5bad572d0523b746bf73e21a2eda88444643f6f8c5c934684b941f	190895
followup\models\bound_ae\N184Y.pdb	2fb4ce201ea59e08de955004e2ce0a2a64a21220de1adaa3c5063dc3b6ff8968	191605
followup\models\bound_ae\N184Y_fixed.pdb	550db39c5523cc5279a9214344f66d99ed40a5e85485c57e8eb5184ca1ec177c	191535
followup\models\bound_ae\native.pdb	a18b382728388bc70fcd56c29b53a5690a831620a494f6be9a38e9a77dd061ac	151382
followup\models\bound_ae\T163A.pdb	2d5496368e3567760114a94ae56c245c58dda17c47d3489a06f5810da1e6425f	191125
followup\models\bound_ae\T163A_fixed.pdb	2f482c072fc9f0fa75fbf2a8c9462d3c55331c1b3e58c328139b7ae4ac408e0b	191055
followup\models\bound_ae\T166I.pdb	6ad99067841e11503bc9d73471bac9b358dee884e74aeded87dcff5adcd94585	191365
followup\models\bound_ae\T166I_fixed.pdb	5098efd1493c25dfa18c504d70d80d4b3165543b581617413d5e3901e779ed63	191295
followup\models\bound_ae\V146E.pdb	32f71fe8e98fd8f2b22631365233d51395ebb7294ba635b2877dd10bb85a8d2e	191525
followup\models\bound_ae\V146E_fixed.pdb	38657d21722b7778f4abcb17170b0d85cde2152a43f41269db7ae07b9ca9abfe	191455
followup\models\bound_ae\wt.pdb	8a5697007071b745ac632e190947cc5ad20d1b55cc2d512dc50309d9230c75af	191365
followup\models\bound_ae\wt_second.pdb	dcfeab412659ff091bb3aa0437ef488f176cc84a8a0b273f2cc4fed37539f979	191365
followup\models\bound_ae\wt_second_fixed.pdb	3f1f9d79294b8578c09c32cad2afe55d3202f2a053d3bf11a03367e7f8d0511d	191295
followup\models\bound_bh\C157S.pdb	afeb935c6d1afc8a6d36e837ef4380f07f7973457787abbf46be2aa1f5a04d3f	200565
followup\models\bound_bh\C157S_fixed.pdb	832583f704bf55615271ae2ce07bdc58ae76b76b8a8dffc7550d23a6845a8848	200495
followup\models\bound_bh\C190R.pdb	eb18f4c1042d97826b698cfe40db33fc2cb3ac9f0cede5d6743d3237831c1542	201285
followup\models\bound_bh\C190R_fixed.pdb	38bfa51a36fd22f280acb1074c82aba5480848adf1ea97517578c368bfa41d67	201215
followup\models\bound_bh\D196A.pdb	df16c261bf285dc1e17a2e400e22c0b4875454c0a93916dfaa03f31ea3745479	200245
followup\models\bound_bh\D196A_fixed.pdb	1969d773623f9cd2f958c2da504247d8be8740fa6d35c73a3bcefd5adc43ddf6	200175
followup\models\bound_bh\D196E.pdb	01718d18176df22d2ff2d02a1f532bf387b3bb3a26f3853468853d8893a9662b	200565
followup\models\bound_bh\D196E_fixed.pdb	e5da183ae1950e8d083e124f87a998ec2601434d602821cd2fbd5326e44e2dc6	200495
followup\models\bound_bh\E188A.pdb	b3703708ff162d1a1689210f88d7f99bd8b6cb92ceeef3b4db0d0e919ad103a5	200165
followup\models\bound_bh\E188A_fixed.pdb	976c762f553048dbbc683eeacb5ab299b8aa2899a102314a8d9211e668506ea7	200095
followup\models\bound_bh\E188K.pdb	b55c9ec0ef2c6b13de1b5c6a32a75a40ca73a82d0666ffe2856eb3f98e2ce09c	200725
followup\models\bound_bh\E188K_fixed.pdb	2e0dbf483715b084610ddce787559c1538956b7cdfef71983d5c2f3856cb308b	200655
followup\models\bound_bh\F150S.pdb	0f1c3043fe076f97b35d17a16609d244cc752d3a1a13e1535703cd1aa857581c	200165
followup\models\bound_bh\F150S_fixed.pdb	73cff0a7428bb2b0223a39b9de9325f2ed26f22340001e15298554a872493fa2	200095
followup\models\bound_bh\F186A.pdb	8c69d119f268af78cca236eac7067f2bf8df1c3b4ce705209e37872e9af95329	200005
followup\models\bound_bh\F186A_fixed.pdb	87b6ed68660f661c765206cd8b19a7751382dd160c82044a87e503373f4cd134	199935
followup\models\bound_bh\F186L.pdb	55e7d33099bc89427951cd46fa7b9e0076d7c2d1114e669db61d0fd30299e52d	200245
followup\models\bound_bh\F186L_E188K.pdb	d850ff0fc1c156c28f869ae99f0da37a530072d102ac97954e5908f21cbd7ef3	200485
followup\models\bound_bh\F186L_E188K_fixed.pdb	60136b2f6ae5dfdab3e97a070b456c9e8a14a6fe4ad45bed5d32b77ec13cc2ea	200415
followup\models\bound_bh\F186L_fixed.pdb	6436d0478a939d043c5fbea057a831f1438175b892d13f3c92c2ebec047afb1b	200175
followup\models\bound_bh\F186S.pdb	28c5a8fe204dcc697a49452d155ea2099cfbd8d9f68ca1c947226c22696657e6	200165
followup\models\bound_bh\F186S_fixed.pdb	710e59f62c0696ba8b6dfef0ecb5123b406e3ae91760b5caf077cfdbc6528a49	200095
followup\models\bound_bh\humanized.pdb	2a239a7ea091f23dc8f7619e6cc19c78acfdfaa99955babe6d247ee9409bd883	200485
followup\models\bound_bh\I181A.pdb	f3969b9564928bf310cb2c87ccf62c6d395f286461a923eb3ec927c47f858215	200245
followup\models\bound_bh\I181A_fixed.pdb	e365a7d11fc849ae11c49383c33764c88359ac61e7537b58df41750a11a6fca7	200175
followup\models\bound_bh\I182A.pdb	8f80a83d007f1f946fe7f155a279143193cc5034586086ad54490e3c356e99bd	200245
followup\models\bound_bh\I182A_fixed.pdb	9daa129a132c9049830352b2ad8ed6b2714f2c2a0471c0958f723283c79b9de9	200175
followup\models\bound_bh\I182F.pdb	918f6a55d2a34b7c9dc01d4e17deb09f39844ed086c7fbd738ce2d7eddad5379	200725
followup\models\bound_bh\I182F_fixed.pdb	02f202d5fa9c57178350bce3c005602bd0659ec6491120a5b012dfc91a8a568d	200655
followup\models\bound_bh\K124T.pdb	15c7184eb16e034e23de423a9d5aae51e7e542e838329564f728e1215f55b3f2	200165
followup\models\bound_bh\K124T_fixed.pdb	03975c05dc4c1c8709425f2ce9a937c5dfc88d7b75a87bc5247606d881b6783d	200095
followup\models\bound_bh\K171A.pdb	37dccaff417a7d2d6639b7dde6c109e065efc5e004a7ffad74ae32c6d5286383	199925
followup\models\bound_bh\K171A_fixed.pdb	d6876632fb4d1446c9d2818a1e8936a0a6abf72d891435fe97ccf66339ea6785	199855
followup\models\bound_bh\L162P.pdb	8eb7da7ad943a629ce293c319e89c245d401b6ffcd795443a174d60ca35b6736	200325
followup\models\bound_bh\L162P_fixed.pdb	a8e5eca9b474743f128150dacca3258863502ecdcff065d5557a64fbdaa35896	200255
followup\models\bound_bh\N184A.pdb	16f10f46cdc2b4973040f836dc605e599b0b4565c1844a1b4996407fb9547144	200085
followup\models\bound_bh\N184A_fixed.pdb	024998bb68cc72574e6ee314946146407f92dc84544fd2df18774a45f6cf2d08	200015
followup\models\bound_bh\N184Y.pdb	4cd0dccbc7b381a6b605774ad66dca93f63d726ed703ef4778f98e82d6dd7ce7	200725
followup\models\bound_bh\N184Y_fixed.pdb	b42604f34df32a4232c6b29e3c3a633e5c0efb6575da28030defc01cc0bc245a	200655
followup\models\bound_bh\native.pdb	5cd23aa536403688426894e7a2fbc2594688fe303e41af4e089c7ffa0481fe48	158926
followup\models\bound_bh\T163A.pdb	e7cec109c0c7d874235364149daa74c8679677142fb790402ae60018f44d5ae7	200245
followup\models\bound_bh\T163A_fixed.pdb	0ddf7d54aa3687ef00d28e6b31624d14972578466ec28311bd1dd7c4bf8da0e3	200175
followup\models\bound_bh\T166I.pdb	437eff8a6fe4b8bf9076e8c9b67455455f448ecec98019fefe4c57c486a8fb02	200485
followup\models\bound_bh\T166I_fixed.pdb	9f8d7f505d3ab6c2fdd5db2a9bbc4f4ba707ac142d68d37f7cd7f438f5db95b2	200415
followup\models\bound_bh\V146E.pdb	caad233621950ba815db96d5545266c10bb3a879f6fde1cd7ca9e3bddb26bb58	200645
followup\models\bound_bh\V146E_fixed.pdb	f6d3c94d3d8d31c5c4252b74924a0f3694165c3744a3c2de6f5f2ec9e965beed	200575
followup\models\bound_bh\wt.pdb	2a239a7ea091f23dc8f7619e6cc19c78acfdfaa99955babe6d247ee9409bd883	200485
followup\models\bound_bh\wt_second.pdb	52e5b4d11fa38e2f07a7feb108b2ae15af2bd82c78dc2d631192fa45fb375d91	200485
followup\models\bound_bh\wt_second_fixed.pdb	5ad3e3ba198fb0a93a98ec88f094847fd67b26ff28672b04ae850e6ce9618967	200415
followup\models\g8q_a\C157S.pdb	d91e46004a88f96373687f10bdc4761ad18f30bcdd350ed69290e31ff07803b5	198085
followup\models\g8q_a\C157S_fixed.pdb	6af9f6caed7f253bfd309d3bac0d911c323c0d9e96db07e574d940fe3e642551	198015
followup\models\g8q_a\C190R.pdb	f52a8abbc2f5fa1d5c2eee32305a259bcb29ee8aa5af8e288e66266e5e5762f2	198805
followup\models\g8q_a\C190R_fixed.pdb	c6bc500f8cab1ead8f545e808816ae8646a2a6593970097b41ce15a660761562	198735
followup\models\g8q_a\D196A.pdb	21199b06e8d769115090a7792a54a949bbcb357689fded656b6ab94b835f7482	197765
followup\models\g8q_a\D196A_fixed.pdb	47eafe1a0644dac0eb7aa606e41e05eabe001de2f4b70427c5b3ad657761c0c8	197695
followup\models\g8q_a\D196E.pdb	1fa4e7b8f13f3ece1cd5a36d47cb6873caeb8b25a3710f3993d504bd3c406715	198085
followup\models\g8q_a\D196E_fixed.pdb	7bc3dbd6c8cdf1db7c1b31f21c80ef53d5730c846922b24953a48ff4589515f9	198015
followup\models\g8q_a\E188A.pdb	78d3c0ae0f131a6b8028597e7a759b39da667faf85dfef3e5c0d7f20a1554795	197685
followup\models\g8q_a\E188A_fixed.pdb	d824a3918d3fa5fed27fb5461b2ec3e7314548442f212e8d68dc148d28218ee8	197615
followup\models\g8q_a\E188K.pdb	e9f8f73a330fdf3b8e230fd213b90af0159e209cba8c54b4ea75218c29649ebe	198245
followup\models\g8q_a\E188K_fixed.pdb	80a1af6ed498dd1973c46dcab7d2541fee545e0c6c7d37425c1100f8f68687ff	198175
followup\models\g8q_a\F150S.pdb	2004754f7a74e4a71cda10c226343bd19c7098965d6b01f6b6c823e363d82cc3	197685
followup\models\g8q_a\F150S_fixed.pdb	355049ffe39b1656bc9d9904b22a04e4b9071f14250af8b5b88f8bdfd33b9468	197615
followup\models\g8q_a\F186A.pdb	9307375d0f9e7fee9cb8f232ad615e43c4b2ac937381979f523f823027fd1e6b	197525
followup\models\g8q_a\F186A_fixed.pdb	c89902a20bc38961e843288f078a94ca2529a376e0841b2d847b38f39d2b60bc	197455
followup\models\g8q_a\F186L.pdb	e7df33c42c175ade13c07e9cfaa54ce9e5889515ab134c9e96def00a263e41a3	197765
followup\models\g8q_a\F186L_E188K.pdb	28af4c32a5da980653608812c19ad1504b1a501bdb389a18bcfc0fd286fa7a9c	198005
followup\models\g8q_a\F186L_E188K_fixed.pdb	c3e7ee2fafe125bc7ca0028aa9456338db0a871699c1f07bfb22e526dec2a8dd	197935
followup\models\g8q_a\F186L_fixed.pdb	5bc91021071fc7874ba80b70cee41c61a8c653825a0b53ca07ece923c186f885	197695
followup\models\g8q_a\F186S.pdb	baf82fd5ddd5ec12233e1177195b77ffc435cb71ed3db327dafc4010f076f1a4	197685
followup\models\g8q_a\F186S_fixed.pdb	d2ac8580cf0eed9aa197b99780b270df5027bede0a4fed3e9b93db8f333feaf5	197615
followup\models\g8q_a\I181A.pdb	f6b1b87af548bd3e0e85a0fb30f86b779c8f3d66f7f3583dc33178e2d05e7e72	197765
followup\models\g8q_a\I181A_fixed.pdb	e3dc1a751b6332c81fb3e80d3175c01d878269d2fc13547eb8de121130049043	197695
followup\models\g8q_a\I182A.pdb	9c83f055e92b4f513b4a1978d3540e1aa545e1dddf1b714be66859de549b58de	197765
followup\models\g8q_a\I182A_fixed.pdb	2dcbc3c758413d82429faf811a2c93960b647330570a4429f593114289d5bc56	197695
followup\models\g8q_a\I182F.pdb	0f37038924d72fa482468ef8f532cc00f63d1d23d24bbd1bed5575e4b95c4ebf	198245
followup\models\g8q_a\I182F_fixed.pdb	a5b55d976724ed4b738ffa75252c950c2ea4d54a0ac872ca746f1c43d7fd8aa5	198175
followup\models\g8q_a\K124T.pdb	dfaeb541f20722ce8fb56d87c5b3553b7100f892efb0c97d5642ded17a540917	197685
followup\models\g8q_a\K124T_fixed.pdb	3a5ad332c5a508349ba68fdb499154f201fd0e974aac86d015d8199953d0ed5e	197615
followup\models\g8q_a\K171A.pdb	efa349e270855ebe60c8fb17bc84c3630bec468ed573fa8b91cd109e78414f8e	197445
followup\models\g8q_a\K171A_fixed.pdb	655cd1a6c0ad34dc368aaea92f188c47e20b9e8caf9a154bc01a594f3d427da5	197375
followup\models\g8q_a\L162P.pdb	6e11c695bbe771acbbabee725b68d15e876bf625d22d32524a3e7dbdfb498185	197845
followup\models\g8q_a\L162P_fixed.pdb	8c6c3a005b4d653e289d593268b6630bdb41fbe3614888b48c410764f372c77b	197775
followup\models\g8q_a\N184A.pdb	463481f87161ecab23dc3b7c04305fbb73a53dfbc04a0b0aeb4c04c040776652	197605
followup\models\g8q_a\N184A_fixed.pdb	9bb56dcfb14c3c19782bf5ddbba23679a2d41833ce4a4e06634ab715482512d4	197535
followup\models\g8q_a\N184Y.pdb	67b14436aca18daa6827685d86cb19776c5c42c0fb714e84022e3219e3753bb8	198245
followup\models\g8q_a\N184Y_fixed.pdb	0170a7d5ed6cc71b2a62a1db0561c480b520b2f3745f1bb5c25686fa6c03fc1e	198175
followup\models\g8q_a\native.pdb	042fd76f2fb7f04f1b32f2b6b1b7338f4ca43d9e684b97e50362eb8c54cb595a	161878
followup\models\g8q_a\T163A.pdb	0a59c7ac87b1a38aefe2d3331a19ebc9bb4ef560f04bd7b998f4281ef0ed31e2	197765
followup\models\g8q_a\T163A_fixed.pdb	a4abb658732124a9c300c08be9c59711396a0d37a46dd8a7c9b0a6d9fbc403c5	197695
followup\models\g8q_a\T166I.pdb	253d72f27ddc2a6cbd6951e3e5acbe23db0d6ac58d9d123c47bbfdc7dd164996	198005
followup\models\g8q_a\T166I_fixed.pdb	53df44cc2b4ac8ee53dc62566294d478eb7cbda76420ad4feb06d9d78a207489	197935
followup\models\g8q_a\V146E.pdb	365a6fd71a1e8f734d89096bc53b1aee587d717b492caf3ddefef1f958971213	198165
followup\models\g8q_a\V146E_fixed.pdb	bec3076716bedcff4e33484280a78cbfd9222977d3a5d32cb8c8159e775b6dc2	198095
followup\models\g8q_a\wt.pdb	93c79b40fcf893094402d0aa7447e37b9858dfb411012f83a452db89943d8ab9	198005
followup\models\g8q_a\wt_second.pdb	4a8d56544b68a3d71b8238d0a9a2d346645383d443a3ca0f9f903f2be9d90d63	198005
followup\models\g8q_a\wt_second_fixed.pdb	1e541aa1edf4412c2a7d4d0aa906fad2268c82b4eeefe7cbe647a6548272cc5a	197935
followup\models\g8q_b\C157S.pdb	587fb94bd875115447a30c1d95f1641fffb0578fc3420c9a3e300c828bd1844c	195285
followup\models\g8q_b\C157S_fixed.pdb	b2c092eb4e6fa8890e5eee7d5d811a4ece6e4830c07b4685faea36ea5966982b	195215
followup\models\g8q_b\C190R.pdb	0a14674f914a99def338e85460f34239cf7e1815d4dd9822a334d262eb6117de	196005
followup\models\g8q_b\C190R_fixed.pdb	6d442de3627ecb06511a4c100293a36dcf51c8c9a6f114b6319ac3eaecae8fc0	195935
followup\models\g8q_b\D196A.pdb	aef18135c704af5bbef9a63192c238df37c2b8979db57502770ba9a961f8fce1	194965
followup\models\g8q_b\D196A_fixed.pdb	d162617ef39e94ac9daffe358439bd008185c8727162b00771e708ba7ec5173f	194895
followup\models\g8q_b\D196E.pdb	e7de284b66a36d524ad05d499b07bd2e3a21ca492e5fe231d2819644ca89d7b7	195285
followup\models\g8q_b\D196E_fixed.pdb	8dd0ea1df657301df75bd20dfa7f4bf7ea89105caecd337e38060d355cff2d5f	195215
followup\models\g8q_b\E188A.pdb	c983561477ea561f3846dbf6ddbe5576c9026de02d88e465bf998befd7a5e367	194885
followup\models\g8q_b\E188A_fixed.pdb	21d7413e255b0a7eec84551dd76db7cda4a4e32fae6fafd5b12c4e57e1b218af	194815
followup\models\g8q_b\E188K.pdb	5a529c8ff69df2900e8e29fe8f5c11391702962f4b0e68f86c6ab817fb05a310	195445
followup\models\g8q_b\E188K_fixed.pdb	38661057d99582da5e0f1eb3c64bc8572a47bf79cb2f2927bae9ed9212179926	195375
followup\models\g8q_b\F150S.pdb	a088942e2a714787bd8924edcad3a9669bf897572325eceaded90b1a88f1d8f0	194885
followup\models\g8q_b\F150S_fixed.pdb	7979bbcc22ced8535cbf2ea597924daf91dd895ce384089579a0d8e8f4fe95bd	194815
followup\models\g8q_b\F186A.pdb	86cf40b683472ffa92ce678a7e049ea23638d098d744dc47890990d6678a1b3f	194725
followup\models\g8q_b\F186A_fixed.pdb	d86e9fe9d88f65d2f6ee8af00dab7fd019eb85bb8082a7de166dd81295296c29	194655
followup\models\g8q_b\F186L.pdb	9d66521053d5dd061c2c629d4e164c49d0d47727d0b76b2a6069e620a0161361	194965
followup\models\g8q_b\F186L_E188K.pdb	312438222ce86c962b65cb2f036c76d666c24aa111865bb51e2024de84926567	195205
followup\models\g8q_b\F186L_E188K_fixed.pdb	f14fad910d21d8182fcf421ab96420d074ee4c921d881cfacfa6e463bce0c677	195135
followup\models\g8q_b\F186L_fixed.pdb	5448e180f9bfb882d38342848192768718e7b2ed465ec7d0c2006ad2e52a5d02	194895
followup\models\g8q_b\F186S.pdb	55b472b273997a9bb8d9e34595cfae00cd57d72732dd1c0b27ca536780381731	194885
followup\models\g8q_b\F186S_fixed.pdb	06a5a7e1e22f618ee6dcaafa6bd84531947c4b6ced19ff573f29dac415054dcc	194815
followup\models\g8q_b\I181A.pdb	bb505a41d5670fc0944a657f7fae270c1d1cdf569592d42133762aafc45e036f	194965
followup\models\g8q_b\I181A_fixed.pdb	c6d8e317a1e3d149d0b535dbccf0c763ea7845933142fd456b61ab0b794239b9	194895
followup\models\g8q_b\I182A.pdb	29c8a527ccf49636efb50143a904cde97d9cf87e51e8a17e4f7db1949b386281	194965
followup\models\g8q_b\I182A_fixed.pdb	b1924765cb60e167e0f7168a0e366d68cb627f2002426cffb86f30811b2c8356	194895
followup\models\g8q_b\I182F.pdb	1e6711b1e01d2bf027d52497db0034fb8b3abb4cbcc1ab8d08b44c013172b7fb	195445
followup\models\g8q_b\I182F_fixed.pdb	e6c0598a96600bbe6b3da6876f4311dd50bd4db208d9e031e42e7b44f21ca267	195375
followup\models\g8q_b\K124T.pdb	cdf6f1185da44a09757264246498452b8a1ee68c8f7711997ae833be5cd608e0	194885
followup\models\g8q_b\K124T_fixed.pdb	c7d52ddcdf88b64b39809a13fb912a0cde40e427bba11197525e24f2fe63466c	194815
followup\models\g8q_b\K171A.pdb	3c96e968a0745e94c24f49754ce8c31b3b35830727dad10332ea0cec67e1c15e	194645
followup\models\g8q_b\K171A_fixed.pdb	1e88e2563d5073cd8be693198474f87b410f15667d77e27f2a16f3e8e48ba828	194575
followup\models\g8q_b\L162P.pdb	55235f21d84034192ee3ee1710685fd745c7f1ca43bfb74a1d5b667963763efe	195045
followup\models\g8q_b\L162P_fixed.pdb	d50f0a0a285c288acd98d52d6385f3640d7f4c7fc77ce70fa7b42ca910d7792c	194975
followup\models\g8q_b\N184A.pdb	50bf9464e979f09d89a6fd18d8c5a296644332c5258ca8386d831fb941b534ea	194805
followup\models\g8q_b\N184A_fixed.pdb	6e4060fa1bc88d12b4aad337da5a89a6d0be60c0e34f937025f638b1ff65fa57	194735
followup\models\g8q_b\N184Y.pdb	f505f2b07c5ecf0ac84b3a455d25fd7c82cfa75e5b1a470d9ceeb2129f046436	195445
followup\models\g8q_b\N184Y_fixed.pdb	47efda258be20b05d139e817b12da99b2ccea5b36b752e3867471cdf15c69036	195375
followup\models\g8q_b\native.pdb	1c838ee149c272efea8f58e8614c04a6c60efa905ed46cd70147ada8cf6dd6e7	159336
followup\models\g8q_b\T163A.pdb	c11172ec05dc87303fb1a818faf32ca76db6120a623f8f995644e68b8b569b0a	194965
followup\models\g8q_b\T163A_fixed.pdb	f9c54f900b1f1ef5e3b47e37035b4fb80b939fea1c8c3dabeab64fffbf59a27a	194895
followup\models\g8q_b\T166I.pdb	2c67108114c5d6259cae903bc4a4c0e6399600a79d999421576fffd0dfc611d1	195205
followup\models\g8q_b\T166I_fixed.pdb	75f106c7a8343703b5afe5e31ccbc88cf516782d25611c81d4425ff053cb16ea	195135
followup\models\g8q_b\V146E.pdb	75dee4ea4d2e299b8f3686561935b1a6b9b625216a19422161ad59611f87af26	195365
followup\models\g8q_b\V146E_fixed.pdb	4610ce9aa6314c8da1ec220dde44e02a8320a0bdad7dc1627340386a988130c0	195295
followup\models\g8q_b\wt.pdb	948163b8e0dac3c95aa72c25e06df717509058f27b0b354949a6d6be9d986c5d	195205
followup\models\g8q_b\wt_second.pdb	38b2f2a3bd8dc8b6976d1a3dd9f1972cdbebe25045256a456ba31188ec3dc7b2	195205
followup\models\g8q_b\wt_second_fixed.pdb	3a040d175738a356a774f3605084a4efa60f1d8c011925640cefe57e54f68f8f	195135
followup\models\tcx_a\C157S.pdb	2ce6ab6213301a69665c07f5321006986f8a58dc25017b077ce4e499955a7dc3	198085
followup\models\tcx_a\C157S_fixed.pdb	015edc11246bd67120698a1efcdee3d5a906f4f62aa7b4fdaeffe56cdccf3ed8	198015
followup\models\tcx_a\C190R.pdb	5ec50bb6cfb9104012b3e1c175dca7b6692abb0716c93cea53ebff3ed098a4fb	198805
followup\models\tcx_a\C190R_fixed.pdb	4b5d6d3f5d128f2043dd3fa17f2549cd6b23ae0e721d4216518fbf5a0cb3ed5b	198735
followup\models\tcx_a\D196A.pdb	7431d606da166fe2743d0a0c7517fd056c49bfa699e0eb04e39dd74d6bf99da8	197765
followup\models\tcx_a\D196A_fixed.pdb	645dac84421f920d81b2991a71de73a2e886dc935d78b5ee97999246b2a65629	197695
followup\models\tcx_a\D196E.pdb	c742b44270b1fafa39030d19ebcacf2c27a66650d8b43f0fb0636b7a913a53a4	198085
followup\models\tcx_a\D196E_fixed.pdb	bde5167a9d81ae0c02a7a8a3a0839b06feeeb389335e55744acf3ddef23f88a0	198015
followup\models\tcx_a\E188A.pdb	8063c7c8bcd7246c276999eb4e1f88a163f11319c5e6dc9ed40c3b74ccbdb269	197685
followup\models\tcx_a\E188A_fixed.pdb	6b49a5db806197fd4639190325cb17a074366d429adf727978f1a6361859afbc	197615
followup\models\tcx_a\E188K.pdb	598f6cff1cca05ac87115a394cef57a7713ed9d4ed3e3df319f0660a38116540	198245
followup\models\tcx_a\E188K_fixed.pdb	dabb03c62a060da41ad732e349ca64fdf94cbc3d147d8c08fcfd856dd21782c6	198175
followup\models\tcx_a\F150S.pdb	841db69b195d42df1b08f17f10e5f1da22c891f2a10f273339fd584ea49995bc	197685
followup\models\tcx_a\F150S_fixed.pdb	9a053ae455e82fe91e72577812cf4943dc00d4ea4ec68f7d9eeea9f0c8699707	197615
followup\models\tcx_a\F186A.pdb	50ce3edd1df40920605d3a231139d9a31c84b6eee56f6c51fc653b0f107b1942	197525
followup\models\tcx_a\F186A_fixed.pdb	dc3c5cfb1e641b799257ce70e1da4049cbab3db615b69a5cf0a562648a316a6f	197455
followup\models\tcx_a\F186L.pdb	e73015c1fe23acb46dc6d92c8190235db1628737fa30627d2ed74bfb54bab4e5	197765
followup\models\tcx_a\F186L_E188K.pdb	d120a0e493b1ca64fcd751754a05e4c1400945eea968709dfb0f5ccaaae3e47e	198005
followup\models\tcx_a\F186L_E188K_fixed.pdb	84549497e4da41fb3de501163cd83471fe34f22a3557c0171e44b02ba53f66ad	197935
followup\models\tcx_a\F186L_fixed.pdb	a0cc042fa17fd02c160dc480da3d274aebdec05bbd891b14f1c951a8c549a555	197695
followup\models\tcx_a\F186S.pdb	68f6aecdeef75ea1d21b00e50f1409877660b4df6a7dc3dcd43a4d194ec7b5cd	197685
followup\models\tcx_a\F186S_fixed.pdb	bd9ee65a4ec3adc9244a5029733650704d64d22a77f8ea7c2d1b35787f72a50c	197615
followup\models\tcx_a\I181A.pdb	b936c44cae38ef4dc1494817c3d63c3eb6aed6de196ca71ffac94fa11547b4be	197765
followup\models\tcx_a\I181A_fixed.pdb	95a30b7071f7d85b72b477213b5b8e299ca94f76e020f76c26464c58cf35f7e0	197695
followup\models\tcx_a\I182A.pdb	417046cdd9b2efc6075df12e01b2b088925d4bf38079f524e3027aaaebc46cb1	197765
followup\models\tcx_a\I182A_fixed.pdb	2453c40475d34dfaee014284dfdd06add77973bae1d5479e8b7a5460c251a6fd	197695
followup\models\tcx_a\I182F.pdb	9ac5f2e63053331de288a7248bddadea090980d5a068a93d1be9659022662162	198245
followup\models\tcx_a\I182F_fixed.pdb	b3d306e6ea54d352c0883aba9e1073cdc5b15141267d491b57c3bfeac3eab022	198175
followup\models\tcx_a\K124T.pdb	d74b9b4aac7d9bb35389c2e0278dc7911be021fc976f984af5708c7aaffa652e	197685
followup\models\tcx_a\K124T_fixed.pdb	61d7b418fb1018b284d62ae06a289e096e9e034f848b80fc1e77c0d1045c2dca	197615
followup\models\tcx_a\K171A.pdb	9655a20405e6152e2bbb508df7f9660665b97bae1f436a9a79155cb586198471	197445
followup\models\tcx_a\K171A_fixed.pdb	9df6c505ab84b34a62932d97bb8188009b67335275cc0e2eadbee46312cb4a4a	197375
followup\models\tcx_a\L162P.pdb	f50547aecba39457be74bca90db0ca733539826b42757a1fae77f478d7fb2771	197845
followup\models\tcx_a\L162P_fixed.pdb	d5b7a74d8b10d35de2b6813f40df4af336fe8432b7d161d8aba7849257931792	197775
followup\models\tcx_a\N184A.pdb	e472b19618066d7cd50640d08f8270a1b00decb32caa4ec33ff7f5e029c8f077	197605
followup\models\tcx_a\N184A_fixed.pdb	06e0eabb205b6c07fdda30a52dfbedb260f129e9be042555c3940cf7da96b9c1	197535
followup\models\tcx_a\N184Y.pdb	beda6df18f6eb39e04d5824264b74f3eddf4e3c913b5ecf8012f85d9fb44725a	198245
followup\models\tcx_a\N184Y_fixed.pdb	2a5f24c9dd6aa1e07d5bf74179af4df6b7fbbf570b6eb65f2574aac4ba009d2d	198175
followup\models\tcx_a\native.pdb	41845ae9206a8b2dbcf223a4f399aff428289f9bb474134b4720c41521b714d8	161878
followup\models\tcx_a\T163A.pdb	5bca1dc829c5cb6a5dc1069c64c8981f68223013cf6b356dc724bf172e2070dd	197765
followup\models\tcx_a\T163A_fixed.pdb	df6677bb279e4e4990021196fe1da018e5913f3e994d59fe88a80e8d4cc23e92	197695
followup\models\tcx_a\T166I.pdb	227408facf561ea9cede4581d4fbb5b30bd0ae02956dd004e3a540e005257e55	198005
followup\models\tcx_a\T166I_fixed.pdb	338526d11423dadd1d5e06808716eb62a7f09374f1d9b02a97cc8b0618f02667	197935
followup\models\tcx_a\V146E.pdb	f5f20c0b472323afe988e384ecba0ae3268a28009544607f56be61c5903ef832	198165
followup\models\tcx_a\V146E_fixed.pdb	27acfbe19c2ee66618112790eea3eb6008e1197b10fc118104adf7afb63845c8	198095
followup\models\tcx_a\wt.pdb	c5c5adc110596155f6d828ce6a6004928e20f390bf7e546d1c85cfdc95273742	198005
followup\models\tcx_a\wt_second.pdb	7278c9e88984b273ec6792fa36ba9159b216f6d711a965fc1019eb8e7cfadfb1	198005
followup\models\tcx_a\wt_second_fixed.pdb	e216c5f3489a2ae4e1c8fb0403ff26d8d09d9a8176487bbb22632086c35e2546	197935
followup\models\x0e_b\C157S.pdb	be0de3c389130594a352340652ac815b58c0cf294530baceb3a270a93aed0e91	196405
followup\models\x0e_b\C157S_fixed.pdb	1d5f09e965d1f6a44651d3df2b1f6efc7ed66358973131f3a9e06dd79b9a4917	196335
followup\models\x0e_b\C190R.pdb	d83610014336ce48547ee8f597b2812a493256f62a0194e59dc36a81052272fd	197125
followup\models\x0e_b\C190R_fixed.pdb	e5ca0a37e72d705c771052b8af026f252554b19471b3e490a49ef8276e8b4c6d	197055
followup\models\x0e_b\D196A.pdb	b0d3f6bb859cf5698b93fa66d82de64714421883d9b8701ee508b45ba61e4236	196085
followup\models\x0e_b\D196A_fixed.pdb	4d4e028c8867d82eb0384af49d758e00de87fe55eb0b7e21c4fe2feab6e2ddf8	196015
followup\models\x0e_b\D196E.pdb	4bce0f02fd282d5a1dae3b782b599de60768a710c1a04dec0ceacd3a359f18f0	196405
followup\models\x0e_b\D196E_fixed.pdb	96209caddd8006f09f63f93f3b7863427a5c8afbdd134c906db31f96e7a3743a	196335
followup\models\x0e_b\E188A.pdb	9d5a03bb264708f7c65359b99de5491985324c0c062f8df0f359884427c48b3a	196005
followup\models\x0e_b\E188A_fixed.pdb	5346a528dd6edb1642af0c707137f1d87940eb3c70a9cc2112ff8c7c4899a200	195935
followup\models\x0e_b\E188K.pdb	55fe21e2d8362e4a5d5b29036686d05d2aebb40be760e7b57727e9190cb2bf94	196565
followup\models\x0e_b\E188K_fixed.pdb	761b58fd1caccdc9176b3cfb6660b54727c52a7744a8b93a12bb8addf5263d31	196495
followup\models\x0e_b\F150S.pdb	446c47401d27f189212a9a2a6d66afdd94c8567f35e1cd68c6ca0d3e8d31ef29	196005
followup\models\x0e_b\F150S_fixed.pdb	7838b4093a53cf7d4dc688ebd905c1c4355ea68bb5f1099ae1ac607263c16faa	195935
followup\models\x0e_b\F186A.pdb	110b69059c49ee96509759cd357a8b6073d8aaf7cfa6b14ab8bb7a46b8b5666c	195845
followup\models\x0e_b\F186A_fixed.pdb	4a29cc43aa67ce34e55e9e4ecd9f4cf8d638032fc85b1bce7a57d9579a82088f	195775
followup\models\x0e_b\F186L.pdb	2457455a61f2709b89fabeaea9a76f0d002c013267734396304810be76ba34d5	196085
followup\models\x0e_b\F186L_E188K.pdb	67fe2305e1d3af785c08ba9fccd130f0ad169121f3ebc20099ea53ab933d387e	196325
followup\models\x0e_b\F186L_E188K_fixed.pdb	4d219f8d152b3ca524b7a3a040f4b139db9376623aa14e8a35a7e30c612039a2	196255
followup\models\x0e_b\F186L_fixed.pdb	a949ff4831d8d56543f137e04e999b146dcd622cf3ad1f0aea2b45e6f70b11bb	196015
followup\models\x0e_b\F186S.pdb	c3cefc9e43ca95be514404144fb7dcdd3beb1f75d18ed398b1ca69b5d4d74f1b	196005
followup\models\x0e_b\F186S_fixed.pdb	2910767e13142ed6b5cfdda3ed206ae124f3962ff811738b48203492f234fa51	195935
followup\models\x0e_b\I181A.pdb	c11a63808e29a63ad28ec16089a3fe366afed5fe3269f1ba1d1e237e36826e05	196085
followup\models\x0e_b\I181A_fixed.pdb	2ce0b5e51379da79c48ae5a7c8d6eb7b4c436f758b8dcb2bea9338c5853688a5	196015
followup\models\x0e_b\I182A.pdb	b3c8c109ec45374e111e35dd3d494ec54a89cea0e1b47b5b0177dbb84dafe537	196085
followup\models\x0e_b\I182A_fixed.pdb	f5047bfd4e115938f434326a8c881bc4159306f5bec1a7812326b036650030bf	196015
followup\models\x0e_b\I182F.pdb	f5fd0e6ef612f20761383056b16c9e62b1b052903946e7acfbfde9626e9abbee	196565
followup\models\x0e_b\I182F_fixed.pdb	6444e97d28ec3d900ca3c8426daf4b3d0e4817a95241ac1fd1b2d5ff0f074cba	196495
followup\models\x0e_b\K124T.pdb	f81a5cb5cef4f45d350e69bbc5719515143401fd96c691d5bfb9fe6662bd5e58	196005
followup\models\x0e_b\K124T_fixed.pdb	91789fc36cd9dff8b67d5cd5f70c0050f0a5dd9609227d906326e83cd1bce799	195935
followup\models\x0e_b\K171A.pdb	b0724bd2ae3331d019fcde0a8f84113e927316f6f3b9339385c9f4414e938537	195765
followup\models\x0e_b\K171A_fixed.pdb	2f12c1460cddfaad96ed62afc19a1efd3345ec2ebcae675ec6b953ff7307c5a8	195695
followup\models\x0e_b\L162P.pdb	88d12fccf647464d76fc7b3a523ebf8c258a600e9f3eb85d8a262eddd6b4fa3a	196165
followup\models\x0e_b\L162P_fixed.pdb	34c220b5ce04b33a1c44ff920b056020e177afb5eae2a847274ce499a24b6863	196095
followup\models\x0e_b\N184A.pdb	d5b414f8561127676d3dc50d2f95b0ccf8ad939777bb42b4cce7f8b14e125499	195925
followup\models\x0e_b\N184A_fixed.pdb	c783bf83b87c4a96f755abb47e6e6c643f4b4bdf054430a490f8400eddc1c5e0	195855
followup\models\x0e_b\N184Y.pdb	5171bf5dff06b7e0915813172c3259751ed5e4cde7854333b1c76ec79b2222a5	196565
followup\models\x0e_b\N184Y_fixed.pdb	48963ea075890663eea02194d8a31445ac56c95911ea15ad8e4fbdbb21def750	196495
followup\models\x0e_b\native.pdb	d2d8b2f79c310fe7bff2fbb8ac0290eab5b33c41327defc717c3199505c5cfb1	215178
followup\models\x0e_b\T163A.pdb	6dcda5d4e29bca8f8ac409ff43e767eb49d20c859feb7e96e5dfca99ba0410f4	196085
followup\models\x0e_b\T163A_fixed.pdb	6b031b96bddc68701f2a8f94c1bf7e32a2ec445768ac3eba6e9678f824932317	196015
followup\models\x0e_b\T166I.pdb	fdb0556fb392046021ab62641558000434a6a9d54cd7a2c04e3b42f089c8ad28	196325
followup\models\x0e_b\T166I_fixed.pdb	18bfaedd4113faf7e2fe517bb811ed0a83a6e2aa21dd445734041c61ff9fee0b	196255
followup\models\x0e_b\V146E.pdb	d2b85e22429ffc8965861d67986c88cd7b58a184a876b5f0e772c5577d15dc18	196485
followup\models\x0e_b\V146E_fixed.pdb	ae89b3e9e9af3c092cc6c8e9dacf71ea6f22fa7ee872bddb2205d148822d4816	196415
followup\models\x0e_b\wt.pdb	c03d4e8883e945865fffc7c6627c593a42729cd8f21c3c742e99f433f9b8b2e2	196325
followup\models\x0e_b\wt_second.pdb	543dd164c12fd4feb51499e9a00658ffce5d0d4012e989303baaa103bb06b965	196325
followup\models\x0e_b\wt_second_fixed.pdb	9f4a152ad1137beca9e17683e46c6c4c9fcb7ec9643d10f62dee39405291140d	196255
followup\models\x0e_core\C157S.pdb	3db7beda79b2ca19e9dfcec1a3504d35e5a95adc420a6889785354a9613f060f	198085
followup\models\x0e_core\C157S_fixed.pdb	015be7adf17a66b0abc0af2cb88ddb210421db85b7544d389ffc3a4053894cd6	198015
followup\models\x0e_core\C190R.pdb	0a62dd028dab64f53edc90dcac61b1cb96d3cfec1f0651a4ab2756fb878f1bab	198805
followup\models\x0e_core\C190R_fixed.pdb	8b13025737761c41bbc50d7875c9d28bdc77719ce3aa1d295a0af6520991ca3d	198735
followup\models\x0e_core\D196A.pdb	64510e82d94a4ed3d2403e375cf8f706abbd16c8c4bea22e7d27eda123d1e890	197765
followup\models\x0e_core\D196A_fixed.pdb	f6afacb4d6223d7e1dbe041eb6d071f831c3087ae3c1dc0e4423a96734730e03	197695
followup\models\x0e_core\D196E.pdb	ebc3b5071bb633894273a290fde87dd36b6bc369cc5c6425797280c391a71bc3	198085
followup\models\x0e_core\D196E_fixed.pdb	be40e6ff215f910f8eb15fd0293f5568679ffc089ab73d6ccf090dc5e9715855	198015
followup\models\x0e_core\E188A.pdb	3bd80699b8babf75b7cc81f3ed9b822cd394910c868f1da1275af44837689ce0	197685
followup\models\x0e_core\E188A_fixed.pdb	20ccedbbcb12534413fd64ab4d63fddc0422e07f0b3d50713bb562a5d560cb7c	197615
followup\models\x0e_core\E188K.pdb	f4a5290d1d18d83beb44cbbce5f3679a24a506d7e38d2be7ee4865a8e1c694f6	198245
followup\models\x0e_core\E188K_fixed.pdb	f1d647febfb5494b0c123f0753ffdc749e125769c0f5bb579d3ddf410306fa8a	198175
followup\models\x0e_core\F150S.pdb	b0d5a36313df47870a488fcaa49e4f29814300657910b8aaac9b41357ef41871	197685
followup\models\x0e_core\F150S_fixed.pdb	eb8f55b4107601930101ce385b1bf58fd4fb51087bf654310182854ae8bdd913	197615
followup\models\x0e_core\F186A.pdb	5eaff485b839f4ccb558ff4b1acbba372237bc949c60fb689993585169aaabf0	197525
followup\models\x0e_core\F186A_fixed.pdb	5fa59adc1fb252c897e70dccf2b3a6f167bd9f25d3e276d97139196982c71b34	197455
followup\models\x0e_core\F186L.pdb	f67a2ecfba9c3fa746af868d571455f519512f720f56011b5810f308b80a72bd	197765
followup\models\x0e_core\F186L_E188K.pdb	895af096d3bd8c9a37464ad7376cb6d582fc2817be6f3e61d2fd6f3c66fd743a	198005
followup\models\x0e_core\F186L_E188K_fixed.pdb	f582aaef08ce04f9d84c80397d68c0ef1ad3db2113dd25cd87f49a458840bbc3	197935
followup\models\x0e_core\F186L_fixed.pdb	f389180608e78ef50916930eb897bc5fb6ea93d4dea55d011ea2addc17e6ea53	197695
followup\models\x0e_core\F186S.pdb	75b5a0305d2d61ffc11ccedf531ecfcd00e39dca00458e444944b3bef783932a	197685
followup\models\x0e_core\F186S_fixed.pdb	9e9f2cda7f6616c4655b721f142131b4d9e16a7c06f9e86f4cdca87a330f6f65	197615
followup\models\x0e_core\I181A.pdb	75c4009711f42911bae8feea545f32048a978902c5e965bee531211ea51b8c41	197765
followup\models\x0e_core\I181A_fixed.pdb	f344949df5575c23aff22737823468be59297b65349fe5badea1de4a8749b316	197695
followup\models\x0e_core\I182A.pdb	6cc72e8df24a3271627e1786fe5ebdb805cf77319b403e53185857179632ae09	197765
followup\models\x0e_core\I182A_fixed.pdb	3b6e64e890ab1018aa5df27b58b46e29b11ad81505328c33ff25dbc9753ec418	197695
followup\models\x0e_core\I182F.pdb	b5db202e35f392d0fa011e94ed6557d77e94692c4b3b068a04b7127c29f75621	198245
followup\models\x0e_core\I182F_fixed.pdb	291c18a382f4a8ba1fa7b911695ebdcb11c52adfce3eab54023a5f005aacb5ad	198175
followup\models\x0e_core\K124T.pdb	5052af82ddae2c5788c4134f98ba42d3de2e2c605b403644167691d1e121cefb	197685
followup\models\x0e_core\K124T_fixed.pdb	d0550f3b3027b00e178be2330dcdc67f25352d0ea67eccf0834c93cc13079674	197615
followup\models\x0e_core\K171A.pdb	25178c724f5352177da8bfc0b19b62c3edc9762fe9322321178c33908752efe2	197445
followup\models\x0e_core\K171A_fixed.pdb	206aa117e6ec178bb4d598d908b224f0812b181ecae5fd45b7d3b54950596af1	197375
followup\models\x0e_core\L162P.pdb	b507dd69f45b7025fa0ee711e1522748cef2a09bb37bb9bf69976a20bb7f1314	197845
followup\models\x0e_core\L162P_fixed.pdb	b4dd38ff1fab459387eb109044409826b7d1bcc18891824f0a49c9217d267481	197775
followup\models\x0e_core\N184A.pdb	7db8216c4380df6d1269e3b6d0f19068dd60710190253238e50a844c58cfb5cd	197605
followup\models\x0e_core\N184A_fixed.pdb	0ba1209a7f61a93b88002c48a8ee5722147a5ac2d47c29aa209f04362099a516	197535
followup\models\x0e_core\N184Y.pdb	635f4edbe1cb46268e62d751a106a55c9e87cd8449987dc1f2744378903c8ffb	198245
followup\models\x0e_core\N184Y_fixed.pdb	3d153993edd58a8a59a26e4d325e41368e303a6ae38ca169c9a785a9de9dc747	198175
followup\models\x0e_core\native.pdb	f7644939698fdeddea21cfbf0542d4fae8b11b7846bc1def71c7f2d3d0e91638	219524
followup\models\x0e_core\T163A.pdb	26d95c87081c3e896e22538b6cf49ba81e48a4e4c29061e33831a9a55faa99c2	197765
followup\models\x0e_core\T163A_fixed.pdb	23fc744779c48753bd96ad38d28739f8abd119b710c26d95ccb867b671da9bad	197695
followup\models\x0e_core\T166I.pdb	a36a86e111dca90a1725cfc77446af134aa3556cbba73933f7db1ae8c6bd2a3e	198005
followup\models\x0e_core\T166I_fixed.pdb	7649db3caa33d8dc5e3cf6d62d7f53b876821e7ed01cc31adbc20254d8bb6325	197935
followup\models\x0e_core\V146E.pdb	2fba716a438fb857ee838c483f88fd49074c371368103275033385cb02d6fd30	198165
followup\models\x0e_core\V146E_fixed.pdb	7c7d10c030aeaa583ccb49646097dc94a376ef3141a4b3c4eee11c8ff645fab1	198095
followup\models\x0e_core\wt.pdb	fb9b953c5e8e93e58c57937ef20ff63cac1f535cbf7dc4d45fba1a5affa2f6fe	198005
followup\models\x0e_core\wt_second.pdb	281891c78ba37d8199569315d3b224b3ef1ef3ce76b26c98985ee03c454f4d1d	198005
followup\models\x0e_core\wt_second_fixed.pdb	3da731036649688a3320b032fcdea35e54dead3e1b033fba9996504f3dc7084b	197935
followup\original_snapshot.tsv	05a69b6435d8008586e65133b43f09c76e80d2092a2e9f2810e9b285bda8c231	24630
followup\protocol.json	6a08bf32cbcc7167e64a2720ed814fc7eb86401bdd949f1ead0ab0a56561c70b	2740
followup\protocol_lock.json	eebc7fe42f0c2f6fc449b18857b8e459e099973e181c24862802002ffdfb31a9	352
followup\quarantine\future_reserve.json	6a18226bcb770964a552c8f82aba7102cc0a62dd81e5ced2335a4b0b5df28cff	4289
followup\queries.tsv	dff9c8cb286ce3849bdf4ad47729d7698879aa1bbc94333724a557f896f19d7e	15482
followup\README.md	da94c878651b1dd0cf3e75cabcf6f6a9bf4ed809fd588dec9305f8fa053ff269	11378
followup\sequence_manifest.tsv	5ff4aa6d4b12ca30998864368311994a5ea3dc47c041b841b268fb45da2012a5	226814
followup\split_manifest.tsv	d03009f3e365971527666c0ef35c863d349d5d44d3fda90b60db488c4474cfff	46641
followup\state_manifest.tsv	b0800e1ecc15dfa227ebac689aed082b31bad388fff3105b3e4d9fcd1840ce20	60208
followup\state_pilot.json	413c8919edc520dcd7b2d4346bbd125a18f7060df203f1c2bc5cd0867d2d8751	181
followup\state_summary.json	25ceb132978484eae7a92620ab713feef9c4fd3a10b1219daaf03ea2306c2e56	305
followup\states\hap_015f1d250ec9.pdb	90d1cb376e0b740a618f9f09aa073579d661f1c24798a88e51e5adb480a7e4dd	198405
followup\states\hap_0171867bda2e.pdb	0f05b931b2f62da2f58fbd94451ec4db767e1bf9c382c431045a08c4db0be5ad	197445
followup\states\hap_019655bb4aa0.pdb	a5385444e311f34e024e2c8c56127b7461ec5d3707a43159b2edb6f82b2cce9d	198325
followup\states\hap_01d88a40d9a9.pdb	4ca5fceea9b2e71e0df16a3d93ae38773dec804a294382085251c5ba6ccd76eb	198885
followup\states\hap_02e0a3f348b6.pdb	90d1cb376e0b740a618f9f09aa073579d661f1c24798a88e51e5adb480a7e4dd	198405
followup\states\hap_0337ec679859.pdb	1d22b871afa1b7d1f8d1267db9caedd332f62c644ee42f784089a889d905aabb	198325
followup\states\hap_038254e41d01.pdb	0352cb459f64dc37d8be314ac9a4014d0a6aeacc7586fb00bba134f3993a2699	198325
followup\states\hap_03dec4e784a6.pdb	000d30a5b5247450b6ac322592e580ad837e62e00674c9bc6917de69beeecc6d	198165
followup\states\hap_05b440db95bb.pdb	851c1c4a97d191c7e40f1cadddff5334d7b467d5d022d888219fbd8eb2796903	197525
followup\states\hap_07c25e563b38.pdb	0afba8250f831826de802550aafb0b1d9c84e2717b70139c11c09424561a2b0e	198085
followup\states\hap_082d15af7e68.pdb	c92b7729577f650efce04fd4cbacdec73fd0a58dab6d1bbc4aa53b9c6653fa95	197525
followup\states\hap_0896b5b0a65d.pdb	c29bffec8d310f3a89f5f1c5f09b60ffed7c7a2e811b62252a79446e244d0a27	198405
followup\states\hap_08c53a3e81c9.pdb	64eb1993e2f5aca4ac446f97ecaa0e27201eb61b2f2331f7c581e87b6a9d6cf2	198725
followup\states\hap_0a055ab6f5ff.pdb	b25e895efbad353f42c194cb6909933b2f9813b84ec0b7d47fc00f8d8340388b	197925
followup\states\hap_0a7e4a472c40.pdb	4f0d34901bd0c7c3cff1f4d75478f92a72e4577024460776b6485fc0b346bc6b	198005
followup\states\hap_0c191bc5aa85.pdb	bad40a9ad704d9d925177f471e7a96de34ca9aa0a4a18743f77afc4dd0dea8ec	198565
followup\states\hap_0c9290ecdcf7.pdb	5760a420e2af583dad373f4def104cb3155cb3aeefef25cfa7c46241ef918938	197925
followup\states\hap_0d832ae33c90.pdb	5d0a7543b84683948349425df52234139b60a501b9c078cd010e1a4434188f10	198645
followup\states\hap_0da9d6534d57.pdb	cae44d58de9a57d2d266328c227540bfe13fadf2401d4231c7e2ede9d34f679e	197685
followup\states\hap_0e7fb973fce0.pdb	43e4c27cc8fb05273479ba1555827b05f4cf2a24bece10d833232f1c45dd6e15	197285
followup\states\hap_0eac97d69ee3.pdb	dd379650fa9a06074cebb9226624a787b4df1741f36b76931440f796dbde2b0b	198165
followup\states\hap_0ee521f63021.pdb	f298565e7149637aef65b682559806c9be0a65deecebec3550f823884ea79160	197845
followup\states\hap_0f301181d0e0.pdb	1b5d5982abf1fbbc11d24b2525d2104f52dda29bb6979fb50d728ea4ee320c40	197845
followup\states\hap_1039a12113f4.pdb	32763ef514f9720d6feaeafc6088055696de28973bbaa4637fb9d3eaddfe5f85	198565
followup\states\hap_1095b9216a5a.pdb	9428678244a678f87fed400e533832a4eb95ee46d473c4515d61d9b1012e7e47	197125
followup\states\hap_11784245701e.pdb	c844d343485247044ec38e1abcac6b2e41002374e443e4e183c090448980dc77	197685
followup\states\hap_12349790872f.pdb	08e8d65a4834a46413384801ca2cce159394571c68fa711290fd3fdb538046c3	198645
followup\states\hap_135666d2f605.pdb	24264e866467d7417f91bed2cb061e2d4e43eee67d569e025c190782003e69f0	198165
followup\states\hap_1515c4909047.pdb	46c07cffc5b2bca21414714eefb7a6d5f04693b7128c70ac4ef3343a00498788	199045
followup\states\hap_156754018508.pdb	0fd5f281cc74a1ac21e5868dd37a6f2cc3066b5507e6e78e477318b9f289c351	199365
followup\states\hap_15a928b6a7ad.pdb	d8930b9c54e73a8d56ebe05264761cbbf6c2107401894c004959434f823821b5	198005
followup\states\hap_15cd94431f50.pdb	e456c6d15f01d3ea8aeb5611a7c444d32de02c1f1fb6af25375313b5787d27ca	197845
followup\states\hap_15ef7b09f39a.pdb	b60ef416bca260edea3c632f96caf5db378182563afa3ab61ebf1e781fbf6d99	198325
followup\states\hap_162617aaac7d.pdb	5686b4bedfc43e405c72ec1f0d1b076f8a1f6a3f6cec1c0c652191f2ae7a90b1	197605
followup\states\hap_162a84017f8a.pdb	d580381199ee505783b83ff3bba37eac32cbad2a4762b8fd7f6b71cd052eb41c	197205
followup\states\hap_175bb781c44c.pdb	e33a36abb07806a375b26ce5720de965f3d435d35a9d00cd43936717c358bd0a	198805
followup\states\hap_184fb710e202.pdb	19bde22a6fd62c3c0ae7a541c6f4f41b0ccc6a564ec6ff1fc64a376df7dd526b	198245
followup\states\hap_1a2999f0e1be.pdb	3aec88d0c0a7873b02109f4e812eaee24a3c0f2a6b376fd13d040e51f04ef5c9	198405
followup\states\hap_1a2ce9924cc0.pdb	51bd393b3df8b632396cf9f0949f6465e0c39a01cafe407830d0166ea060b8dc	197445
followup\states\hap_1b937b8ffebc.pdb	5f5a251b2685732e1d4263acecb53c1e9aaaa75eaf1977e646ee743ad974044f	198085
followup\states\hap_1be64589aa94.pdb	3f2d5ce16a89e3c2ee127d5d2e630d02ea8117dfd231fce36b12c2b48fd04864	197525
followup\states\hap_1eb3dbcc8605.pdb	d5b0ee715f372965eea2aba70046dd11f41e095636142ceb5a189c65fd4555f4	198725
followup\states\hap_1fddebe43917.pdb	1f5f130505fb32afab774c5f96002e0be73f6479ae0ee37c42ef0247bd07db76	198645
followup\states\hap_217e6e82f5b5.pdb	1a589d554f3db2e085ac6ae1c8a783ced0ef3fd8697783b2b036a5017fe41d7d	197685
followup\states\hap_21a242ee7910.pdb	e472513464ab2c44ef613ce12f513eb985a5b3474b646b546e44f28d661e3d63	198165
followup\states\hap_2296bad20f62.pdb	8c76cb82d7aebefb36b6b31aae971edeef8e645afb3f5ab3406a98abb0049ba6	198165
followup\states\hap_24fd72def865.pdb	bf82ffc3411474a5d2e92d09dc13c1f2b945ca6ed2ad7540008fd57183973264	198325
followup\states\hap_25f6dcb72cd8.pdb	cef579c4c150a39c12079f5770f237b33c0f3d4fdfe59a8dd44b762960cd0b70	198245
followup\states\hap_277227ccce57.pdb	2aeae13b0f7c83e51281011363be180df362516416690d93e2d1bf9d2ef52b37	198325
followup\states\hap_28e0c1223457.pdb	7094045f189fd882d7a6a23ff4c2dd0cc7282b4937c62bf9dfb01f1bbb3e5d82	198085
followup\states\hap_2923ab642959.pdb	054b2523bc7802ecfb2b385b05505128b6e879ec8e62ab60113e1d28456d6015	198725
followup\states\hap_29a3933ffdd6.pdb	dc369ba84827304684f601ea82467435677fdb8d4555babd2f0700c2ccaf82e1	198325
followup\states\hap_29b4d0878707.pdb	c3520beb1704252b215c0cfa58bbc3b567f89b51cacfe58229878bce098120d0	198805
followup\states\hap_29e4d7667b0e.pdb	3f8c5164bd3e8d5c0f68925cdbdc741cd5e07d8d86248970f52926247c3a5d4e	198165
followup\states\hap_2a77da40433d.pdb	6cce3f5596fb9b6553ccdf24b457c704396e775ba3f6911a0ca16eafc2753b95	198325
followup\states\hap_2c9c73815257.pdb	e452e66e878e8baa8230173cdad699f3f13d45d28f011c9e39213275cf4bb29d	198245
followup\states\hap_2ce9501e7d65.pdb	c399314cc6733b6a83fab5f98b26ba2e4bf67137bbb9990a007c88aa58e7355d	198405
followup\states\hap_2d57b0b5ccf4.pdb	3f1cb1f0c8c85120e0d9810bb5a4372944e4642545cca5a566e573bb7feeeab6	197765
followup\states\hap_2dd0404622aa.pdb	8200f40475f8b76fd0ff5be8fec9b2392875477d04fd2565c0720db4d0e70789	197445
followup\states\hap_2e02c360ca30.pdb	14fa5f541d668dd450740fadf88185e4b2a47b041b91b87a0064d849a50467be	197685
followup\states\hap_2edf53b94d14.pdb	b92a1b6ceabfa97f2b5c20150b2e0f3b8540e78256943fc0c053aefb357ef16b	199045
followup\states\hap_3003d3454ecb.pdb	a841594ba67f8a5e4a1648dff66f586ab1655d7976ccf54cd25a9ae227b6ecf5	198485
followup\states\hap_305dedc4b17e.pdb	6acbc194983985496582a95b47c05232228c54d304af9bca56c19ff0889976db	198005
followup\states\hap_307af495f212.pdb	6fe4c59c35961e829d3747dafeafe824f8c43ea62faf225e1cb258fb6eab3821	197685
followup\states\hap_30c34a4b0a33.pdb	2722c1573799c56888c4542dd971dd60e10bfdeb5939ec4497d2bbd42ce90588	197605
followup\states\hap_30e4a3addd06.pdb	7e464ef15d4a8270c11ee765ffdde3a975e7729aa705536ca899f0c6089ade2c	198165
followup\states\hap_317d74d43535.pdb	bad40a9ad704d9d925177f471e7a96de34ca9aa0a4a18743f77afc4dd0dea8ec	198565
followup\states\hap_320b6dd53a14.pdb	f46da2343f60ddbf864d7ae780861190f60fbd1e5774fe70f9d5dac54cc87ed1	198645
followup\states\hap_3215affa9fea.pdb	eb9f91092a42c6e590c9c33a119cb3304b30e35b892e613b6c577d32015b3988	197925
followup\states\hap_348decab8437.pdb	2558047a974ec6d7439341f970c34a71791caa61f20bcdf438f3fcee972bb43e	197925
followup\states\hap_354bfe7edcf3.pdb	3c50571715b2f2913da68789be2f49a0ccd2d476dd161f585fec1e1b3307ed50	198165
followup\states\hap_3652626d878e.pdb	47b13bd4c3052f6ff4e019060ff19b946eb0c1d349e8f8f16524f2cda4fd2978	198325
followup\states\hap_37926fff34cd.pdb	93df390a516724098d79f6751256fd7e748efcae59a95c8984c6b2de3076e37d	198725
followup\states\hap_37dd47bd3d7b.pdb	64eb1993e2f5aca4ac446f97ecaa0e27201eb61b2f2331f7c581e87b6a9d6cf2	198725
followup\states\hap_37ee04cf1ef0.pdb	14d5142f6f28a5e32fb104601473b0b2c091349b839df6835b29226f893f86f2	198725
followup\states\hap_39dfe851747f.pdb	fb9c5dc552bf96a3b053a84aaf0d74f7001547aa036bc7a4cc25b952425a88fb	198085
followup\states\hap_3ac73e571130.pdb	7e273fff9665555bdf18464daba7385077d3ea7ae48f5b6536c4528e82203954	198645
followup\states\hap_3aedbca6cab3.pdb	edb26583994c44e1409272a8326c3860a8bec343a070216479397f7fd56c4607	198405
followup\states\hap_3afab5ff5c75.pdb	1abaf09d5bebbb8385438525cd1ec5d644e9c5d8c9166234f671f26ed192ce64	198485
followup\states\hap_3b2d4479c9fa.pdb	f4e11e3feddc075892f6962ede41102b25d0909f18cfe2cf235b62eb11ed6eb9	197845
followup\states\hap_3bc2c720d56e.pdb	e45de05b37536fdfc5b66987e05736f5594a612f1b07154d9fd862bf354190fd	199205
followup\states\hap_3c71439e8158.pdb	6cce3f5596fb9b6553ccdf24b457c704396e775ba3f6911a0ca16eafc2753b95	198325
followup\states\hap_3d18fd593769.pdb	336be4a7bacf1a00daa972d8c6ca0fed2fde7018127ea33317a08f7ac9396aa5	198325
followup\states\hap_3d5a755ca407.pdb	568f716b7980c85b0ba0d7a9800a224fe805163150d30c62f3b1af3b684cadfc	198325
followup\states\hap_3d704e6f823c.pdb	b49df7610f4119130325952e40218be0c3edba597c8765e3f0f9cc80224552c0	198165
followup\states\hap_3e0827483f14.pdb	a85961f80091aba176cbb31e7ebd20f669091214c535f2a96a02e1014b180ced	197605
followup\states\hap_3e1b63085c0a.pdb	b98ed432f20154f8938f756060e05e5583927f8eef65219c4d9394870bc904b5	198165
followup\states\hap_3eb28b45c9fc.pdb	db3d79f1f1f51a8ff7ec1e7e12f48923e0650711a0d6c3f331e73e8851e26baa	197285
followup\states\hap_3f24f1199638.pdb	49dd1905c9da43ce813fb5af581206611ec416ad0eeccb39a44d637ac825f602	196725
followup\states\hap_3fb55fbfc879.pdb	66c0191e010caf988f3b3b56691666c27b7e3b26f9e7fb9ee7f1637bc32178ba	197685
followup\states\hap_3fea58c7a95a.pdb	288be36e8c0f3e39d4bc44221c426884c025e686674fa467a183519b507bba30	198725
followup\states\hap_401fb7cdaedd.pdb	75f5b28a497fe1b86e6c32852cfdc7caa73439c1e35ff2bf3c023637885d1a25	198085
followup\states\hap_404a8a70326a.pdb	ff6e6eee779b179474014567957948b14c76afaf29ae124df9a751f040fb9f20	198325
followup\states\hap_411dfd16bdb0.pdb	a3226b3a00d7abbf718fc9c62dc7955ee70da7fda4bbbf6839f86fc1c6ae8f23	196965
followup\states\hap_4147cce1739f.pdb	30dee049fdadc536a829df2133f009053aaae51690a1a6b0407e3452bf8716a7	198565
followup\states\hap_41c833fc1e01.pdb	be121dfcbfbe15d81236adaad9bcd6478241240febeb737c29b856e9366ee90d	198965
followup\states\hap_42239d23b30a.pdb	974acd4c6ee35232fd2892d8f7e2201cf0f885986e41b12279c1747796570942	198485
followup\states\hap_432a43a096e9.pdb	aae87554b20adcc599310201855e7be2cbbcaaa52036cefa4463df436b16b39d	198245
followup\states\hap_4344fa276439.pdb	2387796a186a18dd619849207e6a3fc5fe2e571bc7c20aafd58932c47ef4727a	198165
followup\states\hap_44dcced9feaf.pdb	88e67161ecd97455a515dbcfe7184bd5778a1f357ad422111a08049ffe454b1f	197925
followup\states\hap_457b466be6ca.pdb	789b25783d4650808826b6b4e6ad0cf7160225192c238854e3dbc81304b9aa8e	198805
followup\states\hap_45927aba2c77.pdb	7a45939b09d5df6fbe838acfbdd11a7c655fbccbeb3be222240079b3c82530b4	196725
followup\states\hap_46212cc7809d.pdb	8e2dd8f0d1a16aeaaf2abea768028f0a7b909dba6c8e776b2e66ef5baa6d3270	197365
followup\states\hap_466f19877222.pdb	64eb1993e2f5aca4ac446f97ecaa0e27201eb61b2f2331f7c581e87b6a9d6cf2	198725
followup\states\hap_467994f08e96.pdb	b2eb782967000763b793d84941f06cdd3934497923f7e69d7ce50f401f791d85	197205
followup\states\hap_46a29bc1aacd.pdb	4f0d34901bd0c7c3cff1f4d75478f92a72e4577024460776b6485fc0b346bc6b	198005
followup\states\hap_49392ac2bca3.pdb	f319f9b2b0ee0c06e5c4a2c93b8185e938178fcc765ac978276cbb202827a139	198565
followup\states\hap_493f9b4facb3.pdb	112fdfddf1e221efdbeca715e409df96b0e1afe143e236fce685a4c7a527dfb3	198325
followup\states\hap_4b16b6db166d.pdb	ab04c4f57e565d080fa35d3d2c7bf6d91e2e7e20d02f737f60728e04881a222b	198005
followup\states\hap_4b3d684fe126.pdb	564489a800cdf0ae070aedb5f9ffece8500291ceae2ae3a32335a10941d39be3	198645
followup\states\hap_4bc627dd1ade.pdb	348960821b5f2a70d9dc5c94a2627f8f0e30a87d025d6bb552b54fcc9924efe8	198325
followup\states\hap_4f033de7dc99.pdb	488f44656bf387c4e2a2267dd974b0fa05a25d40daebe68d66fc3c4c5d9c524d	198405
followup\states\hap_5066665c951d.pdb	47d945eef04b5d902ea38d3bb82dfec744cc1f03a637e25c64089b81123405e1	198325
followup\states\hap_51168ee2871b.pdb	caae7bf08f983c7aea23b12c95893aebc65b4a42b8a2617e9c9fd0ffa04ff7eb	197045
followup\states\hap_511aaedccb55.pdb	d5b0ee715f372965eea2aba70046dd11f41e095636142ceb5a189c65fd4555f4	198725
followup\states\hap_53a37587f815.pdb	dbe47f555f6f65f6973d9b59a47d32631165d0e05dbea9a56042105563d91f8e	198885
followup\states\hap_55506b955efc.pdb	f0cf1326c61244025ba47eef55fe6ac08c732937cdb1f767bee272d287d58a73	197365
followup\states\hap_5600f5d61a96.pdb	c1af41b8949e6aa52a0ba851f0eeafb586795a123a8a3c067c9d3e66b4f74e40	198405
followup\states\hap_5743866bd7c0.pdb	9996acda9a315f73e387bfcec4747963a37c9de63b290e07dbafdcfc60e01c22	198325
followup\states\hap_580499288866.pdb	8e0a6bdc87a3358a96e16ff973bed465be15031eb9dddf77316783af1a33b313	198645
followup\states\hap_5822c8a3bc94.pdb	68f1875b31a4ef7f629166913149a3e1be5a372ef71647eb7fac17a07ed45800	198085
followup\states\hap_583f63261532.pdb	ade95d71dd84f28a0124fc686b8035100b90d8a4a324093335a2422f4604b1fb	198165
followup\states\hap_584feb728774.pdb	c82a9691e2714813846b37e54abc9dcc6fbff5761f8df849b9b5f0d0a5902385	199045
followup\states\hap_59653cee8171.pdb	05d69ce61d945298e2d31456b8c9a5827a8405633c849086ea2ce9635af1e413	198325
followup\states\hap_59e92008fed7.pdb	c5c7f9a929638c687e6d0120b0f2007d45728023f82737502ed47ea6951de805	197445
followup\states\hap_5a60509757de.pdb	1364c1d2f80139ec54033fc93eb5b925f1e34d11fa8a979d00ec244ca69c77da	198645
followup\states\hap_5a87f0ca2131.pdb	e84c937957f64f00bf80b8d15f28428da8d23e1785d08f01e6bcdf1f33964789	197685
followup\states\hap_5afae1a06687.pdb	4a3755a35f18965d88b23ca61aa676a1b152f70cb96266013f0ffe90f72bc38e	198965
followup\states\hap_5bc6649c2e00.pdb	857d2804f2fc696dce40c60bd4b88222ca7199c858ceb255d148cea0fe4174aa	198485
followup\states\hap_5cbb5dcd5a0a.pdb	54fa13247cb11dd857bef03f6fb03fb679bc6c3ac48cedfdc59d5b037511607b	198885
followup\states\hap_5d07b1068e52.pdb	3215ebb07013443d60e9b7aa1ee2fe612c99554de1b1bee01eb22eeb6c6a576b	198805
followup\states\hap_5d809e937235.pdb	b06964e38eac1272822480f215b9cdcb412c7dbdc8d66630029fc20b4f604506	199205
followup\states\hap_5dbb97ffd050.pdb	909ea593ebca5b51d6ae8748d52848c5a401b7882c7c04e6c95b611f334fb649	198965
followup\states\hap_5df69fa343ae.pdb	1563c1b53f1a70ba35f0c7db735ae60fb3e19a14f51228cd70c24d96538e818e	198245
followup\states\hap_5e028ba93623.pdb	2b7d1f65a03651d6fee9862670fc4a77a4c6e263c96ad2261af0bd2a4691db8a	197605
followup\states\hap_5e410bfd0819.pdb	611d8d928c9ef2ad85904a6a0a685e142344f34fa5478de31c877e9072c30953	198245
followup\states\hap_5fbed17afcaa.pdb	53867493665127629ea68bddcb1b8ad5547abab7f8ec2969d0df35a49a947aa8	197765
followup\states\hap_61ce86a20475.pdb	f6c1f1ca907f924f3cf8a2bc782c12fe7a74b46cdd73160499f4f2a8360ae472	197525
followup\states\hap_61e9f17dd089.pdb	909ea593ebca5b51d6ae8748d52848c5a401b7882c7c04e6c95b611f334fb649	198965
followup\states\hap_62b35f9a2705.pdb	bcbb7e6bf1094e862cda783c24280adbf9ebf6c00d86fe5d01402695cfed209c	199045
followup\states\hap_632d2e7683c6.pdb	7873d2c9577c8b66bb57b7b27f94272404caf9591f715ff9b5dfdc32c6f55198	198165
followup\states\hap_664c3492a9d0.pdb	501edf968cdd93bcb8e74c6145399709c9cf0991d8bf9ed6a7aaab7b474c7dfe	198005
followup\states\hap_66dd12a519e6.pdb	5498c6d7db03797d933636120e1eebed5b30806b540545d6e11a0c922308cc40	198805
followup\states\hap_670bf769ffec.pdb	ab04c4f57e565d080fa35d3d2c7bf6d91e2e7e20d02f737f60728e04881a222b	198005
followup\states\hap_67d71b084702.pdb	9324d7230d48709f925d1e5b315a3e92b4fb779022d92b3b400caee6dcf8fb01	198245
followup\states\hap_69739a1ac41c.pdb	4a4c546c782734f86582d0421af6aa64b9b186bc09ec0d13f6b50da818ee5751	198565
followup\states\hap_69a384a8c283.pdb	7ea378e884f9be3ee5cfe7e97deb95507fa3c558ef5cabe53b3e191a7c72ed41	198565
followup\states\hap_69ec916b7e08.pdb	087e2f25441484c1b6c7373a831251c44a1e2b4af2c51393dc72fa47e19d5d44	198405
followup\states\hap_6adbf58ac80f.pdb	ca7144539e5d858d4db15985a3027fce38293f8c0dc0448621eae81dc73a46c8	198565
followup\states\hap_6c649e9c878e.pdb	a9ce29df887a5716925a6a90915ed488bbdd4387ca32912d09fafa02fb3561ed	198805
followup\states\hap_6ddd97008ec3.pdb	d8ac7dd3f57d9d618cb99d72d4f0d6f1ddf109a2ef3fe15ea2ce3de83aa34497	198405
followup\states\hap_6fbc3ef98f43.pdb	5789627fa0844ce3f833d054b3f216fc76962afa19594b267c8b55cb34821e08	198085
followup\states\hap_71819a9182a7.pdb	ca6e7788c56b106661b338c03428c1ad0f4053f166233c8e4ac9a3bb84724c7a	197125
followup\states\hap_71f411ba2df4.pdb	aeffa6da543342930aa4b76f5d00dfb428e1feb7dd54780ebf52e5cc7ada8a85	198245
followup\states\hap_731eff68aa5a.pdb	da4acceaae173c3cbf88b77767589a666907f05e5b6ad47b9302697255cd922d	197845
followup\states\hap_735e5e511348.pdb	9ea9d89e1c7eecd1b90fa5a639b8f770cefcf12cf81eeece2b6cd15644d7a1b0	198405
followup\states\hap_7368ca86163f.pdb	940fdc85b0d2e897ff8a693c6fad699f822587ab602cf0975adb32adecb0e952	198325
followup\states\hap_74bc39069707.pdb	c19ef51d23cc647ac1f10fb68b61f40f3e5737d8bb5addf682dc8f49002d8534	198085
followup\states\hap_758ab522b3c0.pdb	5d06ff4ab406341dca0d3acdc155f2f96c5a380072cf772d3bab8422d45f92f1	198085
followup\states\hap_75c4cf280887.pdb	4f0716fed2903b465d4b052e331cf32333359d0695e799bb9f90399c0285ec7a	198405
followup\states\hap_760a8f0c548b.pdb	4ae6154d428f1673f95518fd0c73824562b8faa6fba33a8537568f61e118bd89	198325
followup\states\hap_7823663f4333.pdb	dc644a157876feb67bded41deb6c82b771a102efe297c849a54c10e535b534ea	196725
followup\states\hap_813659065d21.pdb	b45e0b5cb00909c969b66daa710549f91dd211e99997b05013a5786d0334698c	197845
followup\states\hap_8154f5479934.pdb	61a3e50b37f0f319c217fd3405ada6cf9d40f89eee8ccbf66c946a1e94b18446	197925
followup\states\hap_81ad2aa172af.pdb	09dafd0c785d451d6259f86dc219a2bc92953d84cf58b437f5f7606bb2f523c7	197605
followup\states\hap_82f9ba89f0cf.pdb	42ffb95694fb34d241aa21fbec986570c5020d79cdd9867d30e3ddded6f39eb9	198725
followup\states\hap_8420593665c6.pdb	4d15b9093b1349ccbab7a39087ea2bf08fd69ce8b4b5f56121b9ce7898433409	197445
followup\states\hap_8456bda16ceb.pdb	cebf16d500c0b482283405dca03ee266bc0d3830e4e0fd00cf48c18c7c7baf37	198645
followup\states\hap_85230ef7e282.pdb	cfc1e56cc2d20f52a760aad1d64dbf391a08b727de969adb25a1ce80716207b9	198805
followup\states\hap_853f1da6332c.pdb	65864bae370909a78293fa54a0c635f70feeda1767bcc6669ffd1fcaa68182a0	197685
followup\states\hap_86f9597396f7.pdb	286478c455010068635fdd625ec0fe715c3029f6c591dff6089bfee89265c20e	198005
followup\states\hap_8706106685c2.pdb	6b87c772c90a49d47b4fac4eae6b55c089cb2a3c7a4ead45e4c0e22196bf0ece	198085
followup\states\hap_885fea8e6b12.pdb	457241089fb461abbe258c3d2dd32e9fd4521e547acdd2d94ca11612db9a45e6	198805
followup\states\hap_8865542e4624.pdb	7d614012cf1b396a7da1de555460d31de4f05293e03ad01a96f6a56100d40401	198405
followup\states\hap_89246cea44b7.pdb	0f42c9476ec329f7095f1c86fe7283aca66b852e2ede0cdea6dfe22a7a23701c	197845
followup\states\hap_8be2b18bc375.pdb	ec265b57a083f2f1c9c7c2feb41ccb4c5b284bbaeb20d3d22af49b5581c89807	197685
followup\states\hap_8bfcf278bc44.pdb	b25e895efbad353f42c194cb6909933b2f9813b84ec0b7d47fc00f8d8340388b	197925
followup\states\hap_8cf626565ba3.pdb	1a0d9d62db4d0f4f2c84b4679e4d83b8198f08bcd9c529e3634f3e1d247d4dd6	198005
followup\states\hap_8d2d9896766a.pdb	a7a2caf1449fb41c44d00f0c11da0f8cf868cb4096f356d50dc277e1433aa52e	197765
followup\states\hap_9154fd414e7f.pdb	9ea9d89e1c7eecd1b90fa5a639b8f770cefcf12cf81eeece2b6cd15644d7a1b0	198405
followup\states\hap_920a60f9511d.pdb	ca7144539e5d858d4db15985a3027fce38293f8c0dc0448621eae81dc73a46c8	198565
followup\states\hap_9223711b6737.pdb	005c4a2a0f7af01df2f07a2296ac790a0bfe47fe193bda7041badef5a0282296	198565
followup\states\hap_92be989dc654.pdb	18a9cda1b0bc8cc6475fbe49720ea2d10b3ac14c6443a5c1afb0722595c52530	198565
followup\states\hap_92c3097346fc.pdb	dd63e7c75c715d2234fc39628a9bba9574a46e6f2ff3bd23da7e1b9b7c99cf7f	197765
followup\states\hap_9367709f2d6e.pdb	ff748c605dc8a97216ec6f5ba4139d319f882caf0dc2421d9f807a555c4513cf	198725
followup\states\hap_93a6131c06c0.pdb	448cf0f86218b7bcf71b6c50ee6c07d435e07e66f9369af56ce8a1e718a1a652	198085
followup\states\hap_95af83595735.pdb	7fd5e0a3fb849adbd3c5b5a06863e0713a2d778af9696c906083f93b638b10b0	198885
followup\states\hap_95d9fa4f686a.pdb	054619369d7da2c13842e6d9c431341bcd4e61ad4c8b052e798aa09ee1d91190	198325
followup\states\hap_965616b40115.pdb	b29433f780b6f476beb856cbc4620872f3e73c043dc05f853144acd902b79699	198645
followup\states\hap_965aeffb9e39.pdb	5c2ba8f40c5cf6b117d028203f1f808964f244d82bd9bda8614f157797ac1621	197525
followup\states\hap_96879b936173.pdb	3fafb17a3f561cf96363b037950a63b5ac67986347361f15f40e73fc9696c51b	198165
followup\states\hap_98713707e6b5.pdb	0860f9c5c9f0a4323597b30f4f4d7b3c6edf0b89f073d7bba0be2a970560fdf0	198725
followup\states\hap_987614c108e7.pdb	328a251d8ae2f0424718a90060596ee336ab434b99d01cec213cad5ed563e573	197205
followup\states\hap_9950ec537849.pdb	c931be11c43c1aa6919330775f7b1a194575b3cb298cc54c52712f635ad649c4	198565
followup\states\hap_99601c735d40.pdb	b5e3416b5dae8a4e3538426dee8f4059e177f2f93ce5ca642078b5aed5bb5098	198405
followup\states\hap_99baf9719198.pdb	68f1875b31a4ef7f629166913149a3e1be5a372ef71647eb7fac17a07ed45800	198085
followup\states\hap_9a0e1b52593b.pdb	4465e3d39a54dea4d2bf461d97bbb13ed8a3abbd69918a4a8e5e1182d2b8f3ba	198245
followup\states\hap_9a703a9c38f7.pdb	08b811a601984585732490fd43e7bdfe70d47da6ac2e7065225925aa370161dc	198005
followup\states\hap_9a9bd15870cb.pdb	df3e0425a06be1a30a9993973cf22104d921945a96aa33844fb5cc3b2c3f7974	198245
followup\states\hap_9b94fbd4ba4e.pdb	3bae84d3d6ec7ae11f4d06dde749c3aad7a4858c6e2e492beae3779649571b48	197685
followup\states\hap_9cff58245a37.pdb	f323f8e69533d90d3ae3df7b3ea85759505bf1678dd75608b2a56d77636b2971	197605
followup\states\hap_9d26adf2d5b1.pdb	d9a8f9662bd7cac3342b64e7adc573cfde2f768223d8e767132f0a13ac41bf75	198565
followup\states\hap_9e22918d3221.pdb	a2e170ddb0fd1de8f208de7fd6f25bfe0331a3fa1ed6aac89f633ec1444d2333	197765
followup\states\hap_a0888fe0888d.pdb	226b28b68c548cadd665730f72f9e1e13f1f10551a81d93dbe475a0dce27b101	198085
followup\states\hap_a2b2d3739e0b.pdb	304cb79e893a3c015c90349c15ac26ceba02c809179cd8058fbe30b2119b3d73	198005
followup\states\hap_a2c016d0819d.pdb	49c0e8ce2bd3463ef70ac3eb0c6c18ff4384f347cc0d15a2eb6bde6c6a9f3c4c	198085
followup\states\hap_a6a4f553a129.pdb	83722b5226fc50b2f7d5cba23462850a96df437be8c4a8d04a499eae9f60fa58	197445
followup\states\hap_a6fefb6b65e8.pdb	f2edf24e468bcad69fc6689cb5176a12cf7e1d747bcbb5f3caf47477842ec65d	197445
followup\states\hap_a7d236aecfbf.pdb	279f6bc141098668a5a49411b85dc2735e807815156bf7899bbbd67fa955b5da	197605
followup\states\hap_a872cabfc74a.pdb	3e0184310b9509b3e9c54e4a3e45409c7c1632577d3abe4045390ba0569e8168	198245
followup\states\hap_a91182865572.pdb	66c0191e010caf988f3b3b56691666c27b7e3b26f9e7fb9ee7f1637bc32178ba	197685
followup\states\hap_a9e58d6e36a6.pdb	30c8a0bf9b9046ce3ae95de4ff856155f195bb5abc6115388323122fcca5b482	198165
followup\states\hap_ab853a26725c.pdb	896005677474a9f17048be421801db59c91ec3b7c20c471b222ae0837fc89f18	198885
followup\states\hap_ab9aea98deca.pdb	1ad6f19bf10ae00877da07a6f926c532e88e882f1a9a6ffb4ffc670c4e56cb1a	198085
followup\states\hap_add571d7773d.pdb	9bebbbf2370686d4a7eef69c39d692b87ca05a707b38af7a62ddf5379af562e1	199125
followup\states\hap_ae7862eaa985.pdb	8c2f2520945b95f29eea117c04179a2a19b30818bde030e292f3f38955c7e399	197925
followup\states\hap_b11367c0f4cd.pdb	51e8a9144f683c43ba39020f5ef32011d760d2c9f7aa93e717aa4dcf6908837e	198405
followup\states\hap_b3c702650aec.pdb	5d9afe1c246612acbf9508489a8d7dc1c63c44db0f862853627c3f7ded1857ed	197845
followup\states\hap_b49e3e5835c0.pdb	17b8abdfe8c5c5e3d2c497b5bd88e95bf6db124aae1a807e825f14d9ff6cd62f	197845
followup\states\hap_b5315ce38283.pdb	435e44009b1bd7c159d456d7e57ebe37ec1fc4065e01e45691f71380a86cf58c	198565
followup\states\hap_b69adf54331c.pdb	1d0c435b13ed1472ea79558dd7a9862d68f536c02c8b5e152ce20a95452b8634	197925
followup\states\hap_b744357aed4e.pdb	fafde25db0838cf675a58c00d6c1a5551945524b5d3cb69f25713f0f86b05548	198005
followup\states\hap_b7730442a7ce.pdb	27c789105d145e66753fafe42f64b4f0ae29b2fec9bd9b77b6311647161e6e40	198165
followup\states\hap_b8ac2db4a1a8.pdb	0ddf21ca09047087ad75b53885b2e4c733eeed5d354a273cb2bb0df5ef20ce55	198245
followup\states\hap_b913d13ad747.pdb	ba9f7a72c856dd787ffe28dd49f40d36e9e941d0b0e5c133b685185fcced19b3	197845
followup\states\hap_b948ec63031f.pdb	4d539fc0daf9c639cca4156e1b410d70dde17868504af59557e9b6424c7167d2	198325
followup\states\hap_b97d15733d95.pdb	a841594ba67f8a5e4a1648dff66f586ab1655d7976ccf54cd25a9ae227b6ecf5	198485
followup\states\hap_ba6b7469afca.pdb	d0b2e09949aae6c5721c73fa00e1fcebb80ea482df9d1241f9de347af4ef6c01	197845
followup\states\hap_bb0fdadb385d.pdb	99e81a86bf7b6567f0a8a442fd0935ebdd90bd49daa8258358092a8c3d554674	198005
followup\states\hap_bb3c71c392da.pdb	c2897a8700d91f5842aa5679d9209967869f87934de1fde11bb9fd1a0a8cef01	197685
followup\states\hap_bb3cf6a73dac.pdb	64ddff58afb0ecd88f4b21ca36de37898b3b2c3212a87271afe6e877f50c8ffd	197765
followup\states\hap_bbeeebc778d6.pdb	a5385444e311f34e024e2c8c56127b7461ec5d3707a43159b2edb6f82b2cce9d	198325
followup\states\hap_bc025c0ed86c.pdb	1cc8e241a808c91888a4ccba79da755e8074a7a8201fad838230452fb45ef770	198645
followup\states\hap_bca15fb7b932.pdb	f2e300e6302106f8e3e24d8dc55867941d7313f61969579d4bd706eba8a444da	198485
followup\states\hap_be32c5e5e38a.pdb	5e3721330955a693c4d6186f7b72a01ae9b3f5eff444ddc83e636a602aeeb7c6	197925
followup\states\hap_bf228144e65a.pdb	6eaf55704133f80801dd662b0f8ac2cb2b6e8c9af14021913c438dcd190c6054	198325
followup\states\hap_bf24099aaa71.pdb	bd1f08a261837c3afbfc1f4ac96da67d532d647c523f70ee4ca808900d435759	198965
followup\states\hap_bfa36b2e3cc5.pdb	4c759a559feed979945a898f70c725cf42c4bc8aa4e7f274990e99ed46b4e38c	197845
followup\states\hap_bfbafc50c0b3.pdb	22c2d83e6c805591cab3678606a685e74266878686cc691d68e2c5da81619ab3	198005
followup\states\hap_c02a63eedf82.pdb	685b9bc058593f2b8891088a9d6844606ccd8c4d97e87155c1ecb168c51aa749	197365
followup\states\hap_c300eb747e09.pdb	ca5581e6abde60c3e6ae5d20049948fa52994cc10a155a1a49845d63622efdda	198885
followup\states\hap_c404c593dff9.pdb	dee004cc84d381e840db4c1e3ed2ff8149deb1b20c4f6e3024b935a3ddfddc5c	198325
followup\states\hap_c5853d6f20a0.pdb	6acbc194983985496582a95b47c05232228c54d304af9bca56c19ff0889976db	198005
followup\states\hap_c688cb7972cd.pdb	eb069db360ec62e7dc43d64b2525cc290678a5866f881ad0b71402f029651f72	198085
followup\states\hap_c71869741d99.pdb	a841594ba67f8a5e4a1648dff66f586ab1655d7976ccf54cd25a9ae227b6ecf5	198485
followup\states\hap_c891c4d9f927.pdb	ee14b0dcabbe724b42ba9dfd7ee6858ea2426fcd2c85ecac131f15863777c353	198005
followup\states\hap_c902b492d646.pdb	30c8a0bf9b9046ce3ae95de4ff856155f195bb5abc6115388323122fcca5b482	198165
followup\states\hap_c98c132cce8e.pdb	bdb1e17506576a8041ff796a4d1ae510b15e82600a316fb5d1f206d3b57f1dee	198245
followup\states\hap_cc59749a2d68.pdb	81e2c9c4a0f434c3856185eee3fb7c0adac0e829ca63e0810706f52d5f8e4eaf	198405
followup\states\hap_ccf9a28d42ce.pdb	30dbd0173e50e7d6a9ad9f26af63792454ed1803474574c5fe0a03c5dbe18b41	198725
followup\states\hap_ccfb98715c00.pdb	bfe52e8a917db73add46f38f73e8e912f0eda70a0ee50d460474f04b6937a028	199125
followup\states\hap_cf282de56148.pdb	91b4bbbd01e8b7b9b19592904abd43208c53e60177c3a95e2c102c849287e658	197925
followup\states\hap_d014d08298ca.pdb	9a70744bce1187beaa66f71e496d244bb2ff89c3c706d5cd590414e7bbaff53a	198165
followup\states\hap_d06c7ab9df97.pdb	2f23ab402e1ca98094bb9834b2a2cdc70e95f6fd5e6e4cb12fa7d075ec9fe8b4	197605
followup\states\hap_d14d8e4f3af5.pdb	226b28b68c548cadd665730f72f9e1e13f1f10551a81d93dbe475a0dce27b101	198085
followup\states\hap_d1691e7e7f31.pdb	541d2f3d13230fb08c56aa0ee5bc7845f5d8f1e6c410150ae42e04a853149838	197765
followup\states\hap_d3e8e81d345f.pdb	e3a775685d959a6be20d94aafa7c6495e9dd1f9fc8d8345b53491fa69311c07d	197205
followup\states\hap_d3f86e1683ba.pdb	ee14b0dcabbe724b42ba9dfd7ee6858ea2426fcd2c85ecac131f15863777c353	198005
followup\states\hap_d5b7e2219320.pdb	61109b9a29d8ff0c1f80448cbe90f79bf5fcb2f12b7a1d39ac22a4915fc08d45	198485
followup\states\hap_d5fdc47b630a.pdb	f7e0da859884e8628f498a38d2285b33df8a1e8e5e5afd14efea116f6302047c	196805
followup\states\hap_d60f49da16b6.pdb	fb50aee43452e6e5816f8d95f9b8fe9ca17c8d599bcbd8fc41677f7602f7dfab	197925
followup\states\hap_d682dd37ff08.pdb	67ba1e8fdbadff699286877fe46119186f4e758af4122a8dae8e1d8116f45e35	198485
followup\states\hap_d74dc6941693.pdb	af2441a372c4e60de1d3c1bbff501432f69146f75a3086fdf22be46950fb7ef9	198405
followup\states\hap_d85efad20a73.pdb	02f5105665ae26c16df1f837656727612beeeec09c5677fe77be24fe25c3a00c	198485
followup\states\hap_d97b45a27a12.pdb	a1f841e3bd0f0bfb463a1f2d050d11124f91f2f33f752ffc46ac2bd7c67c0ec3	198405
followup\states\hap_da854ad07173.pdb	4da18b9022a155d6dac17c21c67e00e824924287cc2fcea02689fe5b5f7b7aaa	198245
followup\states\hap_dba1df4a76ca.pdb	433ecd4e262e8e81f2e10bdb262825cdb6cafcfe311a07dcd71eb453a85e33af	198165
followup\states\hap_e0d5fffcdf8c.pdb	ff431aae1a69803a3c4444908737fc621cbe0a7a3d17c01e85d37fb5a4de75b5	197765
followup\states\hap_e24fd649935a.pdb	95e4f472ea22c80f90da095269ecbfa127074df2396f486b4dd590a2e5f19c8e	197925
followup\states\hap_e38cd1591377.pdb	3ed7cf69223707a634a11e81f2bd1637ad6be81b3cb17c06f837128bd8bec79f	198085
followup\states\hap_e3985f585840.pdb	bfcc700321f838b2a81e0e44940393b9156aa9e1c5e743d1fa83f83b45a8fcb7	197605
followup\states\hap_e4468363bdc5.pdb	716f09f3b9b6a4b226f9c433aab9d57cda99f9418db1cdc7d2b7dca1ebb9afbe	198565
followup\states\hap_e62119a3fa82.pdb	b2c6409ad16a4bf9f2da5981cf765a7a636ce42d53ec65c28e7e4cad8396008c	198165
followup\states\hap_e6697cbeb526.pdb	ac6ace19ae88ca27c8837cdaf2fbd2150a8157cadf971919fa0e0648f1c24d8a	197045
followup\states\hap_e6f0bf51b5fc.pdb	3f8c5164bd3e8d5c0f68925cdbdc741cd5e07d8d86248970f52926247c3a5d4e	198165
followup\states\hap_e7774cd16514.pdb	a827ffcb4605806f35532df35b1b41e031925e62212cc7f7c3e0e9e0e0ada15c	198725
followup\states\hap_e7d098770935.pdb	1ae7bdd610d822047e3504cae9ee5f4f6aa1eb807f8dc5cb6dd6e1c3e84fbc7d	198325
followup\states\hap_e8c0027c60fe.pdb	029ee9d2d8793b2af7e7525b97f2dd4ba8d6a85b1ad1fcbd5724c7f3283eca25	197845
followup\states\hap_e931be56a305.pdb	5f36bcacc7ef1db4cdcb9b9fc6a5aeec6c2abcb9191bc7dd5ea4e6fcd8d7bbdf	198325
followup\states\hap_e960332232aa.pdb	715f3bb001fc2a9b124b4b24500551c44d2ee5b65f621f9efd597276c0311ba6	197845
followup\states\hap_e9ac6e36ccb4.pdb	c79aa71ee4671621f9c4591f9c4b65104e570febaae92c6fffcfbe9f03492e0c	198805
followup\states\hap_eafd9e3d251b.pdb	ae418edd311fd3562d2315426847fde65c153af02cca534a26a850d20536561f	198325
followup\states\hap_ec18e7951789.pdb	4de3874172c4b1ad6da0bb5d10edb3141139fa2879d4f0b95d2b99db98ea6cf7	198965
followup\states\hap_ecb9935b6c57.pdb	2c75406d6c520db40d7d16074041d48f8beb7361314a242fb0f53ba817a958a1	198085
followup\states\hap_ee76ec85d4ef.pdb	b01f4959e8aed26e66930d655a12fc27f8b72105b8e923368d16521dfa1a82e1	198165
followup\states\hap_eebce1043e06.pdb	7411597935d4b2028794bea21d47068cb69440995abe6afc2840e9f15d39ec16	198165
followup\states\hap_f04266417d9b.pdb	920953a72f4268b50a56fa0b5fe2fc5ccd03bc5198c84265befb16a0fb873c74	198725
followup\states\hap_f06dcf2b7141.pdb	db6c34f516000d964ca48cadfa02f4617423bc093840bbca5baabf00aafbe892	198485
followup\states\hap_f1da9d8ef954.pdb	a1fb27f408c6e0c0531c7cc4ee7e853e45723825340d4cb28e41a45ae884fc14	197285
followup\states\hap_f1e765b3df02.pdb	91e59f187be2de20e234d5fda404e9fb3159a520deed99ca779927f45ca93495	197845
followup\states\hap_f1f6ee28acbf.pdb	682e3d2a987961e2be472ae57d7f9feef38fcedbf8e710ec07d37d5d2f15fb07	198485
followup\states\hap_f232b46c41d5.pdb	19b0cc3dd79c46f4637f3f73f9b8d18d0d9c04a1a00f2dda40696e637c1a034a	197765
followup\states\hap_f2f027250752.pdb	5cf6feeaf52467f3ff743d6d9ce9b13aed973779feae05cc255fdbf72c54935e	198645
followup\states\hap_f4084412c681.pdb	63c91ecb8fae884abec776e3f374bc32c9098b6ae0155255a2e74818cc54698d	197445
followup\states\hap_f4275aaebbf2.pdb	b4bce8cd545e59e1bb7e8ee06254ba72c7050e4fe74c4d6eee5c8ff1fb9dc517	198565
followup\states\hap_f7c83fd950a1.pdb	d8e1cd5e0932b0a5a88b497331e5613c8304a02818f80d5a24869b17ea819ed0	198725
followup\states\hap_f7e22fb9d333.pdb	9f73a63ccfa24a2de1e6a0bbe668f2f4b4d6c1b868f12a6f0765eb3f06293a46	198085
followup\states\hap_f83bca2627d4.pdb	651384ecb3d859c9777f923c2f1ca2c1c67e7faf28cb322e83a65929d14d5512	197605
followup\states\hap_f9787bf70f26.pdb	91a6f3d9670307d41a0be127c2cd36ce055f3a7ce09f3dd975854e30a4ff313f	198005
followup\states\hap_f97b4af25396.pdb	6b8f3943af2ce8fd47095ae4ad3baca7da9057e8d4f5c5b362c2a228bdf36a9a	197605
followup\states\hap_f99b9e75fdf0.pdb	9b6a123dc86d0f90a639abaa87aaf4a11a5c48ea8ca7000bb8bf5759fc26c05c	197685
followup\states\hap_fcb0e6d1fa78.pdb	0524203cfac023d173f419def811bedb16e770d98298ac5ff6c5a318e45a1d5a	198405
followup\states\hap_fd4a58bed74f.pdb	46476fc85ebc30d8a2069323dfd0ecf49e6acd9cb6386b501089a771cf2bbd6d	197685
followup\states\hap_fd88252c05d4.pdb	5ce5b858cdf18bd467d2ab2dc2fe7880e4bc8947027ef5c5d0a1670b9ef0a9b1	198005
followup\states\hap_fdeed86d7a41.pdb	9b6a123dc86d0f90a639abaa87aaf4a11a5c48ea8ca7000bb8bf5759fc26c05c	197685
followup\states\hap_fef642ff1f53.pdb	38cc77405ed70aec3bdaac660b354f334e977865452e76018d5dc21251c5ebd7	198725
followup\structure_sources.tsv	a50be83cdfce5e4c6c5f3bb321e03224a354760943a77d1dbd3e8ebdda3c3118	746
followup\technical_controls.json	a78f354b11b4b6be2c27b6a6d9d22534ea10300299018dfff753fa72b4f9030f	417
followup\wt_repair_sensitivity.tsv	e68eea018e6f18c68f7bea69f338176d667607ed5bfdf58b3bc11c5d7405ad69	1865
