accession	cohort	description	genotype	subtype	query_stratum	genotype_evidence	geography	collection_date	protein_length	status	reason	record_sequence_sha256
AB047640.1	archived_retrieval	Hepacivirus hominis gene for polyprotein, complete cds, clone:JCH-1	2	2a	2a	record source/definition			3033	included		720d91d7e72909f50c5e231cd4ab7104c13aff61410ccd0eb1e0a9006e8669b2
AB047641.1	archived_retrieval	Hepacivirus hominis gene for polyprotein, complete cds, clone:JCH-2	2	2a	2a	record source/definition			3033	included		9bea2747b1327a58654722c3736d9afc7f46c6e282868a7f9d1bdc0be0a04f14
AB047642.1	archived_retrieval	Hepacivirus hominis gene for polyprotein, complete cds, clone:JCH-3	2	2a	2a	record source/definition			3033	included		dd4976cfc6a498e75c13530ea0f933a7f3ad81cd620a9ae341c7f1f53d5c448e
AB047643.1	archived_retrieval	Hepacivirus hominis gene for polyprotein, complete cds, clone:JCH-4	2	2a	2a	record source/definition			3032	included		8d523f1d41cb5616f8a84ab7489d6b38e10d11b56766d644293ba57baea809d0
AB047644.1	archived_retrieval	Hepacivirus hominis gene for polyprotein, complete cds, clone:JCH-5	2	2a	2a	record source/definition			3033	included		cb071f4730b89777f78df95e94cae613c4bbd434b5cd962313f307b5a241342e
AB047645.1	archived_retrieval	Hepacivirus hominis gene for polyprotein, complete cds, clone:JCH-6	2	2a	2a	record source/definition			3032	included		25ab75341701a5ca3bdbebd50fa4c5966aef91f63dfab03e8c6d7fcc742b7215
AB114136.1	archived_retrieval	Hepatitis C virus replicon pSGR-JFH1 gene for neomysin resistance gene product, hepatitis C virus nonstructural protein, complete cds	unknown	unknown	2a	unclassified; query term alone insufficient			2004	excluded	expanded_interface_missing	45a390e864327d11109e94ed9eaf2b05a3c35c9d9dc755cd1822128d65cd056b
AB559564.1	archived_retrieval	Hepacivirus hominis HCV gene for hepatitis C virus polyprotein, complete cds	2	2b	2b	record source/definition			3033	included		5237ca2e2c381b50e153de90279b4715e55c09ebdb569ec93c129132d7b76e1f
AB622121.1	archived_retrieval	Hepacivirus hominis gene for polyprotein, complete cds, isolate: HC10-0804	unknown	unknown	2b	unclassified; query term alone insufficient	Japan:Ibaraki	2010-08-05	3014	included		49359309c389977dce387a9c220bfa90edde6cb7e71e19853a5e03d38471af14
AB677527.1	archived_retrieval	Hepacivirus hominis gene for polyprotein, complete cds, isolate: HCV-B5808	2	2b	2b	record source/definition	Japan: Saitama, Tokorozawa	1993-11-16	3014	included		4cd0aa4763b6747a906eccc62c09c9a5b5b6087e525c11505a2edff2be6b7684
AB677528.1	archived_retrieval	Hepacivirus hominis gene for polyprotein, complete cds, isolate: HCV-M4430	2	2b	2b	record source/definition	Japan:Saitama, Tokorozawa	2010-05-12	3014	included		b4b6facc9b2223f7f3291fb2b74b53ab8362f8ff431df1e63eb83c73bc2cc638
AB677529.1	archived_retrieval	Hepacivirus hominis gene for polyprotein, complete cds, isolate: HCV-M4416	2	2b	2b	record source/definition	Japan:Saitama, Tokorozawa	1997-09-03	3014	included		4558d6ccbf47e716871965951e7c6edf77c569b7e0451373979afadc72bb2c1e
AB677530.1	archived_retrieval	Hepacivirus hominis gene for polyprotein, complete cds, isolate: HCV-M4414	2	2b	2b	record source/definition	Japan:Saitama, Tokorozawa	1998-08-22	3014	included		bc10e7ab68c3912cf5a7ea1ee4c8c243cdcab7209c25308ad8560c1c1facfdb5
AB677531.1	archived_retrieval	Hepacivirus hominis gene for polyprotein, complete cds, isolate: HCV-M4431	2	2b	2b	record source/definition	Japan:Saitama, Tokorozawa	2003-05-19	3014	included		47f3742ac5ec1a1aa2b4a5c3e35557e0707250c0a478820c95443654c069326f
AB677532.1	archived_retrieval	Hepacivirus hominis gene for polyprotein, complete cds, isolate: HCV-M2777	2	2b	2b	record source/definition	Japan:Saitama, Tokorozawa	2010-04-12	3014	included		1e98fe4b18a3cfd5759f41c42a65de72b7a9cae5fdb312434b6464a112657191
AB677533.1	archived_retrieval	Hepacivirus hominis gene for polyprotein, complete cds, isolate: HCV-M8774	2	2b	2b	record source/definition	Japan:Saitama, Tokorozawa	2011-01-12	3014	included		e4e3510171e65787b613c113dbf853a860834c506579a955fb86fbae1ddc6fde
AB690456.1	archived_retrieval	Hepatitis C virus replicon pSGR-JFH2.1 DNA, complete sequence	unknown	unknown	2a	unclassified; query term alone insufficient			2004	excluded	severe_alignment_failure	4c7365243dabc87f4a8c90ee6965444c696ef0364cee4fab0c4b53e2d9578ea0
AB690457.1	archived_retrieval	Hepatitis C virus replicon pSGR-JFH2.2 DNA, complete sequence	unknown	unknown	2a	unclassified; query term alone insufficient			2004	excluded	severe_alignment_failure	3a87af7a12dd7e66c0e28eab4356e4b45421caa7a94094daeb5750f12c8b8204
AB690458.1	archived_retrieval	Hepatitis C virus replicon pSGR-JFH2.1/Luc DNA, complete sequence	unknown	unknown	2a	unclassified; query term alone insufficient			2004	excluded	severe_alignment_failure	c569152fa2d64c328bdb7ef77936e17380d6109f94c74e4648af1a7d9948cd9c
AB690459.1	archived_retrieval	Hepatitis C virus replicon pSGR-JFH2.2/Luc DNA, complete sequence	unknown	unknown	2a	unclassified; query term alone insufficient			2004	excluded	severe_alignment_failure	b7e30e1669c1e9a16ec90016cbcd921cfd5a92e6af3504eb246b28b0ecf9c5c8
AB690460.1	expanded_retrieval	Hepatitis C virus subtype 2a genomic RNA, complete genome, strain: JFH2.1	2	2a	2a	record source/definition	Japan:Tokyo	01-Dec-2011	3033	included		2d18c2dc1b9f0fcf92c668f55c20f24de1639a2dbb6f87f2048e40fd897c5106
AB690461.1	expanded_retrieval	Hepatitis C virus subtype 2a genomic RNA, complete genome, strain: J6CF/JFH2.1	2	2a	2a	record source/definition	Japan:Tokyo	01-Dec-2011	3033	included		d6de8e08026c00f222d5bafea8d35fa96fe3ea4b220fab38e8bbfcf17d750e13
AB691599.1	archived_retrieval	Hepatitis C virus replicon pSGR-S310/Luc DNA, complete sequence	unknown	unknown	5a	unclassified; query term alone insufficient			1990	excluded	expanded_interface_missing	97f62146fbb93edd62f4f4f1e2d6e08a0412f27a2547a692154ada39163d9057
AB795432.3	expanded_retrieval	Hepatitis C virus subtype 4a genomic RNA, complete genome, isolate: HCVgenotype4a-KM	4	4a	4a	record source/definition	Japan	2012-02	3008	included		844852d8bda07deb919b75d2227fcf44a982e563d086949f64f94bdbd57a78e7
AF064490.1	expanded_retrieval	Hepatitis C virus (isolate SA13) polyprotein gene, complete cds	5	5a	5a	record source/definition			3014	included		d6811cb6940fc97f5f937d1f72127aa73645578f0fc884612b3c2f9bfee6d097
AJ278830.1	expanded_retrieval	Hepatitis C virus genomic RNA for polyprotein gene	unknown	unknown	5a	unclassified; query term alone insufficient			3011	included		13a8d50c92234987268b045968d53f9f54a07c95a6ecabb0daa6fdf056071b45
AM408911.1	expanded_retrieval	Hepatitis C virus partial gene for polyprotein, recombinant 2/5, genomic RNA	2	2	5a	record source/definition			2976	included		9a83af575c2d925fd18394fda027772faf5c71a6101670129c9febec3c13b7b7
DQ418782.1	expanded_retrieval	Hepatitis C virus subtype 4a isolate 01-09 polyprotein gene, complete cds	4	4a	4a	record source/definition	USA: Boston, MA		3009	included		8b963226fc9a1ad4dd179325efa7d398018e6d659b00776c7bdc3141318fc3f9
DQ418783.1	expanded_retrieval	Hepatitis C virus subtype 4a isolate 02-42 polyprotein gene, complete cds	4	4a	4a	record source/definition	USA: Boston, MA		3008	included		2dbbc5827895371d0dc4fbcecbe1d84f3ff4687cb461f753a74c6a7ff48413da
DQ418784.1	expanded_retrieval	Hepatitis C virus subtype 4a isolate 02C polyprotein gene, complete cds	4	4a	4a	record source/definition	USA: Boston, MA		3008	excluded	excessive_ambiguous_amino_acids	814ff46d34bb736075d8d1735be70ceecd333222ec3392bc1bb3e9e0ba326b4b
DQ418787.1	expanded_retrieval	Hepatitis C virus subtype 4a isolate F753 polyprotein gene, complete cds	4	4a	4a	record source/definition	USA: Boston, MA		3008	excluded	excessive_ambiguous_amino_acids	c5b7d4045c19e350c4649b533543f7aa29bf51c82cf417d1b43b5b6da2f78ca2
DQ418788.1	expanded_retrieval	Hepatitis C virus subtype 4a isolate F7157 polyprotein gene, complete cds	4	4a	4a	record source/definition	USA: Boston, MA		3008	included		5306c0f88f229fc8d93e24f75646111d27cbf47b1a9bfeca85ee8ef218c4f451
DQ418789.1	expanded_retrieval	Hepatitis C virus subtype 4a isolate L835 polyprotein gene, complete cds	4	4a	4a	record source/definition	USA: Boston, MA		3008	included		93238e80a2772b59ba2dc1a8f36308ed3c3abbec5c9e98233a0a30e0eb2d8bba
DQ516084.1	expanded_retrieval	Hepatitis C virus subtype 4a isolate 25 polyprotein gene, complete cds	4	4a	4a	record source/definition			3009	included		095297beda10f18b79f8c4f0f6b1ff264f29ca1b230e9929145e74b6f8524d86
DQ988073.1	expanded_retrieval	Hepatitis C virus isolate Eg2 polyprotein gene, partial cds	4	4a	4a	record source/definition	Egypt	2006	2899	included		641efecc39c2f4ecacdd836109daa3753480685b257d8226cc171f4ce74b4e96
DQ988074.1	expanded_retrieval	Hepatitis C virus isolate Eg3 polyprotein gene, partial cds	4	4a	4a	record source/definition	Egypt	2006	2932	included		430d7941f57ac47ca9d220633e0ad10d305d43d5d272c0459d8079209cf915cf
DQ988075.1	expanded_retrieval	Hepatitis C virus isolate Eg4 polyprotein gene, partial cds	4	4a	4a	record source/definition	Egypt	2006	2933	excluded	excessive_ambiguous_amino_acids	a81656e5a6c4b86944a4cc69ebfc68d478eb12aaae7c958517625f93eb8c416b
DQ988076.1	expanded_retrieval	Hepatitis C virus isolate Eg7 polyprotein gene, partial cds	4	4a	4a	record source/definition	Egypt	2006	2931	excluded	excessive_ambiguous_amino_acids	00769c872018525e1592e6312b69cd0cfa650c500118c648bcb6ff6691ce4097
DQ988077.1	expanded_retrieval	Hepatitis C virus isolate Eg9 polyprotein gene, partial cds	4	4a	4a	record source/definition	Egypt	2006	2928	excluded	excessive_ambiguous_amino_acids	0b3c2a24afa2afe9084392a4ab074a10e962f818c3f828c97a314acd6c2eb619
DQ988078.1	expanded_retrieval	Hepatitis C virus isolate Eg10 polyprotein gene, partial cds	4	4a	4a	record source/definition	Egypt	2006	2932	included		926c3414d58695f9d51a44084ea61335a64b78f567e88333439441ebdc46eb73
DQ988079.1	expanded_retrieval	Hepatitis C virus isolate Eg12 polyprotein gene, partial cds	4	4a	4a	record source/definition	Egypt	2006	2902	included		e6146bc3747dc5918f95bf1b8ee98911a49baa312c0ddd44d11a4cd7aef18adc
EF108306.2	expanded_retrieval	Hepatitis C virus QC69 subtype 7a, complete genome	7	7a	7	record source/definition	Canada		3013	included		cc75a8973a18e98546811f7490dd637211adfd66aec0c5be50efdb0cbb227ef6
EU363761.1	expanded_retrieval	Recombinant Hepatitis C virus H77C/JFH1, complete genome	unknown	unknown	4a	unclassified; query term alone insufficient			3029	included		a75cd500a9e3d6bd32962c8e595b435a87568bff8bf8284b5a564edecc1ab34b
FJ393024.1	expanded_retrieval	Recombinant Hepatitis C Virus SA13/JFH1, complete genome	5	5a	5a	record source/definition			3030	included		8d5f68e290858575bd7bcd0e73e1449286e9819a5f9c20d98ec750d581cfc1f6
GM864803.1	expanded_retrieval	Sequence 1 from Patent WO2008125119	unknown	unknown	4a	unclassified; query term alone insufficient			0	excluded	patent_record	5999ed5cac3e404a0a6cfd05d9d208de13a7e135b6b90f309ebdff0674db4ad0
GM864804.1	expanded_retrieval	Sequence 2 from Patent WO2008125119	unknown	unknown	4a	unclassified; query term alone insufficient			0	excluded	patent_record	a78f21615d0b4e7a2abcc87cf12b197845b45abeb8ec02185cd20e74b614f3a9
GM864807.1	expanded_retrieval	Sequence 5 from Patent WO2008125119	unknown	unknown	4a	unclassified; query term alone insufficient			0	excluded	patent_record	bfefe35f673cd8be7da361df34c6edce92c4050a46f7874267721bc3654614cb
GM864809.1	expanded_retrieval	Sequence 7 from Patent WO2008125119	unknown	unknown	4a	unclassified; query term alone insufficient			0	excluded	patent_record	057a0fbef83dcd702d3d31e7b0f500d3ad2747f9aa016e7ca0723acec8474056
GM864810.1	expanded_retrieval	Sequence 8 from Patent WO2008125119	unknown	unknown	4a	unclassified; query term alone insufficient			0	excluded	patent_record	b94e4498d2f87afe90ae69bef6d2d7eeeb9968f0c0a71a30aa24b38ccfc91293
GM864811.1	expanded_retrieval	Sequence 9 from Patent WO2008125119	unknown	unknown	4a	unclassified; query term alone insufficient			0	excluded	patent_record	8cff77ea78bdf9fef28f38ee68b9ab44beaa9fe495a899901d24fb508fcb1d19
GM864812.1	expanded_retrieval	Sequence 10 from Patent WO2008125119	unknown	unknown	4a	unclassified; query term alone insufficient			0	excluded	patent_record	56aedf8c869d681be7be39bde7ed0de181ffe4e9078d04a1542eb682e954ba8c
GM864813.1	expanded_retrieval	Sequence 11 from Patent WO2008125119	unknown	unknown	4a	unclassified; query term alone insufficient			0	excluded	patent_record	c53de179c931673c36cd40434b4b88cc1af2809f2556781f9f715b55a5fe1e64
GM864814.1	expanded_retrieval	Sequence 12 from Patent WO2008125119	unknown	unknown	4a	unclassified; query term alone insufficient			0	excluded	patent_record	e14830b5c253f7e7afc59016e14c4b0d87f79646bd70ce0312864dbde43bbaae
GM864815.1	expanded_retrieval	Sequence 13 from Patent WO2008125119	unknown	unknown	4a	unclassified; query term alone insufficient			0	excluded	patent_record	2f0166ee3fb0b4c80c1eca3730ca41271f4539fa69355884aafbeaf72da35a40
GM864816.1	expanded_retrieval	Sequence 14 from Patent WO2008125119	unknown	unknown	4a	unclassified; query term alone insufficient			0	excluded	patent_record	e6b3d1511e00614b54d58643c790a1bc1871f738c4f4f7570990493096f309ce
GM864817.1	expanded_retrieval	Sequence 15 from Patent WO2008125119	unknown	unknown	4a	unclassified; query term alone insufficient			0	excluded	patent_record	97cd2293738dd81056b7b47a02425ae604e2a95e7a574bccd3d5819f81e0af0d
GM864818.1	expanded_retrieval	Sequence 16 from Patent WO2008125119	unknown	unknown	4a	unclassified; query term alone insufficient			0	excluded	patent_record	51838f90a393a373856a77b82deeb42ade07e3dfc77ac24c3da1efba947b7429
GM864819.1	expanded_retrieval	Sequence 17 from Patent WO2008125119	unknown	unknown	4a	unclassified; query term alone insufficient			0	excluded	patent_record	b24a6a30ea0952d35cec206ea5806d37f0e281ccaaf101b33e091cb80c0dc9b4
GM889463.1	expanded_retrieval	Sequence 1 from Patent WO2008141651	unknown	unknown	5a	unclassified; query term alone insufficient			0	excluded	patent_record	8d5f68e290858575bd7bcd0e73e1449286e9819a5f9c20d98ec750d581cfc1f6
GM889516.1	expanded_retrieval	Sequence 54 from Patent WO2008141651	unknown	unknown	5a	unclassified; query term alone insufficient			0	excluded	patent_record	880c72a21142f856f126651aaee13fb635a1f507217d1d60266f8d5599e91ae8
GM889517.1	expanded_retrieval	Sequence 55 from Patent WO2008141651	unknown	unknown	5a	unclassified; query term alone insufficient			0	excluded	patent_record	ce34be904d6b82cf624aff90eba0de89fd106d7259f33ce1e4541f51d8ce903b
GM889518.1	expanded_retrieval	Sequence 56 from Patent WO2008141651	unknown	unknown	5a	unclassified; query term alone insufficient			0	excluded	patent_record	aee9d50ec238fd8ca3055d47df0f855d56bb6f0e2078efee52e24b0fad4cd548
GU814263.1	expanded_retrieval	Hepatitis C virus S52 polyprotein gene, complete cds	3	3	4a	record source/definition	Italy		3021	included		d03704e3e5f5e4ef877dd189822aa84b17235e10e2159a72d3e6f0de2efb9013
GU814265.1	expanded_retrieval	Hepatitis C virus ED43 polyprotein gene, complete cds	4	4	4a	record source/definition	Egypt		3008	included		8b13d344a84de07e2e39be4e7d2c2d0ee5d775c9ed247badd6a93977d49c8019
HC458486.1	expanded_retrieval	Sequence 1 from Patent WO2010017819	unknown	unknown	7	unclassified; query term alone insufficient			0	excluded	patent_record	86cc35ca5ed08d0c906bac50874c3d3e51a1de73fa7478c821d23ceae4cc17ca
HC458488.1	expanded_retrieval	Sequence 3 from Patent WO2010017819	unknown	unknown	7	unclassified; query term alone insufficient			0	excluded	patent_record	de7001a41a94d5df3a3371292f145f9764c53afb2a2e574dda9444e69103ecb8
HC458490.1	expanded_retrieval	Sequence 5 from Patent WO2010017819	unknown	unknown	7	unclassified; query term alone insufficient			0	excluded	patent_record	6fcd246f23fb7189415079b26839e1c347d4211315b8eba56fd0c2d165eb34de
HC458492.1	expanded_retrieval	Sequence 7 from Patent WO2010017819	unknown	unknown	7	unclassified; query term alone insufficient			0	excluded	patent_record	481bf2102069a04c0bfe2ab7e883b6093b5eed97f19cd1703db9b982cb5049d3
HC458494.1	expanded_retrieval	Sequence 9 from Patent WO2010017819	unknown	unknown	7	unclassified; query term alone insufficient			0	excluded	patent_record	9838c6eab14e7ee60308808ea81095b29e173a476f98a1b6d3c3ececbb12b42d
HC458508.1	expanded_retrieval	Sequence 23 from Patent WO2010017819	unknown	unknown	7	unclassified; query term alone insufficient			0	excluded	patent_record	2566b1fae55b94f8aa66fde852d679d22fe30274dd17608d36e962d978164d49
HC458509.1	expanded_retrieval	Sequence 24 from Patent WO2010017819	unknown	unknown	7	unclassified; query term alone insufficient			0	excluded	patent_record	4bac033af31bd765cfb7f7b52698ac63d77494f46ada41d9c2b700dd5d22b7a8
HC466793.1	expanded_retrieval	Sequence 7 from Patent WO2010022727	unknown	unknown	5a	unclassified; query term alone insufficient			0	excluded	patent_record	a902e951d6f0b1f52c4d64c1de295422c37ac5c8884781427a4d052d1aa69e3f
HC466794.1	expanded_retrieval	Sequence 8 from Patent WO2010022727	unknown	unknown	5a	unclassified; query term alone insufficient			0	excluded	patent_record	ef6ad48598a42a83eb8443bbe32633fe76ec24be6164a93c2c2f46490f77e918
HC466795.1	expanded_retrieval	Sequence 9 from Patent WO2010022727	unknown	unknown	5a	unclassified; query term alone insufficient			0	excluded	patent_record	ba895044c1b42529fc685cab0355aa3cded2e40437f68a377a1a88688df9fd8d
HC466796.1	expanded_retrieval	Sequence 10 from Patent WO2010022727	unknown	unknown	5a	unclassified; query term alone insufficient			0	excluded	patent_record	1edda0a64d4a506204ddabd3d14a9bd979788710cf4fa82d34328ec453486eb3
HC466797.1	expanded_retrieval	Sequence 11 from Patent WO2010022727	unknown	unknown	5a	unclassified; query term alone insufficient			0	excluded	patent_record	c26a6d2573fd0d971b0c8e1dd7540b686f92e298d05952cd5b8f3ca18327124d
HC466798.1	expanded_retrieval	Sequence 12 from Patent WO2010022727	unknown	unknown	5a	unclassified; query term alone insufficient			0	excluded	patent_record	e28b0d91890d242c3641bdd2c874151e401fddc8163269e10f4daf611e0a0682
HC466802.1	expanded_retrieval	Sequence 16 from Patent WO2010022727	unknown	unknown	5a	unclassified; query term alone insufficient			0	excluded	patent_record	e9aba8db4b0c432e9d2bd0e558e31330e4d25f925e5e91c0ae3b29ef6d78b06b
HC466803.1	expanded_retrieval	Sequence 17 from Patent WO2010022727	unknown	unknown	5a	unclassified; query term alone insufficient			0	excluded	patent_record	3cc102a9c4143025577af5ab4cbe594f32b5a5dfcaeea03341d4a8670b42557a
HC466804.1	archived_retrieval	Sequence 18 from Patent WO2010022727	unknown	unknown	5a	unclassified; query term alone insufficient			0	excluded	patent_record	bc64271448be60d3cb8dd42ba94b2138422858f683e20a86a52281d6165b2915
HC466805.1	archived_retrieval	Sequence 19 from Patent WO2010022727	unknown	unknown	5a	unclassified; query term alone insufficient			0	excluded	patent_record	fe586f8fb93310421eaacdd9532302c1996fdaac5e3ca5c18514021db2ac6067
HC466806.1	archived_retrieval	Sequence 20 from Patent WO2010022727	unknown	unknown	5a	unclassified; query term alone insufficient			0	excluded	patent_record	22b7ab05a176b7ca5807363c08424f8ef0d535f69e830d133f357afc8658547d
HC466807.1	archived_retrieval	Sequence 21 from Patent WO2010022727	unknown	unknown	5a	unclassified; query term alone insufficient			0	excluded	patent_record	73fb56e524de205c8c3e3b63d92512b6013753a33adb01dfc12f71c309c4a1f2
HQ639936.1	expanded_retrieval	Hepatitis C virus subtype 6a isolate WYHCV2 polyprotein gene, partial cds	6	6a	6a	record source/definition	China: Hunan province		3012	included		6292029880c8842c9d90f693256d65b8aed64184cf4a22bcbfc00593b0ea3a8d
HQ639938.1	expanded_retrieval	Hepatitis C virus subtype 2a isolate WYHCV51 polyprotein gene, complete cds	2	2a	2a	record source/definition	China		3033	included		ddedf41c90cf5f60f4f38af88a2a8930a3a7ee874fb7befbdb257a8780718f31
HQ639939.1	expanded_retrieval	Hepatitis C virus subtype 2a isolate WYHCV82 polyprotein gene, complete cds	2	2a	2a	record source/definition	China: Gansu province		3033	included		9670e3aac776216ab6aeb939c86c90b9e06561228d159fb3adbcb02fa769587e
HQ639943.1	expanded_retrieval	Hepatitis C virus subtype 2a isolate WYHCV283 polyprotein gene, complete cds	2	2a	2a	record source/definition	China: Yanji, Liaoning province		3033	included		8a4a55874ccc6384bb3baeb932ec1696451c595cb43ff8dc1cf9e48c37108462
HQ639944.1	expanded_retrieval	Hepatitis C virus subtype 2a isolate WYHCV286 polyprotein gene, complete cds	2	2a	2a	record source/definition	China: Yanji, Liaoning province		3033	included		1b914aac31dad5e6f2c68148496ea150259f87eb727353d93ee7bf6f3f8dbc70
HQ639945.1	expanded_retrieval	Hepatitis C virus subtype 2a isolate WYHCV315 polyprotein gene, complete cds	2	2a	2a	record source/definition	China: Gansu province		3033	included		8091a67d580410ed24bd909e27441e74281575159ba94bfc3a849ce38ca06396
HQ852458.1	expanded_retrieval	Recombinant Hepatitis C virus J6/JFH1(H77C-NS5A), complete genome	2	2a	2a	record source/definition	Denmark	24-Nov-2010	3015	included		ee32fc49f7d97c566d6f756939b12ea1b0a6a88b500270bb51817185f8af4616
HQ852459.1	expanded_retrieval	Recombinant Hepatitis C virus J6/JFH1(TN-NS5A), complete genome	2	2a	2a	record source/definition	Denmark	24-Nov-2010	3015	included		f3057ff87ffc26bbf679f6f211cf70230432d9e23b031eed83a0f4f8ba146ee1
HQ852460.1	expanded_retrieval	Recombinant Hepatitis C virus J6/JFH1(J4-NS5A), complete genome	2	2a	2a	record source/definition	Denmark	24-Nov-2010	3014	included		8d6faf1067c4887d701695313efb11c2321713dae48638dde0bb7f264314e374
HQ852461.1	expanded_retrieval	Recombinant Hepatitis C virus J6/JFH1(J6-NS5A), complete genome	2	2a	2a	record source/definition	Denmark	24-Nov-2010	3033	included		e77f0b4db68bce00c8283d8ec407a34911cdec09d4fc646130f02b5be2dfa2e0
HQ852462.1	expanded_retrieval	Recombinant Hepatitis C virus J6/JFH1(S52-NS5A), complete genome	2	2a	2a	record source/definition	Denmark	24-Nov-2010	3019	included		85f2c67eb73e135e0fc9e6e67b0d39ac5c406b4f92985d2d0de9cf553fdb192b
HQ852463.1	expanded_retrieval	Recombinant Hepatitis C virus J6/JFH1(ED43-NS5A), complete genome	2	2a	2a	record source/definition	Denmark	24-Nov-2010	3012	included		13d44c73d484c62fe1ebc16a4d3e56ed35fe0c92c1e0d122305426bf3c74c611
HQ852464.1	archived_retrieval	Recombinant Hepatitis C virus J6/JFH1(SA13-NS5A), complete genome	2	2a	5a	record source/definition	Denmark	24-Nov-2010	3017	included		600e26ade853326baf3d916eee364fa28c3db5633790e819f3f4dc2a8bf359db
HQ852465.1	expanded_retrieval	Recombinant Hepatitis C virus J6/JFH1(HK6a-NS5A), complete genome	2	2a	2a	record source/definition	Denmark	24-Nov-2010	3018	included		a22bd35dab63d0c2464ddbbb5e9dbf50eb20dd9e4cf95b4f9d59e8a3ca22e69c
HQ852466.1	expanded_retrieval	Recombinant Hepatitis C virus J6/JFH1(QC69-NS5A), complete genome	2	2a	2a	record source/definition	Denmark	24-Nov-2010	3013	included		a5f7f1de7d4462ac8629008e533e4e7e7b9953a6642d52e8c7979b03f9e84e75
HQ852467.1	expanded_retrieval	Recombinant Hepatitis C virus J6/JFH1(DH6-NS5A), complete genome	2	2a	2a	record source/definition	Denmark	24-Nov-2010	3015	included		02990536416206e04fb2774bace1ec9660eefc1074e1f0fbc5eebf56299dea94
HQ852468.1	expanded_retrieval	Recombinant Hepatitis C virus J6/JFH1(HCV1-NS5A), complete genome	2	2a	2a	record source/definition	Denmark	24-Nov-2010	3015	included		ddb33b138457739d1fcd02f0a2b01ee86a0c3a1ba37bd41275f377f5ad0a75b3
HQ852469.1	expanded_retrieval	Recombinant Hepatitis C virus J6/JFH1(J1-NS5A), complete genome	2	2a	2a	record source/definition	Denmark	24-Nov-2010	3015	included		9725e04f1aec5cb9182cbc9ef224fa027f2371cfb7d9a3720595a3e1326d7762
JA206597.1	expanded_retrieval	Sequence 3 from Patent WO2011038737	unknown	unknown	4a	unclassified; query term alone insufficient			0	excluded	patent_record	f79c4055cfa906614368aee21df1741b5cd503c0af520c356c6940f3df5d7a00
JA206598.1	expanded_retrieval	Sequence 4 from Patent WO2011038737	unknown	unknown	4a	unclassified; query term alone insufficient			0	excluded	patent_record	a0ce2f3ff569d3e761198940d57eb8e575eb86d8e4174e98fe0aa3549ee1b381
JF343785.2	expanded_retrieval	Recombinant Hepatitis C virus ED43(5'UTR-NS2)/JFH1_T827A,T977S, complete genome	4	4a	4a	record source/definition	Denmark	14-Feb-2011	3029	included		0887760e37d6c442066ef90d569b37e4844437e4ef61bf97c39106e4acf83951
JF343786.2	archived_retrieval	Recombinant Hepatitis C virus SA13(5'UTR-NS2)/JFH1_A1022G,K1119R, complete genome	5	5a	5a	record source/definition	Denmark	14-Feb-2011	3030	included		6b1dca88e9f4858dda7cfb9d9a28093b46067587b07f1103bde2801770c79708
JF343787.2	expanded_retrieval	Recombinant Hepatitis C virus HK6a(5'UTR-NS2)/JFH1_F350S,N417T, complete genome	6	6a	2a	record source/definition	Denmark	14-Feb-2011	3035	included		0985e1cc1d76cbcc8521878eb3c3f83a30bf4830bbafa654659c56af6e6504b2
JF735127.1	expanded_retrieval	Hepatitis C virus isolate QC108, complete genome	4	4	4a	record source/definition	Canada		3011	included		b9e87625047531010bcae407ff427dc3ecb0940cdc8be9b6b9eb99d74382658e
JF735128.1	expanded_retrieval	Hepatitis C virus isolate QC126, complete genome	4	4q	4a	record source/definition	Canada		3007	included		dde60b4a28e48ca7e9345600ebf37c4e7fb1542cf5f5f673a5e9987183f393d5
JF735129.1	expanded_retrieval	Hepatitis C virus isolate QC127, complete genome	4	4	4a	record source/definition	Canada		3006	included		2718841acc55e81251131c4db3e88d55684d1be14b36ffdee01774d7603a0b79
JF735130.1	expanded_retrieval	Hepatitis C virus isolate QC132, complete genome	4	4	4a	record source/definition	Canada		3007	included		d2e98a0199a979833771fd77a88503e3463ec399c240a8c34ac4b47bac4b17fd
JF735131.1	expanded_retrieval	Hepatitis C virus isolate QC147, complete genome	4	4	4a	record source/definition	Canada		3006	included		83e3254815eae5fe20edceebb4187b590f2cb5858d52c7930f00e6c5fcc3befd
JF735132.1	expanded_retrieval	Hepatitis C virus isolate QC215, complete genome	4	4	4a	record source/definition	Canada		3042	included		04409df2d080c444a7fb19fdc2a46db42ebd0e1dbacbcd3c895a5841e112f055
JF735133.1	expanded_retrieval	Hepatitis C virus isolate QC218, complete genome	4	4q	4a	record source/definition	Canada		3007	included		e59e2f10371009256370fec5d4349773f2ba384ad4bbdbbaaa6491edd32cd7d6
JF735134.1	expanded_retrieval	Hepatitis C virus isolate QC253, complete genome	4	4	4a	record source/definition	Canada		3011	included		d8a60a226e87ba7e0e5af8c28f850b370f51b89ecde66ba00f92f1310de3177f
JF735135.1	expanded_retrieval	Hepatitis C virus isolate QC352, complete genome	4	4	4a	record source/definition	Canada		3007	excluded	excessive_ambiguous_amino_acids	e279324de978bb2f212eef6f12f74c0ac7a73125f3b53e91db849c02fc4af745
JF735136.1	expanded_retrieval	Hepatitis C virus isolate QC361, complete genome	4	4	4a	record source/definition	Canada		3009	excluded	excessive_ambiguous_amino_acids	ab4ce952e369e2ca9bc4fae5d164bd15edbef762d6eb9591d6481f47cbcb25c3
JF735137.1	expanded_retrieval	Hepatitis C virus isolate QC429, complete genome	4	4a	4a	record source/definition	Canada		3007	included		9e03f6f430dd48eb4d7b3d740f66d76e61af84336579c3a569d39aa6a20ae784
JF735138.1	expanded_retrieval	Hepatitis C virus isolate QC58, complete genome	4	4	4a	record source/definition	Canada		3012	excluded	excessive_ambiguous_amino_acids	1ba3da0fc50ebc370c580a60992ee9d7f5310db834942b74de04314762424285
JN180452.1	archived_retrieval	Recombinant Hepatitis C virus J6/JFH1-J6, complete genome	2	2a	5a	record source/definition			3033	included		3386255e918741f9d64673d66c0923464c5c07a5b0e23c97a704fedf4ae7d35f
JN180453.1	archived_retrieval	Recombinant Hepatitis C virus J6/JFH1-S52, complete genome	2	2a	5a	record source/definition			3033	included		af90ac672bf7a2fbd509ab4873a893692b6422a5950c4c591c5e6ab338d8eaa4
JN180454.1	archived_retrieval	Recombinant Hepatitis C virus J6/JFH1-SA13, complete genome	2	2a	5a	record source/definition			3033	included		5b4288170232f175a0d05b3eb39e16a7dbdae53802957cb2f0c4d0681578235b
JN180455.1	archived_retrieval	Recombinant Hepatitis C virus J6/JFH1-HK6a, complete genome	2	2a	5a	record source/definition			3033	included		e3aa0726a42c580d509ae2e4731b8bb266f6973d147c25d357a00b5bf9b33948
JN180456.1	archived_retrieval	Recombinant Hepatitis C virus J6/JFH1-452, complete genome	2	2a	5a	record source/definition			3033	included		5c2030b3f9e9697a5f781826771557c13e6c01b5fbdda8570960baea5ef99125
JN180457.1	archived_retrieval	Recombinant Hepatitis C virus J6/JFH1-K3a.650, complete genome	2	2a	5a	record source/definition			3033	included		c97e38275d0126b1a326a09e4ebbf8332d9a71f6b40ac5a925177d9eddb729be
JN180458.1	archived_retrieval	Recombinant Hepatitis C virus J6/JFH1-NZL1, complete genome	2	2a	5a	record source/definition			3033	included		dc72401498745c97d139daf36baed2d084bf6ca1f427e22837624909eb9f844a
JN180459.1	archived_retrieval	Recombinant Hepatitis C virus J6/JFH1-JCH2, complete genome	2	2a	5a	record source/definition			3033	included		f7008d3767b2425add7d4107bc4f15e899496c8f7f6ebe0f92c63368131ce799
JN180460.1	archived_retrieval	Recombinant Hepatitis C virus J6/JFH1-JCH4, complete genome	2	2a	5a	record source/definition			3033	included		5fbb2aab98067bea45774fd2be7b7f24b118cd01513b8980d52d3973c416b12d
JQ745651.1	expanded_retrieval	Hepatitis C virus clone J8CF, complete genome	2	2b	2a	record source/definition	Denmark	16-Jan-2012	3033	included		e6345ebbb9324830d0437f66d4ea0d206e5d5c721addd97083a0335b62b81450
JX014307.1	expanded_retrieval	Hepatitis C virus clone JFH1-ad16, complete genome	2	2a	2a	record source/definition			3033	included		04cc5aaf18da99e6181dc2bb3867901bb0128057bf0f3e97082294bc55267d0b
JX826592.1	expanded_retrieval	Recombinant Hepatitis C virus 3a-2a (SA1/JFH1), complete genome	unknown	unknown	2a	unclassified; query term alone insufficient		07-May-2008	3035	included		c3afd7582832338dd13a8a39ce24f57fbc65068e6bd7ffe069538a613635b652
KC767829.1	archived_retrieval	Hepatitis C virus isolate ZADGM2088 polyprotein gene, partial cds	5	5a	5a	record source/definition	South Africa	16-Apr-2011	2917	included		49aadc560a283d763bb657b116575ac3ce6f0c136f404a9275817b2f66c61696
KC767830.1	archived_retrieval	Hepatitis C virus isolate ZADGM2582 polyprotein gene, partial cds	5	5a	5a	record source/definition	South Africa	21-Apr-2010	2916	included		281c63fc258d2ca51238d08bf2a50a8195451d1608cff669b33889310b517d42
KC767831.1	archived_retrieval	Hepatitis C virus isolate ZADGM869 polyprotein gene, partial cds	5	5a	5a	record source/definition	South Africa	31-Jan-2007	2918	included		d687ee5d890ef2a17038e64e489e8b6e85fe49ebba224ae4d7de3da657a42322
KC767832.1	archived_retrieval	Hepatitis C virus isolate ZADGM0518 polyprotein gene, partial cds	5	5a	5a	record source/definition	South Africa	07-Jun-2011	2919	included		d3ecf279c1dd6039380a9bc29a298ff96fa20b931ecc25877f8c464d4494d0eb
KC767833.1	archived_retrieval	Hepatitis C virus isolate ZADGM1104 polyprotein gene, partial cds	5	5a	5a	record source/definition	South Africa	23-Feb-2011	2715	excluded	expanded_interface_missing	ba0113a497be8a1b2a1689529ae1217a9fdae37fad3296debab2a17950e7fe1b
KC767834.1	archived_retrieval	Hepatitis C virus isolate ZADGM3013 polyprotein gene, partial cds	5	5a	5a	record source/definition	South Africa	09-May-2010	2914	included		d0e09a66803b298b4adb2b070dc69e70e5c96cce3f1a7897e714f8a044d130b0
KC844043.1	expanded_retrieval	Hepatitis C virus subtype 2a isolate ZS623 polyprotein gene, complete cds	2	2a	2a	record source/definition	China	2011	3033	included		070144d4160f4f06cb511b5d43ddc9169ba2a881d68d9d758f156834a1c594e9
KC844046.1	archived_retrieval	Hepatitis C virus subtype 5a isolate ZS631 polyprotein gene, complete cds	5	5a	5a	record source/definition	China	2011	3014	included		d10f42a4079a3f2c479c5ba7f5adbc9e0a3862a11a9a1bd893144156e9342525
KC967476.1	expanded_retrieval	Hepatitis C virus isolate T9/JFH1, complete genome	2	2a	2a	record source/definition	Denmark	01-Mar-2012	3033	included		036df75aa5bdc1f06d3841850580dfc4352d26ac8ff993b52616fc69c8b35c1b
KF268446.1	expanded_retrieval	Mutant Hepatitis C virus isolate Ad-JFH1-DeltaV3-EGFP, complete genome	2	2a	2a	record source/definition	USA	01-May-2012	3247	included		0b8d2701fc369ae5d856e7e125835b26529baa18078cfc01453c7b5e13b0e75f
KF373567.1	archived_retrieval	Hepatitis C virus isolate ILBS polyprotein gene, complete cds	5	5a	5a	record source/definition	India	23-Mar-2012	3014	included		9715b1d833cd8d53d9a977fb4f0b2a16dd3b2adda8b06c3434f9d0b574071985
KF676351.1	expanded_retrieval	Hepatitis C virus subtype 2a isolate PR63, complete genome	2	2a	2a	record source/definition	China		3033	included		fd3610f7288db429599372f7b45220ea90ad2076e5f5915cf3afde05f9912432
KF676352.1	expanded_retrieval	Hepatitis C virus subtype 2a isolate PR63cc, complete genome	2	2a	2a	record source/definition	China		3033	included		ad7e969ce3a37baeccf69b0e60b170a0e6f8bec122636813ee9c7d5d2af97658
KF693776.1	expanded_retrieval	Recombinant Hepatitis C virus J6/JFH1-H77(NS4A), complete genome	2	2a	2a	record source/definition	Denmark	22-Sep-2013	3033	included		8e45e46f5cc33a1202ac729425f340c53ae2411ba6cbfc727a1bf6c3e0a44e03
KF693777.1	expanded_retrieval	Recombinant Hepatitis C virus J6/JFH1-TN(NS4A), complete genome	2	2a	2a	record source/definition	Denmark	22-Sep-2013	3033	included		8747905ecf9b8b510817cb942721baf7fbbed75d9367394a10a588ecd09f3d4a
KF693778.1	expanded_retrieval	Recombinant Hepatitis C virus J6/JFH1-J4(NS4A), complete genome	2	2a	2a	record source/definition	Denmark	22-Sep-2013	3033	included		ad0f0e078bd8e78dc609fa7a58b75e29ab2aa73bedc0aa785d6607005a8f1523
KF693779.1	expanded_retrieval	Recombinant Hepatitis C virus J6/JFH1-J6(NS4A), complete genome	2	2a	2a	record source/definition	Denmark	22-Sep-2013	3033	included		3ea4536ed040cd4d9951e5edea6617f69bbb4e6560c56cd7f3f4b10b4940e8d1
KF693780.1	expanded_retrieval	Recombinant Hepatitis C virus J6/JFH1-ED43(NS4A), complete genome	2	2a	2a	record source/definition	Denmark	22-Sep-2013	3033	included		1c0f4983c9138136f87e1257427d2c4605bf1e4cad21c1a9eb1325d8d2cdbb36
KF693781.1	archived_retrieval	Recombinant Hepatitis C virus J6/JFH1-SA13(NS4A), complete genome	2	2a	5a	record source/definition	Denmark	22-Sep-2013	3033	included		5770ca75294f3fd8ba2ca727eea1121be6f81927db96c19ee73ec92a2ae8c516
KF693782.1	expanded_retrieval	Recombinant Hepatitis C virus J6/JFH1-HK6a(NS4A), complete genome	2	2a	2a	record source/definition	Denmark	22-Sep-2013	3033	included		710767e22147b27686058c754d193ac4d6b71911d424422bb87ac17653c75131
KF693783.1	expanded_retrieval	Recombinant Hepatitis C virus J6/JFH1-QC69(NS4A), complete genome	2	2a	2a	record source/definition	Denmark	22-Sep-2013	3033	included		a97abf8b00bdca8be70840ed3af7ba8610b9d634b4b8216b3acc1c869c25697b
KF700370.1	expanded_retrieval	Hepatitis C virus clone JFH1-AM120, complete genome	2	2a	2a	record source/definition	USA	Oct-2010	3033	included		8a738b3f197cf31ee142df36f31c6a109740649474d38be2c080632afbde86c7
KJ678761.1	expanded_retrieval	Hepatitis C virus isolate GZ0307, complete genome	6	6a	6a	record source/definition	China: Guangzhou		3019	included		61ebe61158c0f43c848ed7c70bcfff8dfd7ea0733bf29f8e18ec88359e9eef9e
KJ678762.1	expanded_retrieval	Hepatitis C virus isolate GZ0311, complete genome	6	6a	6a	record source/definition	China: Guangzhou		3019	included		69c643a8f63700092eef1896ab2b3254ca8dd9e63f3f5b79bbb89d3c3ec7dd14
KJ678763.1	expanded_retrieval	Hepatitis C virus isolate GZ0313, complete genome	6	6a	6a	record source/definition	China: Guangzhou		3018	included		ab3b4a9a8665f81890e1cfd1efac5271ba7410d7e3a3b9f4bfe64eadc0eec037
KJ678764.1	expanded_retrieval	Hepatitis C virus isolate GZ0366, complete genome	6	6a	6a	record source/definition	China: Guangzhou		3019	excluded	excessive_ambiguous_amino_acids	893777c0c1002af8459acff5d6226a9741c452db407f8f069712a42b328cee0c
KJ678765.1	expanded_retrieval	Hepatitis C virus isolate GZ0545, complete genome	6	6a	6a	record source/definition	China: Guangzhou		3019	included		2a0ecfbdb4097ca48d1dc16b4248cacb2fcf65eb3d7a6fadfca373d75861f2ab
KJ678766.1	expanded_retrieval	Hepatitis C virus isolate GZ1, complete genome	6	6a	6a	record source/definition	China: Guangzhou		3019	included		23680cbaf3c371cc45bd379282921c3f14fc9cfa79381aad8e6121aa45a1ca85
KJ678767.1	expanded_retrieval	Hepatitis C virus isolate HH064, complete genome	6	6a	6a	record source/definition	China: Honghe, Yunnan		3019	included		901d79a71747984544cbe4430832277a2288470f50ba5a7ac4dc8ed0d719163e
KJ678768.1	expanded_retrieval	Hepatitis C virus isolate HH075, complete genome	6	6a	6a	record source/definition	China: Honghe, Yunnan		3019	included		981289c8c1a1a1c2c8bfe466f3c6b72cb6c3344ff2ec2b94e6e245d42aea0019
KJ678769.1	expanded_retrieval	Hepatitis C virus isolate HH081, complete genome	6	6a	6a	record source/definition	China: Honghe, Yunnan		3019	included		c5344d84925f5661b5d9840366f4758bd486978fe1e06410e13dbe518f6d610a
KJ678770.1	expanded_retrieval	Hepatitis C virus isolate HH093, complete genome	6	6a	6a	record source/definition	China: Honghe, Yunnan		3019	included		58922fe7f8b19cfaf9a873c6d891c66483e47d931b51e9fd54ce7b95a92c027c
KJ678771.1	expanded_retrieval	Hepatitis C virus isolate QC158, complete genome	6	6a	6a	record source/definition	Canada		3019	included		6306168310b754cde6d58460c488675f92e3d54fd547a6817d31baa2a99da6bf
KJ678772.1	expanded_retrieval	Hepatitis C virus isolate QC168, complete genome	6	6a	6a	record source/definition	Canada		3019	included		24ce95e29a030de2684d5b23263f41a360d1409c96c16afc39278ef874c2d808
KJ678773.1	expanded_retrieval	Hepatitis C virus isolate QC169, complete genome	6	6a	6a	record source/definition	Canada		3019	included		2ba11c7e4e3e5ddeba8231e09c757f184f28af4d3a5e8b59e1f949f2e281e04f
KJ678774.1	expanded_retrieval	Hepatitis C virus isolate QC242, complete genome	6	6a	6a	record source/definition	Canada		3020	included		6d744f79fc8f7e91a4f4f56bd5a75588493254d1b2fe17fb81aafe6944dd5b6d
KJ678775.1	expanded_retrieval	Hepatitis C virus isolate QC26, complete genome	6	6a	6a	record source/definition	Canada		3019	included		17dd5ea61754e3a9bf6e55b980e12191067ae03e2db4df917de25dc5cd1c7e27
KJ678776.1	expanded_retrieval	Hepatitis C virus isolate QC296, complete genome	6	6a	6a	record source/definition	Canada		3019	excluded	excessive_ambiguous_amino_acids	62189c4ac015321ec33da4cf16f5b6be86bb96eb04f1eb03fb8d7b9080b67fba
KJ678777.1	expanded_retrieval	Hepatitis C virus isolate QC318, complete genome	6	6a	6a	record source/definition	Canada		3018	included		bb330d5fe276ba84fb0016755be986f0f2feb918b77625c43fa3231bfe19438b
KJ678778.1	expanded_retrieval	Hepatitis C virus isolate QC338, complete genome	6	6a	6a	record source/definition	Canada		3019	included		ce15c051fba79fa5b2c99e8b75b9fa7747178432199ff916e8be0c6d3387baec
KJ678779.1	expanded_retrieval	Hepatitis C virus isolate QC421, complete genome	6	6a	6a	record source/definition	Canada		3019	included		3b7156d3b388e4a47851e73e0a055790717864d44f16004e554a5306a4de8c36
KJ678780.1	expanded_retrieval	Hepatitis C virus isolate QC453, complete genome	6	6a	6a	record source/definition	Canada		3018	included		a50a0127491465a1f3bde37ff7ae3c07aa7ef31bb1776f7d01faa034be1c0b5d
KJ678781.1	expanded_retrieval	Hepatitis C virus isolate SW11, complete genome	6	6a	6a	record source/definition	China: Shanwei, Guangdong		3019	included		c90296b87556bd165debe20f2dee6d23c9931d4c95a044cd1bc2da842d63e654
KJ678782.1	expanded_retrieval	Hepatitis C virus isolate SW173, complete genome	6	6a	6a	record source/definition	China: Shanwei, Guangdong		3019	included		6e6442026a8db3ce603b365794e46536fb06b29d229da11982c80293010559a1
KJ678783.1	expanded_retrieval	Hepatitis C virus isolate SW200, complete genome	6	6a	6a	record source/definition	China: Shanwei, Guangdong		3019	included		5baf2c6c32bfa9a08463a58ed8b75b2f6cfea12fb01ad0dc10671413355f4831
KJ678784.1	expanded_retrieval	Hepatitis C virus isolate SZ593, complete genome	6	6a	6a	record source/definition	China: Shenzhen, Guangdong		3019	included		fa3c889c25ac90bca739dc597f0df01ecb7868b3ddabb00a78f9eea611d52844
KJ678785.1	expanded_retrieval	Hepatitis C virus isolate SZ826, complete genome	6	6a	6a	record source/definition	China: Shenzhen, Guangdong		3019	excluded	excessive_ambiguous_amino_acids	443514821051f6391d3fca5c6d1743005e91039c5be0ac25cf737e0ec0cfc7e2
KJ678786.1	expanded_retrieval	Hepatitis C virus isolate TV470, complete genome	6	6a	6a	record source/definition	Viet Nam: Ho Chi Minh City		3019	excluded	excessive_ambiguous_amino_acids	b445eda60fa57fe47632d5a9ad07c4f77ff7e801bc70467fc76e53db5a602d47
KJ678787.1	expanded_retrieval	Hepatitis C virus isolate TV472, complete genome	6	6a	6a	record source/definition	Viet Nam: Ho Chi Minh		3019	included		04e890b1cb146d683742e7318be6733abfc3f00332d41ffddb6b9992c79c6c5a
KJ678788.1	expanded_retrieval	Hepatitis C virus isolate TV475, complete genome	6	6a	6a	record source/definition	Viet Nam: Ho Chi Minh		3019	included		f5b898745df2bf973343c1560b25aab0c64a82ffbe0979728708866ba8c4f025
KJ678789.1	expanded_retrieval	Hepatitis C virus isolate TV477, complete genome	6	6a	6a	record source/definition	Viet Nam: Ho Chi Minh		3019	excluded	excessive_ambiguous_amino_acids	199ab750adb9fbd8fb3b32d84b73e1de53b7488d244948d227792923281d8b84
KJ678790.1	expanded_retrieval	Hepatitis C virus isolate TV486, complete genome	6	6a	6a	record source/definition	Viet Nam: Ho Chi Minh		3019	included		da9b8d22f724a56ccb15b979c180e13e7eecaaa9371f5c56d72c740df0ebf4e0
KJ678791.1	expanded_retrieval	Hepatitis C virus isolate TV487, complete genome	6	6a	6a	record source/definition	Viet Nam: Ho Chi Minh		3019	included		ed3653974930e176ee9c84a0912134e5c97886a8fd89a6a6b093f883bfb82abd
KJ678792.1	expanded_retrieval	Hepatitis C virus isolate TV491, complete genome	6	6a	6a	record source/definition	Viet Nam: Ho Chi Minh		3019	included		1387d259009386915770ac9de67ebdca85dd555eddbd0cce4c9021757204b9bc
KJ678793.1	expanded_retrieval	Hepatitis C virus isolate TV517, complete genome	6	6a	6a	record source/definition	Viet Nam: Ho Chi Minh		3019	included		7b2ae4bd3d8cf8e8def37e758577ddcae64b964662bb3682c571994c8951ca8d
KJ678794.1	expanded_retrieval	Hepatitis C virus isolate TV525, complete genome	6	6a	6a	record source/definition	Viet Nam: Ho Chi Minh		3019	included		4613e966473c00fbd74f0d3eb0f79b8d1d82d4550f335aa7c76a085c5f4df809
KJ678795.1	expanded_retrieval	Hepatitis C virus isolate TV529, complete genome	6	6a	6a	record source/definition	Viet Nam: Ho Chi Minh		3019	included		3769a90bea1ee1ed46f197899227c8a485557d68ef1f59788cb799500a463e1d
KJ678796.1	expanded_retrieval	Hepatitis C virus isolate TV531, complete genome	6	6a	6a	record source/definition	Viet Nam: Ho Chi Minh		3019	included		053d539d368173526f7ec4950977a49c25d9ba0e6a7e9892308064d7f3a205de
KJ678797.1	expanded_retrieval	Hepatitis C virus isolate TV547, complete genome	6	6a	6a	record source/definition	Viet Nam: Ho Chi Minh		3019	included		90940cfaaf6adada215b575f419750cc3aa8bc5c280498b57630f8617771dc3a
KJ678798.1	expanded_retrieval	Hepatitis C virus isolate TV551, complete genome	6	6a	6a	record source/definition	Viet Nam: Ho Chi Minh		3019	included		cb2feccf68fb71e32e51e88461a06ca3e87fb243ce6a12e2cf66ad2d58193741
KJ678799.1	expanded_retrieval	Hepatitis C virus isolate TV559, complete genome	6	6a	6a	record source/definition			0	excluded	no_annotated_CDS_translation	5b0b77524384d084e99a828b6dfba91514adfda4dfcf24cf9eb1e53a05940f29
KJ678800.1	expanded_retrieval	Hepatitis C virus isolate TV563, complete genome	6	6a	6a	record source/definition			0	excluded	no_annotated_CDS_translation	0e440722d95a2dac0b636b70e6c3b0172f5bfe5fd72d183ab8800d37a0cc9f47
KJ678801.1	expanded_retrieval	Hepatitis C virus isolate TV564, complete genome	6	6a	6a	record source/definition			0	excluded	no_annotated_CDS_translation	5014b7ae242dd633c2c0f5983334f08098f5223fd2609a478ca655c65b0421fe
KJ678802.1	expanded_retrieval	Hepatitis C virus isolate TV569, complete genome	6	6a	6a	record source/definition			0	excluded	no_annotated_CDS_translation	e0fcc6839f471d9230da39b08c18d28bd063ce9087acf05aaaffa2b130a84b08
KJ678803.1	expanded_retrieval	Hepatitis C virus isolate TV571, complete genome	6	6a	6a	record source/definition			0	excluded	no_annotated_CDS_translation	938b7ca1993e7f8f426c2d20d0505adb77dd89f1fa9dfc7d4a2afbd8de378130
KJ678804.1	expanded_retrieval	Hepatitis C virus isolate TV574, complete genome	6	6a	6a	record source/definition			0	excluded	no_annotated_CDS_translation	17e4ea71a68957477c20bf9a17b6982f677e7d8d789252556f3eae79c18319a3
KJ678805.1	expanded_retrieval	Hepatitis C virus isolate TV577, complete genome	6	6a	6a	record source/definition			0	excluded	no_annotated_CDS_translation	f9521cf8e76a4f96f97c17b1197ddc61e4eb065f471548c62f01608b23edbf72
KJ678806.1	expanded_retrieval	Hepatitis C virus isolate TV578, complete genome	6	6a	6a	record source/definition			0	excluded	no_annotated_CDS_translation	e3ae1bd335433602e07a0753dba06f13c1441cd5bba65d4878ef09135b6a818b
KJ678807.1	expanded_retrieval	Hepatitis C virus isolate TV585, complete genome	6	6a	6a	record source/definition			0	excluded	no_annotated_CDS_translation	1209bb2f354a6740b9c18a5cf73094c809490ba81169bf9b8a9a3cd586dc225f
KJ678808.1	expanded_retrieval	Hepatitis C virus isolate TV589, complete genome	6	6a	6a	record source/definition			0	excluded	no_annotated_CDS_translation	f4107ffcc919362154a4b74f3a56daf171b9dec4a2a9868a2353bca30cb007ec
KJ678809.1	expanded_retrieval	Hepatitis C virus isolate VN541, complete genome	6	6a	6a	record source/definition			0	excluded	no_annotated_CDS_translation	e51ddb5ba064c348399f8b8f07e821c51fdb56c43c30a40fba5a64209a961d14
KJ678810.1	expanded_retrieval	Hepatitis C virus isolate VN865, complete genome	6	6a	6a	record source/definition			0	excluded	no_annotated_CDS_translation	56b690ed4080852b74c3b3d1390fc3ba2df53ab0c99882c7e22a4cc671793356
KJ678811.1	expanded_retrieval	Hepatitis C virus isolate VN930, complete genome	6	6a	6a	record source/definition			0	excluded	no_annotated_CDS_translation	32e7d0553dd08070b2ee3ef6057568c5ce7569192fa839857b7fd53323ab1d77
KJ678812.1	expanded_retrieval	Hepatitis C virus isolate WS083, complete genome	6	6a	6a	record source/definition			0	excluded	no_annotated_CDS_translation	05dd8ecb4e2d5450a272c4158683d8ae15d6a1367b36338c33cc96f803a34b39
KJ678813.1	expanded_retrieval	Hepatitis C virus isolate ZS221, complete genome	6	6a	6a	record source/definition			0	excluded	no_annotated_CDS_translation	c697951619c5125ab7b68a784beaf30da43fac037d4dbd7491730cc8021a50ed
KJ678814.1	expanded_retrieval	Hepatitis C virus isolate ZS526, complete genome	6	6a	6a	record source/definition			0	excluded	no_annotated_CDS_translation	8c445531c7c5d651cd0c8f150d2ed8c0fcb75a58f431105001104a1aa42f62c4
KJ678815.1	expanded_retrieval	Hepatitis C virus isolate ZS548, complete genome	6	6a	6a	record source/definition			0	excluded	no_annotated_CDS_translation	01b266a19d67eb17124fad614fa1acf4c587d80188f1824561df8974c005fe92
KJ678816.1	expanded_retrieval	Hepatitis C virus isolate ZS653, complete genome	6	6a	6a	record source/definition			0	excluded	no_annotated_CDS_translation	fae3372bc3a8b77a4fa91fedebebed2611ff01809474e5e16c339f4a8bfc92bf
KJ678817.1	expanded_retrieval	Hepatitis C virus isolate ZS674, complete genome	6	6a	6a	record source/definition			0	excluded	no_annotated_CDS_translation	8f424b51e982cf2992e4869764b162c104cf7973b539b6eb31cf6cc8d314d4e6
KJ925146.1	archived_retrieval	Hepatitis C virus strain SA1, complete genome	5	5a	5a	record source/definition	South Africa		3014	included		c8a9d8f5797c892f74b8f04a6db0ec2343ddee20f12764991b60fac44b74ce20
KJ925147.1	archived_retrieval	Hepatitis C virus strain SA2, complete genome	5	5a	5a	record source/definition	South Africa		3014	included		e00d8526e9cfdd8b0c4fe6ac9fc0e88fb277cc5a3045e7b8e23c8a8520150a4d
KJ925148.1	archived_retrieval	Hepatitis C virus strain SA3, complete genome	5	5a	5a	record source/definition	South Africa		3014	included		358ce18d532ed8b8ae84a34cea1ac0e45f75e75ca069c44fb289180af3ccf832
KJ925149.1	archived_retrieval	Hepatitis C virus strain SA4, complete genome	5	5a	5a	record source/definition	South Africa		3014	included		cbe6da29b8b6168ca931bd3a220427c501b3b563a6d549c9cd09886073a2720e
KM043282.1	expanded_retrieval	Hepatitis C virus strain 105431TF1 polyprotein gene, complete cds	4	4a	4a	record source/definition	USA	12-Sep-2007	3008	included		150c437e90a8e6faa5c79f2e3c7c0033381e38e77c4429989a5072f9176fe796
KM043283.1	expanded_retrieval	Hepatitis C virus strain 105431TF2.UC1 polyprotein gene, complete cds	4	4a	4a	record source/definition	USA	12-Sep-2007	3008	included		ea0c2f37aaa99805e5e39f4cb398b83a64b02d05641d21d408e90d797d0830dc
KM043284.1	expanded_retrieval	Hepatitis C virus strain 105431TF2.UC2 polyprotein gene, complete cds	4	4a	4a	record source/definition	USA	12-Sep-2007	3008	included		f3f7b905cb4a1f45acfa92552aeb8f612a870efccd008f4d6741ed5a6800ea0a
KM587616.1	expanded_retrieval	Hepatitis C virus isolate C polyprotein gene, complete cds	2	2a	2a	record source/definition	USA	27-Jun-2012	3033	included		130a03cd4b5a000bebe21c336d27b3e241d1a68937283666a1976c3a118805e9
KM587624.1	expanded_retrieval	Hepatitis C virus isolate K polyprotein gene, complete cds	4	4a	4a	record source/definition	USA	16-Jul-2012	3008	included		cbaba545151e21853f66c758f264aa693dd532c0bda8686edeb20678ee635325
KM587626.1	archived_retrieval	Hepatitis C virus isolate M polyprotein gene, complete cds	5	5a	5a	record source/definition	USA	26-Jul-2012	3015	excluded	excessive_ambiguous_amino_acids	c78bd0ea81437f466af86b84291bcfd979892b08e88ce5c605f599abb6698e33
KP721475.1	expanded_retrieval	Hepatitis C virus isolate CG-TJ-HCV02 nonfunctional polyprotein gene, complete sequence	2	2a	2a	record source/definition	China	01-Jun-2014	0	excluded	no_annotated_CDS_translation	922915adaedfb3c450e4f98e9d88e391c85e64a40a45280cf2d17df2132d592d
KT735185.1	expanded_retrieval	Orthohepacivirus hominis genotype 4a polyprotein gene, partial cds	4	4a	4a	record source/definition	France	2014	2976	included		9234042af994186f55f40ef54c935f5b7af1b324684ae5df1644b1799450f0e7
KU861171.1	expanded_retrieval	Hepatitis C virus genotype 7, complete genome	7	7	7	record source/definition	Uganda	11-Mar-2014	3016	excluded	unmodelable_interface_insertion	37fe3d8fd29a8fbfe6f6504f457c965fc4d297b1108adad5c90c2a8d64a6065a
KU871310.1	expanded_retrieval	Orthohepacivirus hominis isolate HITCYIMM0986FX polyprotein gene, partial cds	6	6a	6a	record source/definition	Australia	05-Feb-2010	2995	included		cad0bf33559815a6224fec2723e6b4cbe2ee1913c8d89982f9f986335966f081
KU871311.1	expanded_retrieval	Orthohepacivirus hominis isolate HITP300169 polyprotein gene, partial cds	6	6a	6a	record source/definition	Australia	16-Apr-2009	2995	excluded	excessive_ambiguous_amino_acids	008cecf1d85197016b4ef4bced738be6df3d6657a649918aa9ddd534216b67c4
KX092342.1	expanded_retrieval	Orthohepacivirus hominis isolate BAK1 polyprotein gene, partial cds	unknown	unknown	7	unclassified; query term alone insufficient	France	Jan-2010	3013	excluded	excessive_ambiguous_amino_acids	4b2d3c5add57deea2960d3cba519e62452603123c4e1559b6bb713d26e9acf83
KX172138.1	expanded_retrieval	Orthohepacivirus hominis isolate A, complete genome	7	7	7	record source/definition	Belgium	Nov-2014	3013	included		1f023d8917bcfb3437563fd2382926b8fc9806c1018b014af5aa0b39ef665915
KY283130.1	expanded_retrieval	Orthohepacivirus hominis strain EJ1, complete genome	4	4a	4a	record source/definition	Egypt	2013	3009	included		0b2de95eec87142285b2128af08c03c426dcb139d013c02b02379548d62f3b12
LC150893.1	archived_retrieval	Hepacivirus hominis gene for polyprotein, complete cds, isolate: HC14-2357	unknown	unknown	2b	unclassified; query term alone insufficient	Japan:Mito	2008-08-26	3014	excluded	excessive_ambiguous_amino_acids	70c6fb2d93ea0a3eec93fdecda9b1b0ec9aa4f3905e8b5ca7deef2ff276abca9
LC273304.1	archived_retrieval	Hepacivirus hominis gene for polyprotein, complete cds, isolate: SR127-4	2	2b	2b	record source/definition	Japan		3017	included		efbf7d6d6bd14dc40561bb408fbb642c58a9c8a74e89e6c49e02c96247fbfaba
LC368354.1	expanded_retrieval	Hepatitis C virus subtype 2a Patient 051 gene for polyprotein precursor, partial cds	2	2a	2a	record source/definition	Japan	2005	2731	included		d13eebe8fff6e45a3ead6bfc92b1b1216e2435d9719a96717b0e18cacab13ac1
LC368356.1	expanded_retrieval	Hepatitis C virus subtype 4a Patient 053 gene for polyprotein precursor, partial cds	4	4a	4a	record source/definition	Japan	1999	2731	included		d333a4c2a8531706d533a04de55c47531faa8cc79cb6821ffa705ab101ca49ff
LC368357.1	expanded_retrieval	Hepatitis C virus subtype 4a Patient 054 gene for polyprotein precursor, partial cds	4	4a	4a	record source/definition	Japan	2008	2731	included		705ba85282c68abdbf116eee6c74020b932d90769a54438ed7ad2e89c2838518
LC368362.1	expanded_retrieval	Hepatitis C virus subtype 2a Patient 059 gene for polyprotein precursor, partial cds	2	2a	2a	record source/definition	Japan	1998	2730	included		585af7d2b4fb3d43d30f767fe621db6fd5efb322cef724ccbf98fa823ab25e22
LC368371.1	expanded_retrieval	Hepatitis C virus subtype 2a Patient 069 gene for polyprotein precursor, partial cds	2	2a	2a	record source/definition	Japan	2007	2730	included		98013972bd87c9d1d681798aca7099235d3f17e62e5e695ae1be03a8c5c29a11
LC368373.1	expanded_retrieval	Hepatitis C virus subtype 2a Patient 071 gene for polyprotein precursor, partial cds	2	2a	2a	record source/definition	Japan	2001	2730	included		c97f23efcd4992ba18dae447fffa2baf07fa7c20d7e3233dd9c05f426065b0fb
LC368378.1	expanded_retrieval	Hepatitis C virus subtype 2a Patient 076 gene for polyprotein precursor, partial cds	2	2a	2a	record source/definition	Thailand	2004	2730	included		b7a488f65833c9a3756cc130ecfbd51e76717c33cf12b1cf1745e264839cecaa
LC368388.1	expanded_retrieval	Hepatitis C virus subtype 2a Patient 086 gene for polyprotein precursor, partial cds	2	2a	2a	record source/definition	Japan	2006	2730	included		1a4f756cfc5432b75d30a37f203bd8ac6024ebfa4a962d7fc7ff7377450c85cd
LC368389.1	expanded_retrieval	Hepatitis C virus subtype 2a Patient 087 gene for polyprotein precursor, partial cds	2	2a	2a	record source/definition	Japan	2007	2730	included		39b0931d94bdb10bbae3cb94b00d2b44bac76aeb560eaccb449b3fcd33893f30
LC368392.1	expanded_retrieval	Hepatitis C virus subtype 2a Patient 090 gene for polyprotein precursor, partial cds	2	2a	2a	record source/definition	Japan	2007	2731	included		3e9e47b794f3d4a0ff76a611eb3ed9cc22f9f43b67ae9f636735c556557ee123
LC368393.1	expanded_retrieval	Hepatitis C virus subtype 2a Patient 091 gene for polyprotein precursor, partial cds	2	2a	2a	record source/definition	Japan	2009	2730	included		6d4e7257b45dab143e4a19479d564b2db9693218c9b81faf993a71e3cdd8d657
LC368414.1	expanded_retrieval	Hepatitis C virus subtype 4a Patient 112 gene for polyprotein precursor, partial cds	4	4a	4a	record source/definition	Japan	2011	2730	included		0727f82eddc006a85611e118a1acdb709c363c94f3499f6ea5c35a76802f3dca
LC368415.1	expanded_retrieval	Hepatitis C virus subtype 2a Patient 113 gene for polyprotein precursor, partial cds	2	2a	2a	record source/definition	Japan	2012	2730	included		92b23f4f6ccfa17ad9d8144b3dc0ccc808bb52d244603064879ad7e955f88454
LC368416.1	expanded_retrieval	Hepatitis C virus subtype 2a Patient 114 gene for polyprotein precursor, partial cds	2	2a	2a	record source/definition	Japan	2012	2731	included		2db7b95726427c066c685c25c6ecc10b807d022d403b5cef86fbfa77c68f1ca7
LC368426.1	expanded_retrieval	Hepatitis C virus subtype 2a Patient 125 gene for polyprotein precursor, partial cds	2	2a	2a	record source/definition	Japan	2012	2731	included		11195decb492168bccb9c2528e6576cff35b436dd34fc0056de1a0491d7efe80
LC368431.1	expanded_retrieval	Hepatitis C virus subtype 2a Patient 131 gene for polyprotein precursor, partial cds	2	2a	2a	record source/definition	Japan	2013	2731	included		efeeeb03a371583a69da60f01975d465f8757b4b38bf92f93fdbce30a3d7b23b
LC368432.1	expanded_retrieval	Hepatitis C virus subtype 2a Patient 132 gene for polyprotein precursor, partial cds	2	2a	2a	record source/definition	Japan	2013	2731	included		23844fbd9a1e246bcf3f8e5cd597900c645bc8f82cf51cff4376d44ab2b75572
LC368449.1	expanded_retrieval	Hepatitis C virus subtype 2a Patient 151 gene for polyprotein precursor, partial cds	2	2a	2a	record source/definition	Japan	2017	2731	included		3829068b09bff59e463dda63bac9e9170d017e8992139a44051b145491fc4312
LC435021.1	expanded_retrieval	Hepatitis C virus subtype 6a N12-621-Viet gene for polyprotein, partial cds	6	6a	6a	record source/definition	Viet Nam	2012-03-15	2987	included		a1ea70f3fe89a530b4df1e244442ee36f19f3aff2395eeda5539135a6f632019
MG406987.1	expanded_retrieval	Orthohepacivirus hominis isolate J6/JFH1/DH1, complete genome	2	2a	2a	record source/definition	Denmark: Hvidovre	24-Jan-2012	3014	included		41ee28797a26cb8664f2ff0e4c043c0ead60bf062795a0bd2a6dfd5fc0cc4264
MG406988.1	expanded_retrieval	Orthohepacivirus hominis isolate J6/JFH1/J8, complete genome	2	2a	2a	record source/definition	Denmark: Hvidovre	23-Jan-2012	3033	included		b7e47c376438e3bfa94a165013543c848997713c12e4a28f711424f360c58501
MG717925.1	expanded_retrieval	Orthohepacivirus hominis isolate HK2, complete genome	6	6a	6a	record source/definition			3019	included		1c8314574b90c27f1e2e4b2d868074333acd2445c053c685b558eb2f9e0c9be9
MG717926.1	expanded_retrieval	Orthohepacivirus hominis isolate HK2.H77_3'XSLI, complete genome	6	6a	6a	record source/definition			3019	included		4516a48e23482649f5ae1d6cf57a3cb34301db98d87951d932c4a95d0f51f2ca
MG717927.1	expanded_retrieval	Orthohepacivirus hominis isolate HK2cc, complete genome	6	6a	6a	record source/definition			3019	included		e861e941c7c67118aa31ed7c8ae03f86ff793b3476555a295edd49dbbe5c9a34
MG717928.1	expanded_retrieval	Orthohepacivirus hominis isolate HK6a, complete genome	6	6a	6a	record source/definition			3020	included		9a2263736b72420aa1aea56d497d8d227cc8cfa99824dd639c49e4f740ad30a3
MG717929.1	expanded_retrieval	Orthohepacivirus hominis isolate HK6a.H77_3'XSLI, complete genome	6	6a	6a	record source/definition			3020	included		dd8065db745e614a723402a25b4cc286c424345463939a8556f5cacc9fcc4d6d
MG717930.1	expanded_retrieval	Orthohepacivirus hominis isolate HK6acc, complete genome	6	6a	6a	record source/definition			3020	included		5726d8a375efc962cc006f2bccbe01b50451e5cf5d9377aa5597c0a4a072f2d9
MH155319.1	archived_retrieval	Orthohepacivirus hominis isolate CH6acc, complete genome	6	6a	6a	record source/definition			3019	included		8fc0468ee719408e00dd068dca94ef568079571f341feb25c1d9f452b91ae300
MH427311.1	archived_retrieval	Recombinant Hepacivirus C SA13fl, complete genome	unknown	unknown	5a	unclassified; query term alone insufficient			3014	included		a070cbb4521f9f477339bef9d027fdf609b57a4c261de4f6db8c7f74aed9a979
MH427312.1	archived_retrieval	Recombinant Hepacivirus C SA13_JF372-X_CIQV, complete genome	unknown	unknown	5a	unclassified; query term alone insufficient			3014	included		7cec19f10f23a8488387c3e356f9d45efec5337135778a82bc9b5bbed812ba63
MH427313.1	archived_retrieval	Recombinant Hepacivirus C SA13_JF470-510cc, complete genome	unknown	unknown	5a	unclassified; query term alone insufficient			3014	included		c4b56b83de04b9c597410f386f6b36d63cb6754c24907a4596c5b1c2be4f24c5
MH590698.1	expanded_retrieval	Orthohepacivirus hominis isolate GT8-1 polyprotein gene, complete cds	8	8	8	record source/definition	Canada	14-Mar-2016	3016	excluded	unmodelable_interface_insertion	321e07e7ee491c9a90512c48ac610b4e09c6f67ce1c571d8301b97f1d710d228
MH590699.1	expanded_retrieval	Orthohepacivirus hominis isolate GT8-2 polyprotein gene, partial cds	8	8	8	record source/definition	Canada	21-Mar-2016	3010	excluded	unmodelable_interface_insertion	d13d315735de82310bcb9f5cd144186419bea75bc0cb864683ae66bb7f1df22d
MH590700.1	expanded_retrieval	Orthohepacivirus hominis isolate GT8-3 polyprotein gene, complete cds	8	8	8	record source/definition	Canada	06-Sep-2017	3016	excluded	unmodelable_interface_insertion	445cc0a3ab689256a765d92f6891296b536540a8e86276ee1496311175ed147a
MH590701.1	expanded_retrieval	Orthohepacivirus hominis isolate GT8-4 polyprotein gene, complete cds	8	8	8	record source/definition	Canada	27-Jan-2015	3017	excluded	unmodelable_interface_insertion	749c897763fd1e9598ee801dc65a2b853cfefd127b10d31727f4b712f08379d1
MH940291.1	expanded_retrieval	Orthohepacivirus hominis isolate Kin619 polyprotein gene, complete cds	7	7	7	record source/definition	Democratic Republic of the Congo	06-Jan-2015	3014	included		549d818a0105d564bae9705851b959b924e977373f407a9b9cea24cbc548ccad
MN712203.1	expanded_retrieval	Mutant Orthohepacivirus hominis clone T9cc, complete genome	2	2a	2a	record source/definition			3033	included		f0accb4fd600edd880aa318df9c2392f9c47dc873739d8423e1bdd5652c42d87
MN712204.1	expanded_retrieval	Mutant Orthohepacivirus hominis clone S83cc, complete genome	2	2c	2a	record source/definition			3033	included		6af1626acc5461c61bd546275a7940c7490dbf9f6746afcbf4dfae433a74b1f8
MN782309.1	expanded_retrieval	Orthohepacivirus hominis isolate EG polyprotein (POLY) and protein F (POLY) genes, complete cds	4	4a	4a	record source/definition	Egypt	Apr-2018	3008	included		87adabb04e6a823eb0a4fe22d9db68a40144fc61224a5bc900759ef062c90dac
MN782310.1	expanded_retrieval	Orthohepacivirus hominis isolate EG polyprotein (POLY) gene, partial cds; and protein F (POLY) gene, complete cds	4	4a	4a	record source/definition	Egypt	Apr-2018	3007	included		4f1d8558e4dd5b0b8869d24edc904d0e7f44aa10ac67c6f2688520302f0ddad4
MN977326.1	expanded_retrieval	Orthohepacivirus hominis isolate EGHKS2 polyprotein (POLY) gene, partial cds	4	4a	4a	record source/definition	Egypt	Apr-2018	2992	included		2afe8d1f20dfa4751b04c4fc537705124fb9d291309f1b78109ecbb6c6a88487
MN977328.1	expanded_retrieval	Orthohepacivirus hominis isolate EGHKS5 polyprotein (POLY) gene, complete cds	4	4a	4a	record source/definition	Egypt	Apr-2018	3008	included		52ee583db973ec646dac31532540ab6ea57df9af58d09ef60969b14ae2a13c89
MN977329.1	expanded_retrieval	Orthohepacivirus hominis isolate EGHK6 polyprotein (POLY) gene, partial cds	4	4a	4a	record source/definition	Egypt	Apr-2018	2992	included		d8abd8ae2e80524862c7d6e76bf06a9cc78f8b8c5c191decd849b8f6579dadfb
MP277826.1	expanded_retrieval	Sequence 17 from Patent WO2019154472	unknown	unknown	6a	unclassified; query term alone insufficient			0	excluded	patent_record	1c8314574b90c27f1e2e4b2d868074333acd2445c053c685b558eb2f9e0c9be9
MP277827.1	expanded_retrieval	Sequence 18 from Patent WO2019154472	unknown	unknown	6a	unclassified; query term alone insufficient			0	excluded	patent_record	9a2263736b72420aa1aea56d497d8d227cc8cfa99824dd639c49e4f740ad30a3
MP277828.1	expanded_retrieval	Sequence 19 from Patent WO2019154472	unknown	unknown	6a	unclassified; query term alone insufficient			0	excluded	patent_record	e861e941c7c67118aa31ed7c8ae03f86ff793b3476555a295edd49dbbe5c9a34
MP277829.1	expanded_retrieval	Sequence 20 from Patent WO2019154472	unknown	unknown	6a	unclassified; query term alone insufficient			0	excluded	patent_record	5726d8a375efc962cc006f2bccbe01b50451e5cf5d9377aa5597c0a4a072f2d9
MP277830.1	expanded_retrieval	Sequence 21 from Patent WO2019154472	unknown	unknown	6a	unclassified; query term alone insufficient			0	excluded	patent_record	e0d17755fed4b01917cff819df2d52a07443b60ca31e7a89f3e397aebc425478
MP277831.1	expanded_retrieval	Sequence 22 from Patent WO2019154472	unknown	unknown	6a	unclassified; query term alone insufficient			0	excluded	patent_record	938f7e3732e9a5bdfd3ffd07005cebda9416b36e2827108373456b71737a9877
MP277832.1	expanded_retrieval	Sequence 23 from Patent WO2019154472	unknown	unknown	6a	unclassified; query term alone insufficient			0	excluded	patent_record	9d8b3928abd46036ece237fc278d18c802b6b93bf7056f90b68d98ffecc260c0
MP277833.1	expanded_retrieval	Sequence 24 from Patent WO2019154472	unknown	unknown	6a	unclassified; query term alone insufficient			0	excluded	patent_record	c4be09d098efd3d8ad1b2177eb7f4984dedc87e7792f854bc21782738a1ebf4b
MP277834.1	expanded_retrieval	Sequence 25 from Patent WO2019154472	unknown	unknown	6a	unclassified; query term alone insufficient			0	excluded	patent_record	b4f747cf2ceeb755bb51ce51c24f41fdd479f7bac6c3b09728ecf301762e1a4e
MP277835.1	expanded_retrieval	Sequence 26 from Patent WO2019154472	unknown	unknown	6a	unclassified; query term alone insufficient			0	excluded	patent_record	92156222495772f1f219a77bb2e65bc52e59fbb3dd1e78bbb90e631fa0e2e496
MP277836.1	expanded_retrieval	Sequence 27 from Patent WO2019154472	unknown	unknown	6a	unclassified; query term alone insufficient			0	excluded	patent_record	7c375bbd9167fd978c89e357febed92edd41ed92a1bc3cef6736af85716ad630
MP277838.1	expanded_retrieval	Sequence 29 from Patent WO2019154472	unknown	unknown	6a	unclassified; query term alone insufficient			0	excluded	patent_record	d434004488500695397f23c8030bff7bf2a73b506a35c14b4204ecbec20910f6
MP277839.1	expanded_retrieval	Sequence 30 from Patent WO2019154472	unknown	unknown	6a	unclassified; query term alone insufficient			0	excluded	patent_record	217f3fc5b8cb3a49ec5d7bfdf114b33ce0185f7198ce10607ac4fb2ab44a6092
MP277841.1	archived_retrieval	Sequence 32 from Patent WO2019154472	unknown	unknown	6a	unclassified; query term alone insufficient			0	excluded	patent_record	e9a72daf4bd938201f9cd2c6f0f8353e36f61c01751c07e87f935254518144b5
MP277873.1	archived_retrieval	Sequence 64 from Patent WO2019154472	unknown	unknown	6a	unclassified; query term alone insufficient			0	excluded	patent_record	4516a48e23482649f5ae1d6cf57a3cb34301db98d87951d932c4a95d0f51f2ca
MP277874.1	archived_retrieval	Sequence 65 from Patent WO2019154472	unknown	unknown	6a	unclassified; query term alone insufficient			0	excluded	patent_record	dd8065db745e614a723402a25b4cc286c424345463939a8556f5cacc9fcc4d6d
MP277876.1	archived_retrieval	Sequence 67 from Patent WO2019154472	unknown	unknown	6a	unclassified; query term alone insufficient			0	excluded	patent_record	d221c40d75dd50b45849aa9d8a1ced794f4c3c6f84fadc59ba7b314d257752d4
MW629118.1	expanded_retrieval	Hepacivirus C isolate UFORM0174 polyprotein gene, partial cds	4	4a	4a	record source/definition	USA	16-Nov-2011	2973	included		7c51c11f4a85fa52ff31fc572c5be6d673022b81aed3f6b4beae0d014d33dc6d
MW629119.1	expanded_retrieval	Hepacivirus C isolate UFOTL0177 polyprotein gene, partial cds	2	2a	2a	record source/definition	USA	25-Apr-2006	3032	included		91f71f17c9a1969d78f1a16ea9c7fd655aada151096166706e2a6fd4b400ea8c
MZ161145.1	archived_retrieval	Orthohepacivirus hominis strain HCV051 polyprotein (POLY) and protein F (POLY) genes, complete cds	6	6a	6a	record source/definition	China	01-Dec-2010	3019	included		c6a86cf7312935b31249fcbdd27f777df08aa87885d4d3eaf4d580ae2260f50b
MZ161146.1	archived_retrieval	Orthohepacivirus hominis strain HCV060 polyprotein (POLY) gene, partial cds; and protein F (POLY) gene, complete cds	6	6a	6a	record source/definition	China	29-Jun-2011	3012	included		150e46fede02503df4b81fed7ca2f6a4c45515a1cc7458b1a04cc899b1f17400
MZ161147.1	archived_retrieval	Orthohepacivirus hominis strain HCV061 polyprotein (POLY) gene, partial cds; and protein F (POLY) gene, complete cds	6	6a	6a	record source/definition	China	29-Jun-2011	3012	included		b96ae25b028c78ea11e822073d59c30fd2e8e1fd18051e64694d399f19bf4c85
MZ161148.1	archived_retrieval	Orthohepacivirus hominis strain HCV062 polyprotein (POLY) gene, partial cds; and protein F (POLY) gene, complete cds	6	6a	6a	record source/definition	China	29-Jun-2011	3012	included		4a7c3c892e0fd468f87880576a1931ad55ee27c098cbe627490137e931fbf319
MZ161149.1	archived_retrieval	Orthohepacivirus hominis strain HCV063 polyprotein (POLY) gene, partial cds; and protein F (POLY) gene, complete cds	6	6a	6a	record source/definition	China	30-Jun-2011	3012	included		84157323d03912320966100073b305fe748f3bae79a12f1c80a81a5dac6c47b6
MZ161150.1	archived_retrieval	Orthohepacivirus hominis strain HCV064 polyprotein (POLY) gene, partial cds; and protein F (POLY) gene, complete cds	6	6a	6a	record source/definition	China	04-Jul-2011	3012	included		315f15e96c236123c66a3a9ea20131ff6496b4fca793c65506f1341608c41c72
MZ161151.1	archived_retrieval	Orthohepacivirus hominis strain HCV065 polyprotein (POLY) gene, partial cds; and protein F (POLY) gene, complete cds	6	6a	6a	record source/definition	China	15-Jul-2011	3012	included		887fae254e81cdfc0a97eca59db0abcf512046795fb84fee167b79b44c8a4fd0
MZ161152.1	archived_retrieval	Orthohepacivirus hominis strain HCV066 polyprotein (POLY) gene, partial cds; and protein F (POLY) gene, complete cds	6	6a	6a	record source/definition	China	15-Jul-2011	3012	included		30450160413ab63cd6e265aa5c511193843a0e15673b96018016cd92473a4509
MZ161153.1	archived_retrieval	Orthohepacivirus hominis strain HCV067 polyprotein (POLY) gene, partial cds; and protein F (POLY) gene, complete cds	6	6a	6a	record source/definition	China	19-Jul-2011	3012	included		ad8819af17b5cdec77a09fe275587108ed74a470c56156fbe3a2237e1fbe5d5d
MZ161154.1	archived_retrieval	Orthohepacivirus hominis strain HCV068 polyprotein (POLY) and protein F (POLY) genes, complete cds	6	6a	6a	record source/definition	China	21-Jul-2011	3019	included		bf00208130ce5d7e8b462391c19e1e8d4ef89618561641239691ba1b9dc0b01b
MZ161155.1	archived_retrieval	Orthohepacivirus hominis strain HCV069 polyprotein (POLY) gene, partial cds; and protein F (POLY) gene, complete cds	6	6a	6a	record source/definition	China	21-Jul-2011	3012	included		7fd51b95c80b3d6a95c9828d8602bcefa3ff072179036a58c32e02b112da8a0f
MZ161156.1	archived_retrieval	Orthohepacivirus hominis strain HCV070 polyprotein (POLY) and protein F (POLY) genes, complete cds	6	6a	6a	record source/definition	China	22-Jul-2011	3019	included		346721472fe0c46fc9d87aa02b1575bee42567d0bad189d1c97773bb8fae14a0
MZ161157.1	archived_retrieval	Orthohepacivirus hominis strain HCV071 polyprotein (POLY) gene, partial cds; and protein F (POLY) gene, complete cds	6	6a	6a	record source/definition	China	16-Aug-2011	3012	included		415dec5220a9207a798a87f91f7e03621817f4f00323e89ab319161af1331b19
MZ161158.1	archived_retrieval	Orthohepacivirus hominis strain HCV072 polyprotein (POLY) and protein F (POLY) genes, complete cds	6	6a	6a	record source/definition	China	16-Aug-2011	3019	included		3353b1f1ee5c425055d89704a222ca633940510967c89d22c9ce45a380ff9060
NC_009823.1	expanded_retrieval	Hepatitis C virus genotype 2, complete genome	2	2	2a	record source/definition			3033	included		b7794054b4d01f3fdb208756dd7381ccf7738bc9c8b16b26eea102bf0962dacf
NC_009825.1	expanded_retrieval	Hepatitis C virus genotype 4, genome	4	4	4a	record source/definition	Egypt: Cairo		3008	included		6bbf4e1a478f75689c8c066d8ec7931f0d1b78dcea70bdf7f760a0e2f80f7049
NC_009826.1	archived_retrieval	Hepatitis C virus genotype 5, genome	5	5	5a	record source/definition	United Kingdom: Scotland, Edinburgh		3014	included		2db903e11c57fd41e7e9eeef99f7589b72dcd25a5b6430781ca07214ad9b6b02
NC_030791.1	expanded_retrieval	Hepatitis C virus genotype 7, complete genome	7	7	7	record source/definition	Canada		3013	included		cc75a8973a18e98546811f7490dd637211adfd66aec0c5be50efdb0cbb227ef6
OK552913.1	expanded_retrieval	UNVERIFIED_ASMBLY: Hepacivirus C isolate S553_20150212_FL_A13 polyprotein-like gene, partial sequence	2	2b	2b	record source/definition	USA	12-Feb-2015	0	excluded	no_annotated_CDS_translation	50b3960572c3c5a370e5c523a44e6a74d92fb5a0289eb1e5914c3f0fc45deb6a
OK552914.1	expanded_retrieval	UNVERIFIED_ASMBLY: Hepacivirus C isolate S553_20150212_FL_A15 polyprotein-like gene, partial sequence	2	2b	2b	record source/definition	USA	12-Feb-2015	0	excluded	no_annotated_CDS_translation	6968898ab494570b26f81c36d9b5b685d5c2423c9f60a94b9fa570495c56f045
OK552915.1	expanded_retrieval	Hepacivirus C isolate S553_20150212_FL_A16 polyprotein gene, partial cds	2	2b	2b	record source/definition	USA	12-Feb-2015	2989	included		74f2738dd884599bbe1578d73ed511e9145447cc87eca773329b9ef57380ec66
OK552916.1	expanded_retrieval	Hepacivirus C isolate S553_20150212_FL_A17 polyprotein gene, partial cds	2	2b	2b	record source/definition	USA	12-Feb-2015	2989	included		9a2f65b85ee637e8c09ae0f35da8beca8098c7c502480798ad5a2802f55ef3f5
OK552917.1	expanded_retrieval	Hepacivirus C isolate S553_20150212_FL_A18 polyprotein gene, partial cds	2	2b	2b	record source/definition	USA	12-Feb-2015	2989	included		25ba124ed3fd499e7a0f2cdf3f069ea6adfd5e5611432308b2db7d745019c84e
OK552918.1	expanded_retrieval	Hepacivirus C isolate S553_20150212_FL_A22 polyprotein gene, partial cds	2	2b	2b	record source/definition	USA	12-Feb-2015	2989	included		12903b33557dc643076448a0c10fb73f10d3d0b3e9af4b24a6008fa2e635112a
OK552919.1	expanded_retrieval	UNVERIFIED_ASMBLY: Hepacivirus C isolate S553_20150212_FL_A23 polyprotein-like gene, partial sequence	2	2b	2b	record source/definition	USA	12-Feb-2015	0	excluded	no_annotated_CDS_translation	5bd73d6aedd371e300d6cf36b80751ae84330f2abedbfd8d4fa06d20d7fda67b
OK552920.1	expanded_retrieval	Hepacivirus C isolate S553_20150212_FL_A24 polyprotein gene, partial cds	2	2b	2b	record source/definition	USA	12-Feb-2015	2989	included		cf3d2b902c0af8da5825081f0f465c0c0dcc3df51a085e8b31ff07bafb0d7775
OK552921.1	expanded_retrieval	Hepacivirus C isolate S553_20150212_FL_A26 polyprotein gene, partial cds	2	2b	2b	record source/definition	USA	12-Feb-2015	2989	included		ae814040be72a9972971ce9c18a592d3abbc6482bcb640e6f9a6d72543603ce9
OK552922.1	expanded_retrieval	Hepacivirus C isolate S553_20150212_FL_C01 polyprotein gene, partial cds	2	2b	2b	record source/definition	USA	12-Feb-2015	2989	included		3d348245abf8845e99537b56639d402c1cab0a35e8c41b101f547293b3b3a29e
OK552923.1	expanded_retrieval	Hepacivirus C isolate S553_20150212_FL_C02 polyprotein gene, partial cds	2	2b	2b	record source/definition	USA	12-Feb-2015	2989	included		8395c00a219e8d468ceeb6ff3ec52ce19aa0dbbeb8d0b6f55cd1d97ad10d5844
OK552924.1	expanded_retrieval	UNVERIFIED_ASMBLY: Hepacivirus C isolate S553_20150212_FL_C03 polyprotein-like gene, partial sequence	2	2b	2b	record source/definition	USA	12-Feb-2015	0	excluded	no_annotated_CDS_translation	26a47670c7458ac13dbb6e92752142d24a3e4c49c2e3162c0c1a04fae88935f8
OK552925.1	expanded_retrieval	Hepacivirus C isolate S553_20150212_FL_C04 polyprotein gene, partial cds	2	2b	2b	record source/definition	USA	12-Feb-2015	2989	included		43f1ec90e8872d3a4805b93eb5b5189b9da15654d0a8fce9df80bd90fa33c2e3
OK552926.1	expanded_retrieval	Hepacivirus C isolate S553_20150212_FL_C06 polyprotein gene, partial cds	2	2b	2b	record source/definition	USA	12-Feb-2015	2989	included		03c266b0943983a0a54f3714e44f1a766b15202d02343cf1804cfa5cf52aeb69
OK552927.1	expanded_retrieval	Hepacivirus C isolate S553_20160729_FL_A01 polyprotein gene, partial cds	2	2b	2b	record source/definition	USA	29-Jul-2016	2988	included		e778af4c57bff3e51c0a6eb38f4cf7ebd71a92c3ffd60ccad4f8247dca4badb6
OK552928.1	expanded_retrieval	UNVERIFIED_ASMBLY: Hepacivirus C isolate S553_20160729_FL_A02 polyprotein-like gene, partial sequence	2	2b	2b	record source/definition	USA	29-Jul-2016	0	excluded	no_annotated_CDS_translation	239c3fe5ccb28959fe244ed69270cc9b0cf5a5313b59393b9d386296fc8d0f87
OK552929.1	expanded_retrieval	UNVERIFIED_ASMBLY: Hepacivirus C isolate S553_20160729_FL_A03 polyprotein-like gene, partial sequence	2	2b	2b	record source/definition	USA	29-Jul-2016	0	excluded	no_annotated_CDS_translation	d3f3700a4e1bca8b008012e4c28b350ebddddc43b00db9d46e8a755ab1fabb04
OK552930.1	expanded_retrieval	Hepacivirus C isolate S553_20160729_FL_A05 polyprotein gene, partial cds	2	2b	2b	record source/definition	USA	29-Jul-2016	2988	included		f84a49a11d9a7b82bae4b210a4548e310f878367ca0dbe3b66ee079a491ed4de
OK552931.1	expanded_retrieval	Hepacivirus C isolate S553_20160729_FL_A07 polyprotein gene, partial cds	2	2b	2b	record source/definition	USA	29-Jul-2016	2988	included		f54a46af7d30439b071aede81f5b8ca1f439ab673cccae2abb3fe443f53fbc07
OK552932.1	expanded_retrieval	Hepacivirus C isolate S553_20160729_FL_A08 polyprotein gene, partial cds	2	2b	2b	record source/definition	USA	29-Jul-2016	2988	included		c494971556f32615ee1224c64fb197bc5f7fc5b3fdfbd87a7a14700423811aa1
OK552933.1	expanded_retrieval	UNVERIFIED_ASMBLY: Hepacivirus C isolate S553_20160729_FL_A09 polyprotein-like gene, partial sequence	2	2b	2b	record source/definition	USA	29-Jul-2016	0	excluded	no_annotated_CDS_translation	89ff98bd587dc0afae3cdda4ebde91d384e6075d7a9c026ef337453a8354bbc0
OK552934.1	expanded_retrieval	UNVERIFIED_ASMBLY: Hepacivirus C isolate S553_20160729_FL_A10 polyprotein-like gene, partial sequence	2	2b	2b	record source/definition	USA	29-Jul-2016	0	excluded	no_annotated_CDS_translation	2a95b3e55638f3f67ecc58bad5fc2920ac0dee4f6202022fdef49671653d06f8
OK552935.1	expanded_retrieval	Hepacivirus C isolate S553_20160729_FL_A11 polyprotein gene, partial cds	2	2b	2b	record source/definition	USA	29-Jul-2016	2988	included		f82f9781b8c595df8981811a49e862e0ce7ead91bcf653e38b1131edb7888781
OK552936.1	expanded_retrieval	UNVERIFIED_ASMBLY: Hepacivirus C isolate S553_20160729_FL_A13 polyprotein-like gene, partial sequence	2	2b	2b	record source/definition	USA	29-Jul-2016	0	excluded	no_annotated_CDS_translation	23b846d994b9f2ca0f0315ffba57194299f2031a756eef63e3224407621e517d
OK552937.1	expanded_retrieval	Hepacivirus C isolate S553_20160729_FL_A14 polyprotein gene, partial cds	2	2b	2b	record source/definition	USA	29-Jul-2016	2988	included		f7651af11de899848c2a65b827503fc84090ff96f1e70a3aaeb6cf3f33bd7e05
OK552938.1	expanded_retrieval	UNVERIFIED_ASMBLY: Hepacivirus C isolate S553_20160729_FL_A15 polyprotein-like gene, partial sequence	2	2b	2b	record source/definition	USA	29-Jul-2016	0	excluded	no_annotated_CDS_translation	dd9cb0d43221b53b83472a24a6ef98313c1b2d75662b0cac57d63fd66f8db3b3
OK552939.1	expanded_retrieval	UNVERIFIED_ASMBLY: Hepacivirus C isolate S553_20160729_FL_A17 polyprotein-like gene, partial sequence	2	2b	2b	record source/definition	USA	29-Jul-2016	0	excluded	no_annotated_CDS_translation	e7451c286f4bbac9e181a0c4db74f80cf5eebb801b20bb62e437a9fde18c1311
OK552940.1	expanded_retrieval	UNVERIFIED_ASMBLY: Hepacivirus C isolate S553_20160729_FL_A18 polyprotein-like gene, partial sequence	2	2b	2b	record source/definition	USA	29-Jul-2016	0	excluded	no_annotated_CDS_translation	47780ab105e7a0f0c939e7ca0263beabcc6b3f322f78b5c48e8977f981505d9e
OK552941.1	expanded_retrieval	Hepacivirus C isolate S553_20160729_FL_A19 polyprotein gene, partial cds	2	2b	2b	record source/definition	USA	29-Jul-2016	2988	included		1bd69f69f240877f3559ef82812f5b71519ab634762d6023c3f798685e7019f8
OK552942.1	expanded_retrieval	Hepacivirus C isolate S553_20160729_FL_A21 polyprotein gene, partial cds	2	2b	2b	record source/definition	USA	29-Jul-2016	2988	included		5eab0c4eb390e9876ab3bfd1ca2c0d0bde164f5b41f0ff04a9d23c1fe7265732
OK552943.1	expanded_retrieval	UNVERIFIED_ASMBLY: Hepacivirus C isolate S553_20160729_FL_A22 polyprotein-like gene, partial sequence	2	2b	2b	record source/definition	USA	29-Jul-2016	0	excluded	no_annotated_CDS_translation	affdb73f69bd306ef3a714f81759142e222da7d09c19be8649a9a241650454e3
OK552944.1	expanded_retrieval	Hepacivirus C isolate S553_20160729_FL_A23 polyprotein gene, partial cds	2	2b	2b	record source/definition	USA	29-Jul-2016	2988	included		dba18732a0752d30c08b654dc06953fee73d11cbf5c9163146abcd4525d9efa3
OK552945.1	expanded_retrieval	Hepacivirus C isolate S553_20160729_FL_A24 polyprotein gene, partial cds	2	2b	2b	record source/definition	USA	29-Jul-2016	2988	included		69e6c3ad25c67e00e4b90138c5dbebdc226abdca3aefc1306590dec61bdfca77
OK552946.1	expanded_retrieval	UNVERIFIED_ASMBLY: Hepacivirus C isolate S553_20160729_FL_B02 polyprotein-like gene, partial sequence	2	2b	2b	record source/definition	USA	29-Jul-2016	0	excluded	no_annotated_CDS_translation	cd2f724ef6659cf6e5f4604716a3db0a67b6ce4be14f46c27a5b711de4976bb1
OK552947.1	expanded_retrieval	UNVERIFIED_ASMBLY: Hepacivirus C isolate S553_20160729_FL_B03 polyprotein-like gene, partial sequence	2	2b	2b	record source/definition	USA	29-Jul-2016	0	excluded	no_annotated_CDS_translation	00737ff6308075a467ca98dfbb40ccb8f86e73b89da9631d6845b97f3b10f63e
OK552948.1	expanded_retrieval	Hepacivirus C isolate S553_20160729_FL_B05 polyprotein gene, partial cds	2	2b	2b	record source/definition	USA	29-Jul-2016	2988	included		d944a4e230d0e43c1bd2e1a10f07869ea0b8da77eac40d00c4cd7d2e47d066dc
OK552949.1	expanded_retrieval	Hepacivirus C isolate S553_20160729_FL_B06 polyprotein gene, partial cds	2	2b	2b	record source/definition	USA	29-Jul-2016	2988	included		0906f0a32c98a36655bfa58c6771e3e752dc317e7f988fd3717519af6ad22fdd
OK552950.1	expanded_retrieval	Hepacivirus C isolate S553_20160729_FL_B07 polyprotein gene, partial cds	2	2b	2b	record source/definition	USA	29-Jul-2016	2988	included		d08aa1066c0638c716b7d7224ee72ab3dabe0e0931c6771482f6777b1d40bbdc
OK552951.1	expanded_retrieval	Hepacivirus C isolate S553_20160729_FL_B12 polyprotein gene, partial cds	2	2b	2b	record source/definition	USA	29-Jul-2016	2988	included		c6d7dab3e8ed748d2cea0cb0d70482675a6bf02364c808f02d64b9a63ca013c8
OK552952.1	expanded_retrieval	Hepacivirus C isolate S553_20160729_FL_B13 polyprotein gene, partial cds	2	2b	2b	record source/definition	USA	29-Jul-2016	2988	included		cdca4f063a1d84a53dadbdfbfc244fe725d0e3178548a807e303dc6f8464a910
OK552953.1	expanded_retrieval	Hepacivirus C isolate S553_20160729_FL_B14 polyprotein gene, partial cds	2	2b	2b	record source/definition	USA	29-Jul-2016	2988	included		13183ed5c5f0815c1b8f5d01a7d5871cd879c79fd8ec22ab1005e7c6ceb84a3a
OK552954.1	expanded_retrieval	Hepacivirus C isolate S553_20160729_FL_B15 polyprotein gene, partial cds	2	2b	2b	record source/definition	USA	29-Jul-2016	2988	included		ea6ac7217a256c069025cd8920fd552ae87e792fe5395e8af97fbd1c8cb6ddbe
OK552955.1	expanded_retrieval	Hepacivirus C isolate S553_20160729_FL_B18 polyprotein gene, partial cds	2	2b	2b	record source/definition	USA	29-Jul-2016	2988	included		bc7e22f4c94d6d28c99a5c536325db1c2b18c40efcbe00e71fad9101ce2cea5f
OK552956.1	expanded_retrieval	UNVERIFIED_ASMBLY: Hepacivirus C isolate S553_20160729_FL_B19 polyprotein-like gene, partial sequence	2	2b	2b	record source/definition	USA	29-Jul-2016	0	excluded	no_annotated_CDS_translation	028715fb5677ed63c5a95c42a904dcba745ed2ec893092a597adbe253066a737
OK552957.1	expanded_retrieval	Hepacivirus C isolate S553_20160729_FL_B21 polyprotein gene, partial cds	2	2b	2b	record source/definition	USA	29-Jul-2016	2988	included		e1ce02ae0fecebe80ff5fd063a6342e9df1fcff50aa63788f7ea60b6654368fd
OK552958.1	expanded_retrieval	Hepacivirus C isolate S553_20160729_FL_B22 polyprotein gene, partial cds	2	2b	2b	record source/definition	USA	29-Jul-2016	2988	included		4c5c13b87cc98f8cc9a531d07b9ad437c4b572f4949964096b685dfde0e5e449
OK552959.1	expanded_retrieval	Hepacivirus C isolate S553_20160729_FL_B23 polyprotein gene, partial cds	2	2b	2b	record source/definition	USA	29-Jul-2016	2988	included		f6da9d9428dc3060a8a208def7500f5c8fd1087a75a83ab027b402b758b208f7
OK552960.1	expanded_retrieval	UNVERIFIED_ASMBLY: Hepacivirus C isolate S553_20170123_FL_A01 polyprotein-like gene, partial sequence	2	2b	2b	record source/definition	USA	23-Jan-2017	0	excluded	no_annotated_CDS_translation	c608959d5320af019eea5e3d3c52604ed937020f7d1f83dfd3eb4e568cbd3bbc
OK552961.1	expanded_retrieval	UNVERIFIED_ASMBLY: Hepacivirus C isolate S553_20170123_FL_A02 polyprotein-like gene, partial sequence	2	2b	2b	record source/definition	USA	23-Jan-2017	0	excluded	no_annotated_CDS_translation	7440c176387806debe331a31ef4ca6d1b88275e17bcac777651337742ba4a45e
OK552962.1	expanded_retrieval	Hepacivirus C isolate S553_20170123_FL_A04 polyprotein gene, partial cds	2	2b	2b	record source/definition	USA	23-Jan-2017	2981	included		ef767ced817c35e151ecf30034e8c9e1e0f62456bd73b9de4adf22822adfd1bc
OK552963.1	expanded_retrieval	Hepacivirus C isolate S553_20170123_FL_A05 polyprotein gene, partial cds	2	2b	2b	record source/definition	USA	23-Jan-2017	2981	included		78c6f62e8f467d25df3760532a93aea81374cb9a715494de0b751a87cad82177
OK552964.1	expanded_retrieval	Hepacivirus C isolate S553_20170123_FL_A06 polyprotein gene, partial cds	2	2b	2b	record source/definition	USA	23-Jan-2017	2981	included		4a9c9964a65cb5872cfef5a0ab3b4c0ff30af6bc42dc7b1282cbded36fefaf12
OK552966.1	expanded_retrieval	UNVERIFIED_ASMBLY: Hepacivirus C isolate S553_20170123_FL_A09 polyprotein-like gene, partial sequence	2	2b	2b	record source/definition	USA	23-Jan-2017	0	excluded	no_annotated_CDS_translation	17b2725cc3c0ba7d5b7dadb734be8f2958f58c283237b5305e4053dadf73e893
OK552967.1	expanded_retrieval	Hepacivirus C isolate S553_20170123_FL_A10 polyprotein gene, partial cds	2	2b	2b	record source/definition	USA	23-Jan-2017	2981	included		bf06d046ed1120c8ee3445b027de0666e38175550db33b3d9ccb10057fe18b2d
OK552968.1	expanded_retrieval	UNVERIFIED_ASMBLY: Hepacivirus C isolate S553_20170123_FL_A11 polyprotein-like gene, partial sequence	2	2b	2b	record source/definition	USA	23-Jan-2017	0	excluded	no_annotated_CDS_translation	9a0eadd8f0621c3b97966e7d00dbc5ac351506c694bf55b251721b43bd892583
OK552969.1	expanded_retrieval	Hepacivirus C isolate S553_20170123_FL_A12 polyprotein gene, partial cds	2	2b	2b	record source/definition	USA	23-Jan-2017	2981	included		aa82a08ac594c4086fbeb224ea4e524e51f63ae262d63c9b66d06e09a7ecc778
OK552970.1	expanded_retrieval	UNVERIFIED: Hepacivirus C isolate S553_20170123_FL_A13 polyprotein-like gene, partial sequence	2	2b	2b	record source/definition	USA	23-Jan-2017	0	excluded	no_annotated_CDS_translation	0ee1594811ee4205e886e5eb8472bc2b6d85b96605a0b5b6c5dc858bef48ae5f
OK552971.1	expanded_retrieval	UNVERIFIED_ASMBLY: Hepacivirus C isolate S553_20170123_FL_A14 polyprotein-like gene, partial sequence	2	2b	2b	record source/definition	USA	23-Jan-2017	0	excluded	no_annotated_CDS_translation	cfd3d46dd7be66040e8e6785f8070283fceb60c7412cce79c757b8faa03cfc65
OK552972.1	expanded_retrieval	Hepacivirus C isolate S553_20170123_FL_A16 polyprotein gene, partial cds	2	2b	2b	record source/definition	USA	23-Jan-2017	2981	included		59d1709e9a7b4264b183d12285c258714162c6cc20fbbb7505f99487551b1a99
OK552973.1	expanded_retrieval	Hepacivirus C isolate S553_20170123_FL_A18 polyprotein gene, partial cds	2	2b	2b	record source/definition	USA	23-Jan-2017	2923	included		9fe264f028007a4db19d3cfdfbc093d34d9c9b33c5ed3648ef1482a59a02088d
OK552974.1	expanded_retrieval	UNVERIFIED_ASMBLY: Hepacivirus C isolate S553_20170123_FL_A19 polyprotein-like gene, partial sequence	2	2b	2b	record source/definition	USA	23-Jan-2017	0	excluded	no_annotated_CDS_translation	08aa8b4c947661394b165e0e87742b4f1537a98c73cbe50eef10ea4b234978a7
OK552975.1	expanded_retrieval	UNVERIFIED_ASMBLY: Hepacivirus C isolate S553_20170123_FL_A20 polyprotein-like gene, partial sequence	2	2b	2b	record source/definition	USA	23-Jan-2017	0	excluded	no_annotated_CDS_translation	c08ed9da4bd71f2d93be571f6a0939f4ec4d395ed8f2bfb054542d19d405de53
OK552976.1	expanded_retrieval	Hepacivirus C isolate S553_20170123_FL_B01 polyprotein gene, partial cds	2	2b	2b	record source/definition	USA	23-Jan-2017	2981	included		93c34341b23ca6688dd760251c17c8ec0ddff8a17f88e406f289c7e76e0b418f
OK552977.1	expanded_retrieval	UNVERIFIED_ASMBLY: Hepacivirus C isolate S553_20170123_FL_B07 polyprotein-like gene, partial sequence	2	2b	2b	record source/definition	USA	23-Jan-2017	0	excluded	no_annotated_CDS_translation	8bbc138f10485c04a992e4b027411542abbb8fca31cd80a15d59c1a464534ed6
OK552978.1	expanded_retrieval	Hepacivirus C isolate S553_20170123_FL_B08 polyprotein gene, partial cds	2	2b	2b	record source/definition	USA	23-Jan-2017	2981	included		e5da27b111c3964e6b8b1bc50695f8bf5e59644e26b19ba02c39079412aae0d4
OK552979.1	expanded_retrieval	Hepacivirus C isolate S553_20170123_FL_B11 polyprotein gene, partial cds	2	2b	2b	record source/definition	USA	23-Jan-2017	2981	included		52375043f4e7e8d04c706941b7fd219d13148b21e21275fe295329137fa943fe
OK552980.1	expanded_retrieval	Hepacivirus C isolate S553_20170123_FL_B12 polyprotein gene, partial cds	2	2b	2b	record source/definition	USA	23-Jan-2017	2981	included		a7e2468722a32b3786d1db8913b2c45c0b2aa73aeb47c929eb0370288df357a7
OK552981.1	expanded_retrieval	UNVERIFIED_ASMBLY: Hepacivirus C isolate S553_20170123_FL_B13 polyprotein-like gene, partial sequence	2	2b	2b	record source/definition	USA	23-Jan-2017	0	excluded	no_annotated_CDS_translation	2833a23a289c2a3ea276bac5c223b0d35ea36e1d55b5ee8c8ef983706e7146e1
OK552982.1	expanded_retrieval	Hepacivirus C isolate S553_20170123_FL_B15 polyprotein gene, partial cds	2	2b	2b	record source/definition	USA	23-Jan-2017	2981	included		e34c9db4d94424a6dd6cb73235bc315b34eec75137de466ecfcd89981c9d7d17
OK552983.1	expanded_retrieval	Hepacivirus C isolate S553_20170123_FL_B16 polyprotein gene, partial cds	2	2b	2b	record source/definition	USA	23-Jan-2017	2981	included		6f6419645fd3fd74171e31408185ca060b4508415221245b4aa0e937c57ef5ab
OK552984.1	expanded_retrieval	UNVERIFIED_ASMBLY: Hepacivirus C isolate S553_20170123_FL_B17 polyprotein-like gene, partial sequence	2	2b	2b	record source/definition	USA	23-Jan-2017	0	excluded	no_annotated_CDS_translation	0d04228322f76083654f8baeb3f1052ad0c0b5fffb658e3511b7249fca241a30
OK552985.1	expanded_retrieval	UNVERIFIED_ASMBLY: Hepacivirus C isolate S553_20170123_FL_B20 polyprotein-like gene, partial sequence	2	2b	2b	record source/definition	USA	23-Jan-2017	0	excluded	no_annotated_CDS_translation	a8a8a318e3fdec794fa0e45357dad0e93add87507fbaca482f20d56903445f30
OK552986.1	expanded_retrieval	Hepacivirus C isolate S553_20170123_FL_B23 polyprotein gene, partial cds	2	2b	2b	record source/definition	USA	23-Jan-2017	2981	included		113f0dedc0c208ac4954b679055fbc4ad9b1fdae7d8e5f8f9d03355c5e8e5597
OK552987.1	expanded_retrieval	Hepacivirus C isolate S553_20170123_FL_B25 polyprotein gene, partial cds	2	2b	2b	record source/definition	USA	23-Jan-2017	2981	included		bb798a44a9fc60dd99deb99465548ea28e1b477d89c05d0f480d7d0a6b731ac4
OK552988.1	expanded_retrieval	UNVERIFIED_ASMBLY: Hepacivirus C isolate S553_20170123_FL_B27 polyprotein-like gene, partial sequence	2	2b	2b	record source/definition	USA	23-Jan-2017	0	excluded	no_annotated_CDS_translation	1dc58177dc608cc88dc70b07ffda4bf5a21787f2ab0903c1f483604498cb67df
OK552989.1	expanded_retrieval	Hepacivirus C isolate S553_20170123_FL_B29 polyprotein gene, partial cds	2	2b	2b	record source/definition	USA	23-Jan-2017	2981	included		b5a8e3ca1df32908add1864bbb1d82aeae821a7d3cf7f87a0a0ecddc4d0ecf25
OK552990.1	expanded_retrieval	Hepacivirus C isolate S553_20170123_FL_B30 polyprotein gene, partial cds	2	2b	2b	record source/definition	USA	23-Jan-2017	2981	included		cfd9b81be6785450eaab46cbd9f0254c48c7600a2c40718d0886b29dd700d17c
OK552991.1	expanded_retrieval	UNVERIFIED_ASMBLY: Hepacivirus C isolate S553_20170123_FL_B32 polyprotein-like gene, partial sequence	2	2b	2b	record source/definition	USA	23-Jan-2017	0	excluded	no_annotated_CDS_translation	4345122a5ab2d9ab77dba885c1412caf4c66ee9232640498c5fe063aa210b359
OK552992.1	expanded_retrieval	UNVERIFIED_ASMBLY: Hepacivirus C isolate S553_20170123_FL_B36 polyprotein-like gene, partial sequence	2	2b	2b	record source/definition	USA	23-Jan-2017	0	excluded	no_annotated_CDS_translation	673380f095f72b7edaf53fa330658e417dcb3b375b6e0259d5585b855ad9c4a8
OK552993.1	expanded_retrieval	Hepacivirus C isolate S553_20170123_FL_T02 polyprotein gene, partial cds	2	2b	2b	record source/definition	USA	23-Jan-2017	2981	included		7a300c9356ac03e21d885ef5cf20b347deec69e1b4ffaaa14f5fbbf282f59ff1
OK552994.1	archived_retrieval	Hepacivirus C isolate S553_20170123_FL_T05 polyprotein gene, partial cds	2	2b	2b	record source/definition	USA	23-Jan-2017	2981	included		7b365fc5cd71ee58f4d461a800e74b75ec36eb9a90def30245a35113d4742f8f
OK552995.1	archived_retrieval	Hepacivirus C isolate S553_20170123_FL_T06 polyprotein gene, partial cds	2	2b	2b	record source/definition	USA	23-Jan-2017	2981	included		3e25646239ec7724e9be857025057a11bf493d537d805d9a95cb64e627bd60ad
OK552996.1	archived_retrieval	Hepacivirus C isolate S553_20170123_FL_T12 polyprotein gene, partial cds	2	2b	2b	record source/definition	USA	23-Jan-2017	2981	included		7e3e47f36fb2fc67f3305594d2e8402488bbaf46840f1836c99aecb72bbbd1fe
OM525878.1	archived_retrieval	Hepacivirus C isolate Benin42 polyprotein gene, complete cds	2	2	2a	record source/definition	Benin	16-Aug-2019	3033	included		d9fc787f79d7f2cfb6dc61016a0d177879b80dc2a9d6e8910c7a958093937a7e
OM525880.1	archived_retrieval	Hepacivirus C isolate Benin45 polyprotein gene, complete cds	2	2	2b	record source/definition	Benin	16-Aug-2019	3033	included		da21f92e95a7793c2907a15243cb833a37697863e5091dbecee0e02af9920f9e
OM525899.1	archived_retrieval	Hepacivirus C isolate Benin80 polyprotein gene, complete cds	2	2	2b	record source/definition	Benin	30-Aug-2019	3033	included		a5560033543a9270ede34d249c30f57a64619e0887e8ca02321c3a57d3041e66
OM525901.1	archived_retrieval	Hepacivirus C isolate Benin82 polyprotein gene, complete cds	2	2	2a	record source/definition	Benin	30-Aug-2019	3037	included		2fea7c0908b66b53678b3161137aada87378768d47807542fcae9e96a3b583f2
OP022902.1	expanded_retrieval	Hepacivirus C isolate P1 polyprotein gene, complete cds	2	2a	2a	record source/definition	United Kingdom	2015	3033	included		be73ffaba124144ef53912395305ad3aa2fe0236e7c6e461229b2cff218f102f
OP022903.1	archived_retrieval	Hepacivirus C isolate P2 polyprotein gene, complete cds	2	2b	2b	record source/definition	United Kingdom	2018	3033	excluded	excessive_ambiguous_amino_acids	955a0852ba51a872740ae7183ec28224078f0a5e479845c847dd99531baa087a
OP022904.1	archived_retrieval	Hepacivirus C isolate P3 polyprotein gene, complete cds	2	2b	2b	record source/definition	United Kingdom	2019	3033	included		e78e2cac6641298d8db9b6beea6b077fad1b944cc5a51331340bdc09351ced86
OP022905.1	expanded_retrieval	Hepacivirus C isolate P4 polyprotein gene, complete cds	2	2a	2a	record source/definition	United Kingdom	2019	3033	included		5e25f82a18811d2fb63d1fe08ef939548c9ccd5e9e92827220464d2397b609b1
OP022906.1	archived_retrieval	Hepacivirus C isolate P5 polyprotein gene, complete cds	2	2b	2b	record source/definition	United Kingdom	2018	3033	excluded	excessive_ambiguous_amino_acids	82fd3024a34546b896e0791ef578b8116b096bf37e14b7b5b5418eced2cbf02b
OP022907.1	expanded_retrieval	Hepacivirus C isolate P6 polyprotein gene, complete cds	2	2a	2a	record source/definition	United Kingdom	2019	3033	excluded	excessive_ambiguous_amino_acids	b5501014441da817620903d3560c9e5a03e74fc31039e2463a36e0583aed6079
OP022908.1	expanded_retrieval	Hepacivirus C isolate P7 polyprotein gene, complete cds	2	2a	2a	record source/definition	United Kingdom	2019	3033	included		28838b7a04ce6a5022c3e6ef27d930d23d2aeb1a5f3d10c7870370747908cf39
OP022909.1	expanded_retrieval	Hepacivirus C isolate P8 polyprotein gene, complete cds	2	2a	2a	record source/definition	United Kingdom	2019	3033	included		1cefaa155618cc713bbb8ded6a339f3e5b5baff6b4543d9e127509d3e5a7fbfa
OP022910.1	expanded_retrieval	Hepacivirus C isolate P9 polyprotein gene, complete cds	2	2a	2a	record source/definition	United Kingdom	2019	3033	included		b5f2fa9583c144f4215d0b1cee2549e49956f49e844e81ba7b2f19b866557f75
OP022911.1	expanded_retrieval	Hepacivirus C isolate P10 polyprotein gene, complete cds	2	2a	2a	record source/definition	United Kingdom	2019	3033	included		0af5fa7601297e2638036f360690cd1062c336528082a8a1ff154839e261f5f5
OP022912.1	archived_retrieval	Hepacivirus C isolate P11 polyprotein gene, complete cds	2	2b	2a	record source/definition	United Kingdom	2018	3033	excluded	excessive_ambiguous_amino_acids	49c947c7bb1c3d5bc292a112b6e8e468329d795c4fbf940ffff4e4ea4da6a876
OP022913.1	archived_retrieval	Hepacivirus C isolate P12 polyprotein gene, complete cds	2	2b	2a	record source/definition	United Kingdom	2019	3033	included		6cd1ce270ab85cbbdb8775c371ba071f4d4fc1ee3b9934341d16d28a207ef06e
OP022914.1	archived_retrieval	Hepacivirus C isolate P13 polyprotein gene, complete cds	2	2b	2a	record source/definition	United Kingdom	2018	3033	excluded	excessive_ambiguous_amino_acids	d1eb807938f4dfd6570394c37ef6b7f95b0a8f2b660fad7c2c7ea28af1fafac8
OP022915.1	archived_retrieval	Hepacivirus C isolate P14 polyprotein gene, complete cds	2	2b	2a	record source/definition	United Kingdom	2019	3033	excluded	excessive_ambiguous_amino_acids	25ef6afb7b34d57db2900d83eeb77f4c8b2f0a9be8e7cba7c5f8a5a846a8d1d9
OP022916.1	archived_retrieval	Hepacivirus C isolate P15 polyprotein gene, complete cds	2	2b	2a	record source/definition	United Kingdom	2019	3033	included		f6c307d6105b936df0e029b34a30726e9f00d1cbbe943b81bceb6728f05c8f99
OP022917.1	archived_retrieval	Hepacivirus C isolate P16 polyprotein gene, complete cds	2	2a	2a	record source/definition	United Kingdom	2019	3033	included		d3ce99b030fa33d20dc3b8dcc7652ae15d93fb3b11a77db6b510da36aefa79cd
OP022918.1	archived_retrieval	Hepacivirus C isolate P17 polyprotein gene, complete cds	2	2b	2a	record source/definition	United Kingdom	2018	3033	included		640a0cf4a4b51ced03b58e0c1715df01fb9382faa372338533f4d7dc2b475e20
OP022919.1	archived_retrieval	Hepacivirus C isolate P18 polyprotein gene, complete cds	2	2b	2a	record source/definition	United Kingdom	2019	3033	excluded	unmodelable_interface_insertion	3cbe17a5ce4f78f6f79aa5777dbfd4ad6b3c6b6700851f06f5007178008ad923
OP022920.1	archived_retrieval	Hepacivirus C isolate P19 polyprotein gene, complete cds	2	2a	2a	record source/definition	United Kingdom	2019	3033	included		abcfb977ad8b56b8722720757f2d2f73010a13918731d811117b1407a346e0de
OP022921.1	archived_retrieval	Hepacivirus C isolate P20 polyprotein gene, complete cds	2	2a	2a	record source/definition	United Kingdom	2019	3033	included		e6659be55a45f987d30e4301413f706e6de74276cec5181c7661f6cc1fbf8c0b
OR497874.1	expanded_retrieval	Orthohepacivirus hominis isolate 4a_1 polyprotein gene, partial cds	4	4a	4a	record source/definition	Belgium	2008	3007	included		4486a424ed6e99652c0af8a74db2ba4c085655f992022d646185ccb831be2a9f
OR497875.1	archived_retrieval	Orthohepacivirus hominis isolate 4a_2 polyprotein gene, partial cds	4	4a	4a	record source/definition	Belgium	2012	2993	excluded	excessive_ambiguous_amino_acids	d83a1d40a22248be544497cbbc0e0d8bdc53c36854a62b1d8087c530e0c47526
OR497955.1	archived_retrieval	Orthohepacivirus hominis isolate 2a_1 polyprotein gene, complete cds	2	2a	2a	record source/definition	Belgium	2015	3039	excluded	excessive_ambiguous_amino_acids	42bc03f6e0680cc39378b4078880441504a904447231f3d8b826df6f7cde54b4
OR498027.1	expanded_retrieval	Orthohepacivirus hominis isolate 1b_39 polyprotein gene, complete cds	1	1b	1b	record source/definition	Belgium	2014	3010	excluded	excessive_ambiguous_amino_acids	7913b62678ff25f70e1cf8028e2b6ebf027eec19c81abb09b1e1d924e37221b3
OR498028.1	expanded_retrieval	Orthohepacivirus hominis isolate 1b_40 polyprotein gene, complete cds	1	1b	1b	record source/definition	Belgium	2014	3010	included		f12714887c0b61c71950e31dd5a03e8e99b54d8aebe9e6c08862b17276c1d81c
OR498029.1	expanded_retrieval	Orthohepacivirus hominis isolate 1b_41 polyprotein gene, complete cds	1	1b	1b	record source/definition	Belgium	2014	3010	excluded	excessive_ambiguous_amino_acids	3d0590d652ee06d6bdf46fd4b28b1d685996239ebe466c4f84adfea247113106
OR498030.1	expanded_retrieval	Orthohepacivirus hominis isolate 1b_42 polyprotein gene, complete cds	1	1b	1b	record source/definition	Belgium	2014	3010	excluded	excessive_ambiguous_amino_acids	271e18e2c0084d658d322a107fc827ae43d07175241e7a537989a32d50d7ba2b
OR498031.1	expanded_retrieval	Orthohepacivirus hominis isolate 1b_43 polyprotein gene, complete cds	1	1b	1b	record source/definition	Belgium	2014	3014	included		a00c8685736d405d52f02e7d10f81ec1d58042e33879282c3dd7376ca0789589
OR498032.1	expanded_retrieval	UNVERIFIED: Orthohepacivirus hominis isolate 1b_44 polyprotein-like gene, partial sequence	1	1b	1b	record source/definition	Belgium	2014	0	excluded	no_annotated_CDS_translation	7d1364bca651f2a931e297f652132969adf336427e851807d1c7d53400b39c5b
OR498033.1	expanded_retrieval	Orthohepacivirus hominis isolate 1b_45 polyprotein gene, complete cds	1	1b	1b	record source/definition	Belgium	2014	3010	excluded	excessive_ambiguous_amino_acids	13bc111aa6b631a79b2e24e574323d21fe27c51386a9742ab3c1337b1c0e316c
OR498034.1	expanded_retrieval	Orthohepacivirus hominis isolate 1b_46 polyprotein gene, complete cds	1	1b	1b	record source/definition	Belgium	2014	3010	included		5109690e9babfa53b1c3d56b7d5a59023b3ce02470d082f0d401ee17a4a4036b
OR498035.1	expanded_retrieval	Orthohepacivirus hominis isolate 1b_47 polyprotein gene, complete cds	1	1b	1b	record source/definition	Belgium	2014	3010	excluded	excessive_ambiguous_amino_acids	b40e974c1692ddec693b39bb6a1073af93b7ee4dd6345d7ad4e523285cd037c6
OR498036.1	expanded_retrieval	Orthohepacivirus hominis isolate 1b_48 polyprotein gene, complete cds	1	1b	1b	record source/definition	Belgium	2014	3010	included		15ea42869dfb9a621f965fc55ed25192b738f6abbf87d0b37da30a010622e24a
OR498037.1	expanded_retrieval	Orthohepacivirus hominis isolate 1b_49 polyprotein gene, complete cds	1	1b	1b	record source/definition	Belgium	2014	3010	included		fc63237109d06d4b3946536a93a8db51a70bf0986a3e52f075b3f5e65596ff78
OR498038.1	expanded_retrieval	Orthohepacivirus hominis isolate 1b_50 polyprotein gene, complete cds	1	1b	1b	record source/definition	Belgium	2015	3011	excluded	excessive_ambiguous_amino_acids	69c9adba5a313dfbb09729809df69d16c44a6c705fed74e8cccf688fbc51c2e1
OR498039.1	expanded_retrieval	Orthohepacivirus hominis isolate 1b_51 polyprotein gene, partial cds	1	1b	1b	record source/definition	Belgium	2015	3011	excluded	excessive_ambiguous_amino_acids	46792b4d54985805f73561e35b4245461be658b79b7f2110810ff5706321a595
OR498040.1	expanded_retrieval	Orthohepacivirus hominis isolate 1b_52 polyprotein gene, complete cds	1	1b	1b	record source/definition	Belgium	2015	3010	excluded	excessive_ambiguous_amino_acids	873fe283aaf59bdce9385800fc69b7acfe2d49dbbcbcab559cc3fe881b2d00b4
OR498041.1	expanded_retrieval	Orthohepacivirus hominis isolate 1b_53 polyprotein gene, complete cds	1	1b	1b	record source/definition	Belgium	2015	3010	included		95689522775554a9b27f1b705292e35f00a6a892a24ceb7b891e36d5d79bf020
OR498042.1	expanded_retrieval	Orthohepacivirus hominis isolate 1b_54 polyprotein gene, complete cds	1	1b	1b	record source/definition	Belgium	2015	3012	included		91195429918f9a52cc3cb75d4231dc35e22e5fea5e52bf9ce8fa50dd8db308df
OR498043.1	expanded_retrieval	Orthohepacivirus hominis isolate 1b_55 polyprotein gene, complete cds	1	1b	1b	record source/definition	Belgium	2015	3010	excluded	excessive_ambiguous_amino_acids	b6be5dff9c7657724545ed29dbd37327190176dc058b4acb2fc0ac04c1eeb9e0
OR498044.1	expanded_retrieval	Orthohepacivirus hominis isolate 1b_56 polyprotein gene, complete cds	1	1b	1b	record source/definition	Belgium	2015	3010	excluded	excessive_ambiguous_amino_acids	540b3033e45af83647adae4d7be7f5847a085de5769ffe0fc31339a1532de679
OR498045.1	expanded_retrieval	Orthohepacivirus hominis isolate 1b_57 polyprotein gene, complete cds	1	1b	1b	record source/definition	Belgium	2015	3010	included		6a46c261ae0fbd0377361b5f43e25e8312759610e0dd33e228b06824fa37e780
OR498046.1	expanded_retrieval	Orthohepacivirus hominis isolate 1b_58 polyprotein gene, complete cds	1	1b	1b	record source/definition	Belgium	2015	3011	included		d23a5f77e31970198d81e1fd2fc8d1b7b0cb2e58b6c79336a95d091ada2dded0
OR498047.1	expanded_retrieval	Orthohepacivirus hominis isolate 1b_59 polyprotein gene, complete cds	1	1b	1b	record source/definition	Belgium	2015	3010	included		cc48f79129c078ce4d84b8131ff76ba2ca4b93b6f8d4bea151071f278510897e
OR498048.1	expanded_retrieval	Orthohepacivirus hominis isolate 1b_60 polyprotein gene, complete cds	1	1b	1b	record source/definition	Belgium	2015	3011	excluded	excessive_ambiguous_amino_acids	2b96587f03a2036f222367f6a3158a689d3fbbe5323be8ba914da92964acaa7b
OR498049.1	expanded_retrieval	Orthohepacivirus hominis isolate 1b_61 polyprotein gene, complete cds	1	1b	1b	record source/definition	Belgium	2015	3010	excluded	excessive_ambiguous_amino_acids	df3289ded9c79556290b94ec5548840710872f6a0461ba9b312baf9070dbef01
OR498050.1	expanded_retrieval	Orthohepacivirus hominis isolate 1b_62 polyprotein gene, complete cds	1	1b	1b	record source/definition	Belgium	2015	3011	included		cd446113a4d3172a94ae348d4d81df32890d91f4e48283809e749a9b18fa6d3e
OR498051.1	expanded_retrieval	Orthohepacivirus hominis isolate 1b_63 polyprotein gene, complete cds	1	1b	1b	record source/definition	Belgium	2015	3010	excluded	excessive_ambiguous_amino_acids	d144980e4379ce512f80133ca85cdaa6c23516e06a26b707fb97a5d9807e4275
OR498052.1	expanded_retrieval	Orthohepacivirus hominis isolate 1b_64 polyprotein gene, complete cds	1	1b	1b	record source/definition	Belgium	2015	3010	excluded	excessive_ambiguous_amino_acids	c4aea9c036794690780158ba754f6269ca5881dafee0aee2989319f0461dd323
OR498053.1	expanded_retrieval	Orthohepacivirus hominis isolate 1b_65 polyprotein gene, complete cds	1	1b	1b	record source/definition	Belgium	2015	3010	excluded	excessive_ambiguous_amino_acids	fd259298c553ef86f0da6c12c906dd8729d4774c724e0cdd60ee398fa7f5a404
OR498054.1	expanded_retrieval	Orthohepacivirus hominis isolate 1b_66 polyprotein gene, complete cds	1	1b	1b	record source/definition	Belgium	2015	3010	excluded	excessive_ambiguous_amino_acids	cca570da8b6a7e0a1a2d2085098660608ad70d1103a48ffeda9f31b13b4a890c
OR498055.1	expanded_retrieval	Orthohepacivirus hominis isolate 1b_67 polyprotein gene, complete cds	1	1b	1b	record source/definition	Belgium	2015	3011	included		a8bde92fa1d216194d92dd39558bc27bd9a1c51148360854178c06442c512683
OR498056.1	expanded_retrieval	Orthohepacivirus hominis isolate 1b_68 polyprotein gene, complete cds	1	1b	1b	record source/definition	Belgium	2015	3010	included		176417179ef140efd20ae7285871c347aaab4ffc5e51e318448722b9fc97854d
OR498057.1	expanded_retrieval	Orthohepacivirus hominis isolate 1b_69 polyprotein gene, complete cds	1	1b	1b	record source/definition	Belgium	2016	3011	included		5906c898043fc6d10deb3da954c6414ef0c25c349c0b6d2575d9ece99fcd19a8
OR498058.1	expanded_retrieval	Orthohepacivirus hominis isolate 1b_70 polyprotein gene, complete cds	1	1b	1b	record source/definition	Belgium	2016	3010	included		6c2bd1121024dd8e01f6a6b05dc63e4de4afe3cae335ec39f15519523aee7e64
OR498059.1	expanded_retrieval	Orthohepacivirus hominis isolate 1b_71 polyprotein gene, complete cds	1	1b	1b	record source/definition	Belgium	2016	3010	included		5942a12f73ae7de97ff1dc4ee89939bd79a2d7fc4838281c991f27f78e87a06f
OR498060.1	expanded_retrieval	Orthohepacivirus hominis isolate 1b_72 polyprotein gene, complete cds	1	1b	1b	record source/definition	Belgium	2016	3010	included		2071ae1f88f9d0bb9fda7c71809135612fb361fc46e16cf68045e0082e53ff97
OR498061.1	expanded_retrieval	Orthohepacivirus hominis isolate 1b_73 polyprotein gene, complete cds	1	1b	1b	record source/definition	Belgium	2016	3010	excluded	excessive_ambiguous_amino_acids	f3d557564ad3d9251f8ff648cbc35c50d9812cf9bfb7aa7f0c5a56c728ab8aa3
OR498062.1	expanded_retrieval	Orthohepacivirus hominis isolate 1b_74 polyprotein gene, partial cds	1	1b	1b	record source/definition	Belgium	2016	3011	excluded	excessive_ambiguous_amino_acids	0e58dc5c0f64dff7b4671cd5d11630df1796f793f07a245f580247874d81f935
OR498063.1	expanded_retrieval	Orthohepacivirus hominis isolate 1b_75 polyprotein gene, complete cds	1	1b	1b	record source/definition	Belgium	2016	3010	excluded	excessive_ambiguous_amino_acids	e0f90372b682ec3d30ab03541167e9693a60bd21f7e86917a3a8ae9d328a2faf
OR498064.1	expanded_retrieval	Orthohepacivirus hominis isolate 1b_76 polyprotein gene, complete cds	1	1b	1b	record source/definition	Belgium	2016	3012	included		34ea442a788c02340ae520bbb04440999b0ebdd60eafeac8fbce9ab99d197a43
OR498065.1	expanded_retrieval	Orthohepacivirus hominis isolate 1b_77 polyprotein gene, complete cds	1	1b	1b	record source/definition	Belgium	2016	3010	excluded	excessive_ambiguous_amino_acids	ace0463c0f600f6aade5db5f0087ef8b4082e4f18939789ed681b4a5c67878ae
OR498066.1	expanded_retrieval	Orthohepacivirus hominis isolate 1b_78 polyprotein gene, complete cds	1	1b	1b	record source/definition	Belgium	2017	3011	excluded	excessive_ambiguous_amino_acids	fa6b93ea16618895e8256537d1eb7cbdfe58e02cd1ec65d70dde45fd66c9bd22
OR498067.1	expanded_retrieval	Orthohepacivirus hominis isolate 1b_79 polyprotein gene, complete cds	1	1b	1b	record source/definition	Belgium	2017	3011	included		623b1d55cbdcfb515186a79571e4b041cb0bfabe9d2c0e493347e49be34e6c01
OR498068.1	expanded_retrieval	Orthohepacivirus hominis isolate 1b_80 polyprotein gene, complete cds	1	1b	1b	record source/definition	Belgium	2017	3010	excluded	excessive_ambiguous_amino_acids	cfb7667acf32a3a861b4c1a21be5b655151f7f50f1f98ba43e6c200cbab386e5
OR498069.1	expanded_retrieval	Orthohepacivirus hominis isolate 1b_81 polyprotein gene, complete cds	1	1b	1b	record source/definition	Belgium	2017	3010	excluded	excessive_ambiguous_amino_acids	7e08426db689be8ea4f5d6a19135503d21fcbbcee327a421bb62c247690fb8c9
OR498070.1	expanded_retrieval	Orthohepacivirus hominis isolate 1b_82 polyprotein gene, complete cds	1	1b	1b	record source/definition	Belgium	2017	3010	excluded	excessive_ambiguous_amino_acids	161aa92e4f2537e3596ec3dbaad2e26a6eaae2eb92ec9f06f727539665130e88
OR498071.1	expanded_retrieval	Orthohepacivirus hominis isolate 1b_83 polyprotein gene, complete cds	1	1b	1b	record source/definition	Belgium	2017	3010	excluded	excessive_ambiguous_amino_acids	a212567a6bb9cd33c577fefe38b882912e5d903d55e085ca2df60b594941436a
OZ474892.1	archived_retrieval	hepatitis C virus genotype 1a isolate HCV/NG/12230630/2023 genome assembly, complete genome: monopartite	1	1a	1a	record source/definition	Nigeria:Ondo State, Owo	2023-10-16	0	excluded	no_annotated_CDS_translation	ad569c9cab6e841561fd6ac9284025e281b498e40e5c5d9c980b1f58082d17b0
OZ474893.1	archived_retrieval	hepatitis C virus genotype 1b isolate HCV/NG/14240353/2024 genome assembly, complete genome: monopartite	1	1b	1b	record source/definition	Nigeria:Ebonyi State, Abakaliki, Abofia	2024-02-29	0	excluded	no_annotated_CDS_translation	917d1f1ecb39be2b159566f15645a5123565ef9a35fde1d27abdf9a63b3e7c12
OZ474894.1	archived_retrieval	hepatitis C virus genotype 1b isolate HCV/NG/14241782/2024 genome assembly, complete genome: monopartite	1	1b	1b	record source/definition	Nigeria:Ebonyi State, Abakaliki	2024-06-25	0	excluded	no_annotated_CDS_translation	f635d08e3ba6d223965398b6fe546b93726c23532f155213e8dfabe9a5d9396b
OZ474895.1	archived_retrieval	Hepatitis C virus subtype 4a isolate HCV/NG/14240496/2024 genome assembly, complete genome: monopartite	4	4a	4a	record source/definition	Nigeria:Ebonyi State, Ishielu, Ohabueze	2024-02-29	0	excluded	no_annotated_CDS_translation	de161e6d10b544c769229d58940f7c0a648c975d40146691e83ec3cc40337360
OZ474896.1	archived_retrieval	hepatitis C virus genotype 1a isolate HCV/NG/11240191/2024 genome assembly, complete genome: monopartite	1	1a	1a	record source/definition	Nigeria:Lagos State, Ikorodu	2024-01-24	0	excluded	no_annotated_CDS_translation	b99667debff4265168a24ddc97acd2628c81bc285a3912be1f4a5b498acdecf1
OZ474897.1	archived_retrieval	Hepatitis C virus subtype 2a isolate HCV/NG/14240745/2024 genome assembly, complete genome: monopartite	2	2a	2a	record source/definition	Nigeria:Ebonyi State, Abakaliki	2024-03-27	0	excluded	no_annotated_CDS_translation	e73764ae5b8f694bcee0db56a703f7bdb341c57d7d904a3bcc4bf42cec406dd8
OZ474898.1	archived_retrieval	hepatitis C virus genotype 1a isolate HCV/NG/11240235/2024 genome assembly, complete genome: monopartite	1	1a	1a	record source/definition	Nigeria:Lagos State, Ikorodu	2024-02-06	0	excluded	no_annotated_CDS_translation	6569777d1ab91dd553f2659e5cf1d671d4cb74d0414c2b6ea2065aa01027a1c5
OZ474899.1	archived_retrieval	Hepatitis C virus subtype 4a isolate HCV/NG/14240330/2024 genome assembly, complete genome: monopartite	4	4a	4a	record source/definition	Nigeria:Ebonyi State, Abakaliki	2024-02-20	0	excluded	no_annotated_CDS_translation	337aa8838c0b3e9ba023e5bbdc9d00679eb65845b22d47c95713127f3cf57a8b
PP092205.1	expanded_retrieval	Orthohepacivirus hominis isolate Pt1, complete genome	unknown	unknown	8	unclassified; query term alone insufficient	United Kingdom	2021	3018	excluded	unmodelable_interface_insertion	4ed579bb7ceafa8e378a79211824a94766acab461fd1ae376caa59ddf0fb18f9
PP092206.1	expanded_retrieval	Orthohepacivirus hominis isolate Pt2, complete genome	unknown	unknown	8	unclassified; query term alone insufficient	United Kingdom	2022	3017	excluded	excessive_ambiguous_amino_acids	b81cf8fb3c973a6b6aa31f6e55ebe84a78b9041893dfd0432fe407bad85085e9
PP092207.1	expanded_retrieval	Orthohepacivirus hominis isolate Pt3, partial genome	unknown	unknown	8	unclassified; query term alone insufficient	United Kingdom	2018	3020	excluded	excessive_ambiguous_amino_acids	0bad0b110b401290a089315c96a97c2064bc0cf2e4fffedc05f6e4729e807e75
PP092208.1	expanded_retrieval	Orthohepacivirus hominis isolate Pt1_del, partial genome	unknown	unknown	8	unclassified; query term alone insufficient	United Kingdom	2021	3018	excluded	excessive_ambiguous_amino_acids	8caa6fbb59231e2ee7a72d447d540ca69ed90963677748e48893b980940af523
PP372686.1	archived_retrieval	Orthohepacivirus hominis isolate SH-ZSH01 polyprotein gene, complete cds	2	2a	2a	record source/definition	China	21-May-2021	3033	included		b5351f55129c26b39d0c189c16635e346fc1155658c82a4a43359e4f74b80a89
PQ365510.1	expanded_retrieval	Orthohepacivirus hominis isolate HCV-Nepal-TUTH14 polyprotein (POLY) gene, complete cds; and protein F-like (POLY) gene, complete sequence	1	1b	1b	record source/definition	Nepal	21-Dec-2022	3010	excluded	excessive_ambiguous_amino_acids	d39de33588f13e07a0c582f2a05e1b959e41d222e1b5ed96d368eef69f0b4088
PQ638501.1	expanded_retrieval	Orthohepacivirus hominis isolate POUSEE5157 polyprotein (POLY) gene, complete cds	7	7	7	record source/definition	Uganda	30-Aug-2019	3017	excluded	unmodelable_interface_insertion	b84452d9b681ffc6b5f92b65f7b7ef137243e0c25a1367335972a23fd691181c
PQ638502.1	expanded_retrieval	Orthohepacivirus hominis isolate POUSEE5160 polyprotein (POLY) gene, complete cds	7	7	7	record source/definition	Uganda	30-Aug-2019	3017	excluded	unmodelable_interface_insertion	efbddb5f23337d91a6b35ae40bb12d2ed53930b55fcaaf485868a05dd1cd7140
PQ660823.1	archived_retrieval	Orthohepacivirus hominis isolate KEN004 polyprotein gene, complete cds	1	1a	4a	record source/definition	Kenya	16-Dec-2015	3011	included		45c419f90b707e481764736ac0369401becb5b751b896d500cac5400eb7f008d
PQ660824.1	archived_retrieval	Orthohepacivirus hominis isolate KEN006 polyprotein gene, complete cds	1	1a	4a	record source/definition	Kenya	16-Dec-2015	3011	included		fb1743249a9f013cd0c12f3e92c072efd6adaafa99c6d61bfe793145bf0e7ed9
PQ660825.1	archived_retrieval	Orthohepacivirus hominis isolate KEN008 polyprotein gene, complete cds	1	1a	4a	record source/definition	Kenya	16-Dec-2015	3011	included		72a9fdcf4efc96476c283b8eee0ed69df472e650f6b6b1df7dfeedb10defb1f6
PQ660826.1	archived_retrieval	Orthohepacivirus hominis isolate KEN017 polyprotein gene, complete cds	1	1a	4a	record source/definition	Kenya	16-Dec-2015	3011	included		a991661f7f319183d8de2d4eac4be765c4c9b0913e5461d1786e8516f97a5c3b
PQ660827.1	archived_retrieval	Orthohepacivirus hominis isolate KEN020 polyprotein gene, complete cds	1	1a	4a	record source/definition	Kenya	16-Dec-2015	3011	included		36d816792896afc292547530ef316339da673d412f1d7e27217281a56794c6f4
PQ660828.1	archived_retrieval	Orthohepacivirus hominis isolate KEN021 polyprotein gene, complete cds	1	1a	4a	record source/definition	Kenya	17-Dec-2015	3011	included		080a737b2904feffc098fa7b8228577523e5af753b71e3e1a5cd68149e4ee39f
PQ660829.1	archived_retrieval	Orthohepacivirus hominis isolate KEN041 polyprotein gene, complete cds	1	1a	4a	record source/definition	Kenya	18-Dec-2015	3011	included		959634f1f32e227d85c74cea07e8e976cc5b008eb037cbc33f4be3d7a8676e0c
PQ660830.1	archived_retrieval	Orthohepacivirus hominis isolate KEN075 polyprotein gene, complete cds	4	4a	4a	record source/definition	Kenya	21-Dec-2015	3008	included		400beb5377e81ecfcced4a936936081bbeb871bdead6254921eaf61e4c68b843
PQ660831.1	archived_retrieval	Orthohepacivirus hominis isolate KEN077 polyprotein gene, complete cds	1	1a	4a	record source/definition	Kenya	21-Dec-2015	3011	included		8ff15d0321c56b5c0f345e8327f2f7c142d4e508e5b6f50c7cc9e52b81a3c734
PQ660832.1	archived_retrieval	Orthohepacivirus hominis isolate KEN080 polyprotein gene, complete cds	1	1a	4a	record source/definition	Kenya	21-Dec-2015	3011	included		0c58a9ff57aa4ccaadf8193f2eb346746eafc1b2da0ef5bd6273aa3b690cdd90
PQ660833.1	archived_retrieval	Orthohepacivirus hominis isolate KEN103 polyprotein gene, complete cds	1	1a	4a	record source/definition	Kenya	22-Dec-2015	3011	included		ab6419da14c5195f29dea398788eda486dd258233c90317704187f48545dce4b
PQ660834.1	archived_retrieval	Orthohepacivirus hominis isolate KEN109 polyprotein gene, complete cds	1	1a	4a	record source/definition	Kenya	22-Dec-2015	3011	included		27df4f98c765697c3f2553ffd74b9b472d517fe082134dfa6071710bbd19f8e2
PQ660835.1	archived_retrieval	Orthohepacivirus hominis isolate KEN113 polyprotein gene, complete cds	1	1a	4a	record source/definition	Kenya	22-Dec-2015	3011	included		6378b6b935bb1e79a9c2764b945f08e2acd35e1de81df5ce286f880e6cca3f66
PQ660836.1	archived_retrieval	Orthohepacivirus hominis isolate KEN120 polyprotein gene, complete cds	1	1a	4a	record source/definition	Kenya	19-Jan-2016	3011	included		023c12e578b424eb9cdd4a875b9893c9f141a292fe885c0df4b4eda1d8ae89c5
PQ660837.1	archived_retrieval	Orthohepacivirus hominis isolate KEN125 polyprotein gene, partial cds	4	4a	4a	record source/definition	Kenya	19-Jan-2016	3008	included		22d8ba2b7658ee47b943432f2a56b8763514707e2e9b22e737c4d099d1e6a52f
PQ660838.1	archived_retrieval	Orthohepacivirus hominis isolate KEN126 polyprotein gene, complete cds	1	1a	4a	record source/definition	Kenya	19-Jan-2016	3011	included		ae012c0460cf7632542b799fdd86de9dce61bfa0cba425f5b1c27410ed0f6e6e
PQ660839.1	archived_retrieval	Orthohepacivirus hominis isolate KEN135 polyprotein gene, partial cds	4	4a	4a	record source/definition	Kenya	19-Jan-2016	2987	included		199b2a69fe421c47a01245f96e40bc080f8ce3b1a7e59170ed1cde7b6727fdf8
PQ660840.1	archived_retrieval	Orthohepacivirus hominis isolate KEN142 polyprotein gene, partial cds	4	4a	4a	record source/definition	Kenya	20-Jan-2016	3008	included		dbcfd0c75de00095278b01b28b0884a3f23165d8b20742f4e0f6e69e5a0e52c3
PQ660841.1	archived_retrieval	Orthohepacivirus hominis isolate KEN148 polyprotein gene, complete cds	1	1a	4a	record source/definition	Kenya	20-Jan-2016	3011	included		a8c7beced11231ce515de550afbdf27a8112517acb95b59e3991955faa68a514
PQ660842.1	archived_retrieval	Orthohepacivirus hominis isolate KEN164 polyprotein gene, complete cds	1	1a	4a	record source/definition	Kenya	20-Jan-2016	3011	included		8a7a16d9ddb68092b30aaca870791a84a12da9ef964787ccdfc48263b040cd6e
PQ660843.1	archived_retrieval	Orthohepacivirus hominis isolate KEN169 polyprotein gene, complete cds	1	1a	4a	record source/definition	Kenya	21-Jan-2016	3011	included		b85ad2843b220336abb3a2b8c5498fa84627be65b612a841b5a3dc84c511cc36
PQ660844.1	archived_retrieval	Orthohepacivirus hominis isolate KEN175 polyprotein gene, complete cds	1	1a	4a	record source/definition	Kenya	21-Jan-2016	3011	included		e5b69e62b9304e9c757be81121c19ede2ef67e69c7f050eda131e4a9ddcc7df7
PQ660845.1	archived_retrieval	Orthohepacivirus hominis isolate KEN179 polyprotein gene, complete cds	1	1a	4a	record source/definition	Kenya	21-Jan-2016	3011	included		a7dd4a8a9578506a2478f1da29a377fe7b006d6b4de2c68b3e4fe675e1b232f6
PQ660846.1	archived_retrieval	Orthohepacivirus hominis isolate KEN181 polyprotein gene, complete cds	1	1a	4a	record source/definition	Kenya	21-Jan-2016	3011	included		520c3cc0b69374082dea8400893c2ad8fe4681b3a0f638b6e1de1c713159aa27
PQ660847.1	archived_retrieval	Orthohepacivirus hominis isolate KEN200 polyprotein gene, partial cds	4	4a	4a	record source/definition	Kenya	22-Jan-2016	2987	included		01613dbf92f92190bc84304e52b2adf022b0a76a37a005fd4edd646c98b65e38
PQ660848.1	archived_retrieval	Orthohepacivirus hominis isolate KEN202 polyprotein gene, partial cds	4	4a	4a	record source/definition	Kenya	22-Jan-2016	3008	included		2f09ee1669d75d8536967b87fab044ad5105bb8f393a657d4cf5ac10f2f04430
PQ660849.1	archived_retrieval	Orthohepacivirus hominis isolate KEN216 polyprotein gene, complete cds	1	1a	4a	record source/definition	Kenya	06-Jun-2016	3011	included		c29833cbc56997bebe1036004dcbb9ba11eaf0835cdc54b5bd34cb3ac6374bf1
PQ660850.1	archived_retrieval	Orthohepacivirus hominis isolate KEN222 polyprotein gene, complete cds	1	1a	4a	record source/definition	Kenya	06-Jun-2016	3011	included		7b1c25558dbb6e227ca9c142b091ae0187e396e537c1ef561298de88533816f3
PQ660851.1	archived_retrieval	Orthohepacivirus hominis isolate KEN229 polyprotein gene, partial cds	1	1a	4a	record source/definition	Kenya	07-Jun-2016	3011	included		b91188366962c7dd46ef7c73952c014934264787a8e3b091d4c4c1ab626f6f7d
PQ660852.1	archived_retrieval	Orthohepacivirus hominis isolate KEN244 polyprotein gene, partial cds	4	4a	4a	record source/definition	Kenya	08-Jun-2016	3005	included		c37edb98ea664b8e26e720fac57a84e25eff02056c6a37e66fcb37ecd5643d7b
PQ660853.1	archived_retrieval	Orthohepacivirus hominis isolate KEN254 polyprotein gene, complete cds	1	1a	4a	record source/definition	Kenya	08-Jun-2016	3011	included		7af63dc9b96975c33f904256dd8d3ee5cd173a6cfce02a673e7eb7378648383a
PQ660854.1	archived_retrieval	Orthohepacivirus hominis isolate KEN292 polyprotein gene, complete cds	1	1a	4a	record source/definition	Kenya	10-Jun-2016	3011	included		6811484db3e0bcb63088f81367e2375ac7533c78a0f83745056dcbd79a91c0f4
PQ660855.1	archived_retrieval	Orthohepacivirus hominis isolate KEN324 polyprotein gene, complete cds	1	1a	4a	record source/definition	Kenya	15-Jun-2016	3011	included		b206ccb2dd3babc67ac6ba93c982d1839a09d25f1631575f0531d649c488e536
PQ660856.1	archived_retrieval	Orthohepacivirus hominis isolate KEN355 polyprotein gene, complete cds	4	4a	4a	record source/definition	Kenya	16-Jun-2016	3008	included		a8ee54e1df8eaf5fd148c15c4720bddf840e1236165c875a4fd0c49882402962
PQ660857.1	archived_retrieval	Orthohepacivirus hominis isolate KEN357 polyprotein gene, partial cds	4	4a	4a	record source/definition	Kenya	17-Jun-2016	3008	included		41f496bae0639bf934cd1c40a140b8d0a40cb8ffb31f75b49d6ac4f605e729d4
PQ660858.1	archived_retrieval	Orthohepacivirus hominis isolate KEN363 polyprotein gene, complete cds	1	1a	4a	record source/definition	Kenya	17-Jun-2016	3011	included		76681fcff623452fc62c2da5e18bc2670cdbf54a8c5446ce0e0416be293b0368
PQ660859.1	archived_retrieval	Orthohepacivirus hominis isolate KEN371 polyprotein gene, complete cds	4	4a	4a	record source/definition	Kenya	17-Jun-2016	3008	included		96eb2339a4bfc59d7576291de622005d3fd56c1da7689d7c3682cafea74476a7
PX386717.1	expanded_retrieval	Orthohepacivirus hominis isolate NGS1_1 polyprotein (POLY) gene, complete cds; and similar to protein F gene	3	3a	3a	record source/definition	United Kingdom	2015	3021	included		a1c425c67e42a555798c6def7a01acae327f6324db556795fac37be55a38fa03
PX386719.1	expanded_retrieval	Orthohepacivirus hominis isolate NGS1_11 polyprotein (POLY) gene, complete cds; and similar to protein F gene	3	3a	3a	record source/definition	United Kingdom	2017	3021	included		b60b96b16f6426f92559d779d887af55983993e9784eef2b55ac59e0d3bdb488
PX386720.1	expanded_retrieval	Orthohepacivirus hominis isolate NGS1_12 polyprotein (POLY) gene, partial cds; and similar to protein F gene	3	3a	3a	record source/definition	United Kingdom	2014	2997	excluded	excessive_ambiguous_amino_acids	600242324372d445c3115cb6cc33b2b43e6f381f4d2039ef6afc076954924de6
PX386721.1	expanded_retrieval	Orthohepacivirus hominis isolate NGS1_13 polyprotein (POLY) gene, complete cds; and similar to protein F gene	1	1b	1b	record source/definition	United Kingdom	2014	3010	excluded	excessive_ambiguous_amino_acids	3a083d44bbff470de70d63ab4576d181b43d64bf5988f0352ce323a2836b224c
PX386722.1	expanded_retrieval	Orthohepacivirus hominis isolate NGS1_14 polyprotein (POLY) gene, complete cds; and similar to protein F gene	3	3a	3a	record source/definition	United Kingdom	2016	3021	excluded	excessive_ambiguous_amino_acids	c5ce38d54eff243b48229c52854f609f72718434ee73a6b9a1389d719e6ae075
PX386723.1	expanded_retrieval	Orthohepacivirus hominis isolate NGS1_15 polyprotein (POLY) gene, complete cds; and similar to protein F gene	3	3a	3a	record source/definition	United Kingdom	2017	3021	included		0d71f407be47f3999281ed06f197e599020df4dc21b03e75b0480d181156425a
PX386725.1	expanded_retrieval	Orthohepacivirus hominis isolate NGS1_18 polyprotein (POLY) and protein F (POLY) genes, complete cds	1	1b	1b	record source/definition	United Kingdom	2014	3010	included		f776cc407b39e41265592a4a71fc249c106a2707adecf49137313467e6a3fb87
PX386726.1	archived_retrieval	Orthohepacivirus hominis isolate NGS1_19 polyprotein (POLY) gene, complete cds; and similar to protein F gene	2	2b	2b	record source/definition	United Kingdom	2016	3033	excluded	excessive_ambiguous_amino_acids	57f5d3c7334f852003dfee77fb3b839b59f2d9599fc7d0529fb89efe4dfa79c5
PX386727.1	expanded_retrieval	Orthohepacivirus hominis isolate NGS1_2 polyprotein (POLY) gene, partial cds; and similar to protein F gene	3	3a	3a	record source/definition	United Kingdom	2014	2996	included		63eae9ede36c0c13885da039da19f10c06935744733c7ff5c63821288e5c2499
PX386728.1	archived_retrieval	Orthohepacivirus hominis isolate NGS1_20 polyprotein (POLY) gene, complete cds; and similar to protein F gene	2	2b	2b	record source/definition	United Kingdom	2017	3033	included		0f69dba8624c9e608151feb71aa0975730a61e29b66923638788968fc7c589f7
PX386729.1	expanded_retrieval	Orthohepacivirus hominis isolate NGS1_21 polyprotein (POLY) gene, complete cds; and similar to protein F gene	3	3a	3a	record source/definition	United Kingdom	2015	3022	excluded	excessive_ambiguous_amino_acids	d91568c76569c8de9eecd2564f17470653fa13e03c8ef3caf8ec500aea53dd8a
PX386730.1	expanded_retrieval	Orthohepacivirus hominis isolate NGS1_22 polyprotein (POLY) gene, complete cds; and similar to protein F gene	3	3a	3a	record source/definition	United Kingdom	2017	3021	included		16abf975f60b8f151872f4c299274725ceb54b867841dded3c255f8d72bc35ee
PX386731.1	expanded_retrieval	Orthohepacivirus hominis isolate NGS1_23 polyprotein (POLY) gene, complete cds; and similar to protein F gene	1	1b	1b	record source/definition	United Kingdom	2015	3010	included		e7917a34c6d08b8fc8b1c1fda07ad8e24c2ae2f2cce671d6c8cee3d01716c1a7
PX386732.1	expanded_retrieval	Orthohepacivirus hominis isolate NGS1_24 polyprotein (POLY) gene, complete cds; and similar to protein F gene	3	3a	3a	record source/definition	United Kingdom	2017	3021	excluded	excessive_ambiguous_amino_acids	3c072f6c7d7a39bd54026f155704ea99b7383a664fb3e1b5ffa2237aceffeb73
PX386733.1	expanded_retrieval	Orthohepacivirus hominis isolate NGS1_26 polyprotein (POLY) gene, complete cds; and similar to protein F gene	3	3a	3a	record source/definition	United Kingdom	2014	3013	included		7013a4f7e8175eae09fd367dee62ab896a56609a51d5b4d2b326c6c0fe84946f
PX386734.1	expanded_retrieval	Orthohepacivirus hominis isolate NGS1_27 polyprotein (POLY) gene, complete cds; and similar to protein F gene	3	3a	3a	record source/definition	United Kingdom	2014	3021	excluded	excessive_ambiguous_amino_acids	8510a7d2d69e79dcc67a3e6217bb3238839574bb0873b6e24fe4dc9e3dd77baa
PX386735.1	expanded_retrieval	Orthohepacivirus hominis isolate NGS1_28 polyprotein (POLY) gene, complete cds; and similar to protein F gene	3	3a	3a	record source/definition	United Kingdom	2014	3018	excluded	excessive_ambiguous_amino_acids	bedb0b76f55094a63ee5d700b2aa83a710974591eee70d42c1e275ff72cb849e
PX386736.1	expanded_retrieval	Orthohepacivirus hominis isolate NGS1_29 polyprotein (POLY) gene, complete cds; and similar to protein F gene	3	3a	3a	record source/definition	United Kingdom	2016	3019	excluded	excessive_ambiguous_amino_acids	406b95b11c695c4098c5a3d1fe3a632860a451280e7a8701841c3b5c21697757
PX386738.1	expanded_retrieval	Orthohepacivirus hominis isolate NGS1_33 polyprotein (POLY) gene, complete cds; and similar to protein F gene	3	3a	3a	record source/definition	United Kingdom	2016	3022	included		6820948d3272ae77927ba1d37d859845dd678452026b693d5344719d9b295190
PX386741.1	expanded_retrieval	Orthohepacivirus hominis isolate NGS1_39 polyprotein (POLY) gene, complete cds; and similar to protein F gene	3	3a	3a	record source/definition	United Kingdom	2016	3021	included		776d245c1dff9ddbb898e461e9fa3bf3a29cb2e6f67399faeede6f36a6f617aa
PX386742.1	expanded_retrieval	Orthohepacivirus hominis isolate NGS1_4 polyprotein (POLY) gene, complete cds; and similar to protein F gene	3	3a	3a	record source/definition	United Kingdom	2016	3023	included		a539bff9f409ccf417cef3c64bd1221a23289ea6dbbce75e51ea3334e64f7d6c
PX386743.1	expanded_retrieval	Orthohepacivirus hominis isolate NGS1_41 polyprotein (POLY) gene, partial cds; and similar to protein F gene	1	1b	1b	record source/definition	United Kingdom	2014	3010	included		106d3279167455231f41a61be91785116b93beb1395ca91c11f8a8f635ef76ce
PX386744.1	expanded_retrieval	Orthohepacivirus hominis isolate NGS1_42 polyprotein (POLY) gene, complete cds; and similar to protein F gene	3	3a	3a	record source/definition	United Kingdom	2014	3021	included		99564b0774e4cee5854075b66c8d1f7a9c0965b6fa52a90d625436aac5f38bff
PX386746.1	expanded_retrieval	Orthohepacivirus hominis isolate NGS1_44 polyprotein (POLY) gene, complete cds; and similar to protein F gene	1	1b	1b	record source/definition	United Kingdom	2016	3010	included		7ca5c56b1769998a0264e71c19d66a74a9b2077b7832387ff49e70a442c07d7d
PX386749.1	expanded_retrieval	Orthohepacivirus hominis isolate NGS1_51 polyprotein (POLY) gene, complete cds; and similar to protein F gene	3	3a	3a	record source/definition	United Kingdom	2014	3021	excluded	excessive_ambiguous_amino_acids	acae1206c905b61e0bd70eba6d14de92b1c6e4d75d52e5d784d8f164b1461261
PX386750.1	expanded_retrieval	Orthohepacivirus hominis isolate NGS1_52 polyprotein (POLY) gene, complete cds; and similar to protein F gene	3	3a	3a	record source/definition	United Kingdom	2014	3021	included		3a20aa65afbdc32c5188f2a88eb3c2a5d72b52cbe108c0110ba0ebcae8b9f26a
PX386751.1	expanded_retrieval	Orthohepacivirus hominis isolate NGS1_53 polyprotein (POLY) gene, complete cds; and similar to protein F gene	3	3a	3a	record source/definition	United Kingdom	2014	3021	excluded	excessive_ambiguous_amino_acids	8fbfb32303d7aae565db46625ece2472c110ddbcb927532fd1c5fb6906e5e88e
PX386752.1	expanded_retrieval	Orthohepacivirus hominis isolate NGS1_54 polyprotein (POLY) gene, partial cds; and similar to protein F gene	3	3a	3a	record source/definition	United Kingdom	2015	2999	included		c5a95af7a861c69acd1431b3cca4075c90bf09520d39a58dacb23d00f43665c0
PX386753.1	expanded_retrieval	Orthohepacivirus hominis isolate NGS1_55 polyprotein (POLY) gene, complete cds; and similar to protein F gene	3	3a	3a	record source/definition	United Kingdom	2014	3021	included		22208409e88dad36e01bf9efbed4e0f2790c05ccda4cdbc95549c9d171311df6
PX386755.1	archived_retrieval	Orthohepacivirus hominis isolate NGS1_57 polyprotein (POLY) gene, partial cds; and similar to protein F gene	2	2b	2b	record source/definition	United Kingdom	2016	3036	included		672a1f8a3f8cb8323346b7fb050f273ee0eb35b8ce085d78be65d9a6bb464ebe
PX386759.1	expanded_retrieval	Orthohepacivirus hominis isolate NGS1_62 polyprotein (POLY) gene, complete cds; and similar to protein F gene	3	3a	3a	record source/definition	United Kingdom	2017	3022	included		dfa52e679bb238a120447a1dfb24f6f3a71ec37204e6b9f23690441e2b813786
PX386760.1	expanded_retrieval	Orthohepacivirus hominis isolate NGS1_7 polyprotein (POLY) gene, complete cds; and similar to protein F gene	3	3a	3a	record source/definition	United Kingdom	2013	3021	included		dcfa3f4008715ce5ff20beb334af13eb70bd1c6352ddb21f437f00670c987d2a
PX386761.1	expanded_retrieval	Orthohepacivirus hominis isolate NGS1_8 polyprotein (POLY) gene, complete cds; and similar to protein F gene	3	3a	3a	record source/definition	United Kingdom	2016	3021	excluded	excessive_ambiguous_amino_acids	5da964d6ddc3d05b84b3163544886d0768f447def9b6b447462c4946a68d6738
PX386762.1	expanded_retrieval	Orthohepacivirus hominis isolate NGS1_9 polyprotein (POLY) gene, complete cds; and similar to protein F gene	3	3a	3a	record source/definition	United Kingdom	2014	3020	excluded	excessive_ambiguous_amino_acids	fa5c8dfc71d070cfe66f8e541dc0d1858cc9e3e3c7f4190397163a09941d0fa0
PX386763.1	expanded_retrieval	Orthohepacivirus hominis isolate NGS2_100 polyprotein (POLY) gene, complete cds; and similar to protein F gene	3	3a	3a	record source/definition	United Kingdom	2013	3021	excluded	excessive_ambiguous_amino_acids	5634acfc752b4898cbe6c068d2f6517d092909fe8e91dea2e96e0a4144a2854b
PX386766.1	expanded_retrieval	Orthohepacivirus hominis isolate NGS2_103 polyprotein (POLY) gene, partial cds; and protein F (POLY) gene, complete cds	1	1a	1a	record source/definition	United Kingdom	2017	3010	excluded	excessive_ambiguous_amino_acids	0ba778d094d7b6cf8926408146e8f85c70640dfadbe0fd223d7ebfa13ed7d018
PX386767.1	expanded_retrieval	Orthohepacivirus hominis isolate NGS2_104 polyprotein (POLY) and protein F (POLY) genes, complete cds	1	1a	1a	record source/definition	United Kingdom	2017	3011	excluded	excessive_ambiguous_amino_acids	302ea2daad3c7aad9cda04aa943a67e3548dcbb9cde2efcb5becd14277c3a6e1
PX386768.1	expanded_retrieval	Orthohepacivirus hominis isolate NGS2_105 polyprotein (POLY) gene, complete cds; and similar to protein F gene	3	3a	3a	record source/definition	United Kingdom	2014	3021	excluded	excessive_ambiguous_amino_acids	80869f95155260b4b1c029abcce23a02d879ddd1dd9e5d53a94426fe4d94b07b
PX386769.1	expanded_retrieval	Orthohepacivirus hominis isolate NGS2_106 polyprotein (POLY) gene, partial cds; and similar to protein F gene	1	1a	1a	record source/definition	United Kingdom	2017	3008	excluded	excessive_ambiguous_amino_acids	e2cd10fc289441ece99fef5d2caada394fad71dfa518f197a54b4d9760fd29ff
PX386770.1	expanded_retrieval	Orthohepacivirus hominis isolate NGS2_107 polyprotein (POLY) gene, partial cds; and protein F (POLY) gene, complete cds	1	1a	1a	record source/definition	United Kingdom	2016	3009	included		483cd5a46cb11188d17823360da5eb50ffb2a0d06ae9dc1b18ef670c85d73a41
PX386771.1	expanded_retrieval	Orthohepacivirus hominis isolate NGS2_108 polyprotein (POLY) gene, complete cds; and similar to protein F gene	3	3a	3a	record source/definition	United Kingdom	2013	3021	included		bcc4f2591f5174ed4407cdf6ddd1c362b6da3cf8c898e1a87ec69f26be46ff96
PX386772.1	expanded_retrieval	Orthohepacivirus hominis isolate NGS2_109 polyprotein (POLY) gene, complete cds; and similar to protein F gene	3	3a	3a	record source/definition	United Kingdom	2017	3021	excluded	excessive_ambiguous_amino_acids	4e52591416feef73301d54ef94eef419a85f6d9ca95e21ede9a6aadab4ce8e33
PX386773.1	expanded_retrieval	Orthohepacivirus hominis isolate NGS2_110 polyprotein (POLY) gene, complete cds; and similar to protein F gene	3	3a	3a	record source/definition	United Kingdom	2015	3021	excluded	excessive_ambiguous_amino_acids	f42af3b1c548e10536249bb2732fb25d7201288e8386a2e637d26a730a37da01
PX386774.1	expanded_retrieval	Orthohepacivirus hominis isolate NGS2_111 polyprotein (POLY) and protein F (POLY) genes, complete cds	1	1a	1a	record source/definition	United Kingdom	2017	3011	excluded	excessive_ambiguous_amino_acids	9bce223d2a92e91d50cc59c77f34ccdad8637488bed5b7d5e9d63b4f2c4685aa
PX386775.1	expanded_retrieval	Orthohepacivirus hominis isolate NGS2_112 polyprotein (POLY) and protein F (POLY) genes, complete cds	1	1a	1a	record source/definition	United Kingdom	2017	3011	included		9c470344aa66934719733091f8f4958c7df0225e21383979cf198c4d0a1d6dfc
PX386776.1	expanded_retrieval	Orthohepacivirus hominis isolate NGS2_113 polyprotein (POLY) gene, complete cds; and similar to protein F gene	3	3a	3a	record source/definition	United Kingdom	2016	3021	included		474897a562574df20c6063656b8c15686971906752b2d48bf1a54e38839cf9a3
PX386777.1	expanded_retrieval	Orthohepacivirus hominis isolate NGS2_114 polyprotein (POLY) and protein F (POLY) genes, complete cds	1	1b	1b	record source/definition	United Kingdom	2014	3010	excluded	excessive_ambiguous_amino_acids	7827048167624f1310bda52373384a07d873aef2e0bd3164d22cf6a266b91325
PX386778.1	expanded_retrieval	Orthohepacivirus hominis isolate NGS2_115 polyprotein (POLY) gene, complete cds; and similar to protein F gene	1	1b	1b	record source/definition	United Kingdom	2016	3010	excluded	excessive_ambiguous_amino_acids	eb84d2f5413ac290d1d3ff6ae920553ccb8d867fb4155a3a9c5067ddcacddefd
PX386779.1	expanded_retrieval	Orthohepacivirus hominis isolate NGS2_116 polyprotein (POLY) and protein F (POLY) genes, complete cds	1	1a	1a	record source/definition	United Kingdom	2017	3011	included		6a481eae32a176e328e3185ddba01f3449cab85dee4bb65444c041d4059296cb
PX386780.1	expanded_retrieval	Orthohepacivirus hominis isolate NGS2_117 polyprotein (POLY) gene, partial cds; and protein F (POLY) gene, complete cds	1	1a	1a	record source/definition	United Kingdom	2017	3009	excluded	excessive_ambiguous_amino_acids	ff799bf83c703425e4be35d412d0a1a5d42a3ca917d2966a4fd73d2a030655fa
PX386781.1	expanded_retrieval	Orthohepacivirus hominis isolate NGS2_119 polyprotein (POLY) gene, complete cds; and similar to protein F gene	3	3a	3a	record source/definition	United Kingdom	2015	3021	included		cbc34c9a8c8d0b3988dc4fffd0b45f31f26523bd0ddef380208c3a3b95857908
PX386782.1	expanded_retrieval	Orthohepacivirus hominis isolate NGS2_121 polyprotein (POLY) and protein F (POLY) genes, complete cds	1	1a	1a	record source/definition	United Kingdom	2017	3011	included		0dcdb17b2b9f8dd510adfff350424acfc092b69a8204101656db32bf3f62b7f9
PX386784.1	expanded_retrieval	Orthohepacivirus hominis isolate NGS2_123 polyprotein (POLY) gene, partial cds; and protein F (POLY) gene, complete cds	1	1a	1a	record source/definition	United Kingdom	2017	2985	excluded	excessive_ambiguous_amino_acids	14805d22fc11520742ba6c83607b253d2fc7ebeab1b390586c75484f5f812bbe
PX386785.1	expanded_retrieval	Orthohepacivirus hominis isolate NGS2_124 polyprotein (POLY) gene, partial cds; and similar to protein F gene	1	1b	1b	record source/definition	United Kingdom	2014	2956	included		a6e3c2956a872e13f77674b9d5ebd147db524499eaf8aa1961c6cfcfd642c39f
PX386786.1	expanded_retrieval	Orthohepacivirus hominis isolate NGS2_64 polyprotein (POLY) and protein F (POLY) genes, complete cds	1	1a	1a	record source/definition	United Kingdom	2017	3011	excluded	excessive_ambiguous_amino_acids	f59ec515c0265742d3b4b15b04d1fb0b258a5f1f0e9cf8e1d1a8c64f57b0b15d
PX386787.1	expanded_retrieval	Orthohepacivirus hominis isolate NGS2_65 polyprotein (POLY) gene, complete cds; and similar to protein F gene	3	3a	3a	record source/definition	United Kingdom	2015	3012	excluded	excessive_ambiguous_amino_acids	cec7bf9efac69fa173826dffec2ffc131da494338487c12188c370910c0bb94c
PX386788.1	expanded_retrieval	Orthohepacivirus hominis isolate NGS2_67 polyprotein (POLY) gene, partial cds; and protein F (POLY) gene, complete cds	1	1a	1a	record source/definition	United Kingdom	2017	2990	included		a296c798bad392ba1239380938f63c8e1cdc12a45419cbd7914294419c44ae60
PX386789.1	expanded_retrieval	Orthohepacivirus hominis isolate NGS2_68 polyprotein (POLY) and protein F (POLY) genes, complete cds	1	1a	1a	record source/definition	United Kingdom	2017	3011	excluded	excessive_ambiguous_amino_acids	22ea6ce2b706a12aa8b472a82d90b97a1ea45cfa38d546cc3047c3e4b8fd3636
PX386790.1	expanded_retrieval	Orthohepacivirus hominis isolate NGS2_69 polyprotein (POLY) gene, complete cds; and similar to protein F gene	1	1b	1b	record source/definition	United Kingdom	2014	3010	excluded	excessive_ambiguous_amino_acids	0259ac251119860edc30bf55db63207e67f3eb1b334dfe18f3a45a5d62d6e009
PX386791.1	expanded_retrieval	Orthohepacivirus hominis isolate NGS2_72 polyprotein (POLY) gene, complete cds; and similar to protein F gene	3	3a	3a	record source/definition	United Kingdom	2016	3021	excluded	excessive_ambiguous_amino_acids	bc90211c0a33f10c5e1b342d3f380e79519f247afbc943b559f8b43373449b1c
PX386792.1	expanded_retrieval	Orthohepacivirus hominis isolate NGS2_73 polyprotein (POLY) and protein F (POLY) genes, complete cds	1	1a	1a	record source/definition	United Kingdom	2017	3011	excluded	excessive_ambiguous_amino_acids	5d279b8b9013e2d005ca4a1854dbb473fd22bcaa0276c91553b8c049b91c2219
PX386793.1	expanded_retrieval	Orthohepacivirus hominis isolate NGS2_75 polyprotein (POLY) gene, complete cds; and similar to protein F gene	1	1b	1b	record source/definition	United Kingdom	2017	3010	excluded	excessive_ambiguous_amino_acids	1400ed15b3122523e1e3f206f8887a6f15979d219a87129166a9f93ed9478bba
PX386794.1	expanded_retrieval	Orthohepacivirus hominis isolate NGS2_76 polyprotein (POLY) and protein F (POLY) genes, complete cds	1	1a	1a	record source/definition	United Kingdom	2016	3011	included		1d4ab4b4e6b818d7ee15ae730ffd277cb77f01eb6aa0c6482e87422f0a3d7911
PX386795.1	expanded_retrieval	Orthohepacivirus hominis isolate NGS2_77 polyprotein (POLY) gene, partial cds; and protein F (POLY) gene, complete cds	1	1a	1a	record source/definition	United Kingdom	2017	2988	excluded	excessive_ambiguous_amino_acids	467b442dc67a95e8bd2d647692f3b7345e90d619f56a503340c02ae7ac6b8845
PX386796.1	expanded_retrieval	Orthohepacivirus hominis isolate NGS2_78 polyprotein (POLY) gene, complete cds; and similar to protein F gene	3	3a	3a	record source/definition	United Kingdom	2017	3021	excluded	excessive_ambiguous_amino_acids	ca66bf03b766719fdd06e3f3f8b45eedefccd8ff227e4d118101bc961ae3a664
PX386797.1	expanded_retrieval	Orthohepacivirus hominis isolate NGS2_79 polyprotein (POLY) gene, complete cds; and similar to protein F gene	3	3a	3a	record source/definition	United Kingdom	2013	3020	included		28364961b04cd3871bfcbb6bb36184944b0b94b94dabb3565a34b161c82b36da
PX386798.1	expanded_retrieval	Orthohepacivirus hominis isolate NGS2_80 polyprotein (POLY) gene, complete cds; and similar to protein F gene	1	1a	1a	record source/definition	United Kingdom	2017	3011	included		9c60ba31a62dcfd5377b4bb585e8bd1e4ef426361e2bdf09b483f0787af23514
PX386799.1	expanded_retrieval	Orthohepacivirus hominis isolate NGS2_82 polyprotein (POLY) gene, complete cds; and similar to protein F gene	3	3a	3a	record source/definition	United Kingdom	2017	3021	excluded	excessive_ambiguous_amino_acids	7b94de7f5caffafc3c80c64749a80f936b9bb1c88701af5cb2d6e70dba2ecced
PX386800.1	archived_retrieval	Orthohepacivirus hominis isolate NGS2_84 polyprotein (POLY) gene, partial cds; and similar to protein F gene	2	2a	2a	record source/definition	United Kingdom	2016	3002	excluded	excessive_ambiguous_amino_acids	63a9d5293e433de4152d445717bc45d06a83f248d9951f7c1cb51ccfc6c2ea3b
PX386801.1	archived_retrieval	Orthohepacivirus hominis isolate NGS2_86 polyprotein (POLY) gene, complete cds; and similar to protein F gene	2	2b	2b	record source/definition	United Kingdom	2017	3033	included		c8a92f29eb48755c921987fc7b5f11747f94587d22f01cba814994d68c09236f
PX386802.1	expanded_retrieval	Orthohepacivirus hominis isolate NGS2_87 polyprotein (POLY) gene, partial cds; and similar to protein F gene	3	3a	3a	record source/definition	United Kingdom	2015	2995	excluded	excessive_ambiguous_amino_acids	394ddf2ea5dd5074356b97898b5cd142c0c2fe306a4df02e3e4a62ec4ac69c52
PX386803.1	expanded_retrieval	Orthohepacivirus hominis isolate NGS2_88 polyprotein (POLY) gene, partial cds; and protein F (POLY) gene, complete cds	1	1a	1a	record source/definition	United Kingdom	2016	3000	excluded	excessive_ambiguous_amino_acids	5dbebd8f6f6c5b8d50a0646d26c7b0a3d07b2aaa1df4d3b4a71eae22575ae21b
PX386804.1	expanded_retrieval	Orthohepacivirus hominis isolate NGS2_89 polyprotein (POLY) and protein F (POLY) genes, complete cds	1	1b	1b	record source/definition	United Kingdom	2017	3010	excluded	excessive_ambiguous_amino_acids	e21f411f607ec81207ad0d31178da9986ab8bd406b4e39582c9e33206d1fdea0
PX386805.1	expanded_retrieval	Orthohepacivirus hominis isolate NGS2_90 polyprotein (POLY) gene, partial cds; and protein F (POLY) gene, complete cds	1	1a	1a	record source/definition	United Kingdom	2018	2988	excluded	excessive_ambiguous_amino_acids	015ae9b9141341e93d07904d277e6fbaaf7c427d6f0926487e01037f34d2a0ab
PX386806.1	expanded_retrieval	Orthohepacivirus hominis isolate NGS2_91 polyprotein (POLY) and protein F (POLY) genes, complete cds	1	1a	1a	record source/definition	United Kingdom	2016	3011	included		0f981f647f3da4fdae69850401b63046633f0de024ec969066334e8930ebf99d
PX386807.1	expanded_retrieval	Orthohepacivirus hominis isolate NGS2_93 polyprotein (POLY) gene, complete cds; and similar to protein F gene	1	1a	1a	record source/definition	United Kingdom	2017	3011	excluded	excessive_ambiguous_amino_acids	3c511640622b70db8ec4ed8ce9deaca98e9acf8bff5f0ae0fb61aac2774b3756
PX386808.1	expanded_retrieval	Orthohepacivirus hominis isolate NGS2_94 polyprotein (POLY) gene, complete cds; and similar to protein F gene	3	3a	3a	record source/definition	United Kingdom	2014	3021	included		04e6ab40ceb7da853d5f19f4c75c6d73c82909918d805ff117f556a263b9f14d
PX386809.1	expanded_retrieval	Orthohepacivirus hominis isolate NGS2_95 polyprotein (POLY) gene, complete cds; and similar to protein F gene	3	3a	3a	record source/definition	United Kingdom	2017	3021	included		a8f8ec32346d1e4fd31b905915268fe5d65fdcb047082cb7318b660eb6670bcf
PX386810.1	expanded_retrieval	Orthohepacivirus hominis isolate NGS2_96 polyprotein (POLY) gene, complete cds; and similar to protein F gene	3	3a	3a	record source/definition	United Kingdom	2017	3021	excluded	excessive_ambiguous_amino_acids	a4f9e039dcc9885d227b37188902ddb06238aa4377ae3fd674b9a05f908f6ebc
PX386811.1	expanded_retrieval	Orthohepacivirus hominis isolate NGS2_97 polyprotein (POLY) gene, partial cds; and protein F (POLY) gene, complete cds	1	1a	1a	record source/definition	United Kingdom	2017	3009	excluded	excessive_ambiguous_amino_acids	0b6e83b785142ca44a5bec448040754cfe1e33f1052a554019ec5419bca7e43e
PX386812.1	expanded_retrieval	Orthohepacivirus hominis isolate NGS2_98 polyprotein (POLY) gene, complete cds; and similar to protein F gene	3	3a	3a	record source/definition	United Kingdom	2016	3021	excluded	excessive_ambiguous_amino_acids	f2a07a50478e7313b32ffee6e81a158987715355c6af13d0940d921c1abd6259
PX386813.1	expanded_retrieval	Orthohepacivirus hominis isolate NGS2_99 polyprotein (POLY) and protein F (POLY) genes, complete cds	1	1a	1a	record source/definition	United Kingdom	2017	3016	excluded	excessive_ambiguous_amino_acids	a2e31426add284000f8a9d918737d3ce825340bf4cdd456289162447fbe785ef
PX386814.1	expanded_retrieval	Orthohepacivirus hominis isolate NGS3_125 polyprotein (POLY) and protein F (POLY) genes, complete cds	1	1a	1a	record source/definition	United Kingdom	2017	3011	included		205de71ab57fff8b6d8f00c2bf0d773fb8bcbbf1da9c5046adcb6382d220afe2
PX386815.1	expanded_retrieval	Orthohepacivirus hominis isolate NGS3_126 polyprotein (POLY) gene, complete cds; and similar to protein F gene	1	1b	1b	record source/definition	United Kingdom	2014	3011	included		c182cc16ee62cfc62a4cd49c00f909844631e57dda607666bc8cfcf1075d314d
PX386816.1	expanded_retrieval	Orthohepacivirus hominis isolate NGS3_127 polyprotein (POLY) gene, partial cds; and protein F (POLY) gene, complete cds	1	1a	1a	record source/definition	United Kingdom	2017	3009	included		972af99c19e7bb15c8b83e7b489b672e1a278b08638bf5539a8059a2d20cefed
PX386817.1	expanded_retrieval	Orthohepacivirus hominis isolate NGS3_128 polyprotein (POLY) gene, complete cds; and similar to protein F gene	3	3a	3a	record source/definition	United Kingdom	2016	3021	excluded	excessive_ambiguous_amino_acids	304f8522bbe8b7c180507b8dd0426c50621129646f75906517c45d95b278fded
PX386818.1	expanded_retrieval	Orthohepacivirus hominis isolate NGS3_129 polyprotein (POLY) gene, partial cds; and protein F (POLY) gene, complete cds	1	1a	1a	record source/definition	United Kingdom	2017	2998	excluded	excessive_ambiguous_amino_acids	1f738e91c931328351bdef0618ed62333bb3d50d46fdfd1a68ec4837cd9415f8
PX386819.1	expanded_retrieval	Orthohepacivirus hominis isolate NGS3_130 polyprotein (POLY) and protein F (POLY) genes, complete cds	1	1a	1a	record source/definition	United Kingdom	2016	3011	excluded	excessive_ambiguous_amino_acids	3a79177bf307fbbfb3ecb517197db984d5210d49f16a7a4a0ff74dd5f1a6fdb0
PX386820.1	expanded_retrieval	Orthohepacivirus hominis isolate NGS3_131 polyprotein (POLY) gene, complete cds; and similar to protein F gene	3	3a	3a	record source/definition	United Kingdom	2015	3021	included		7350310dd8ce2685c8022ddab5294a322324bfcece4a9d59a4437ccd4d4d5e07
PX386821.1	expanded_retrieval	Orthohepacivirus hominis isolate NGS3_132 polyprotein (POLY) gene, complete cds; and similar to protein F gene	3	3a	3a	record source/definition	United Kingdom	2017	3021	included		3597d367574d1710549ed33e8f01589e634e0bf87d9b76703670510324c57e19
PX386822.1	expanded_retrieval	Orthohepacivirus hominis isolate NGS3_133 polyprotein (POLY) gene, complete cds; and similar to protein F gene	3	3a	3a	record source/definition	United Kingdom	2016	3024	excluded	excessive_ambiguous_amino_acids	6479d30f0fce226dd36ff5696f089d255bcdf1cb7e31c263392ac8104577e413
PX386823.1	expanded_retrieval	Orthohepacivirus hominis isolate NGS3_135 polyprotein (POLY) gene, partial cds; and protein F (POLY) gene, complete cds	1	1a	1a	record source/definition	United Kingdom	2017	3009	excluded	excessive_ambiguous_amino_acids	d518ad657b33cc558d1b4a02dc51b06356be2c6ce734942be6c9e6477c3f7662
PX386824.1	expanded_retrieval	Orthohepacivirus hominis isolate NGS3_136 polyprotein (POLY) gene, partial cds; and similar to protein F gene	3	3a	3a	record source/definition	United Kingdom	2017	3001	excluded	excessive_ambiguous_amino_acids	63cb5f7224233e6dd9e34372ed8fc5d4ba3a320d9954237eb68a181f54801e93
PX386825.1	expanded_retrieval	Orthohepacivirus hominis isolate NGS3_138 polyprotein (POLY) and protein F (POLY) genes, complete cds	1	1a	1a	record source/definition	United Kingdom	2017	3011	excluded	excessive_ambiguous_amino_acids	54c14ca3dc1f8d5d36ae15822a8b3eefe95ea3516b46ed35c1176f49900e3bc3
PX386826.1	archived_retrieval	Orthohepacivirus hominis isolate NGS3_140 polyprotein (POLY) gene, partial cds; and similar to protein F gene	2	2b	2b	record source/definition	United Kingdom	2017	2979	included		29179211991d4f0d893b5a903f8cceaba967ce355bdb3cdb0cb96a15c52d99e7
PX386827.1	expanded_retrieval	Orthohepacivirus hominis isolate NGS3_141 polyprotein (POLY) and protein F (POLY) genes, complete cds	1	1a	1a	record source/definition	United Kingdom	2016	3011	excluded	excessive_ambiguous_amino_acids	e5c2510d674528add434c53cb37fbe1fc47da378190bb66dec2f8636306dd048
PX386828.1	expanded_retrieval	Orthohepacivirus hominis isolate NGS3_143 polyprotein (POLY) gene, complete cds; and similar to protein F gene	3	3a	3a	record source/definition	United Kingdom	2014	3021	excluded	excessive_ambiguous_amino_acids	93e3fc0c00376d105a37ff9584f5fe6ac38e3a74efe894b8e3a39468c8870b47
PX386829.1	expanded_retrieval	Orthohepacivirus hominis isolate NGS3_144 polyprotein (POLY) gene, complete cds; and similar to protein F gene	1	1a	1a	record source/definition	United Kingdom	2016	3005	included		003eb8c9c7d47000455de6790c215f8d76f80ccfedfa4f6abe1c621dcf73a86a
PX386830.1	expanded_retrieval	Orthohepacivirus hominis isolate NGS3_147 polyprotein (POLY) gene, complete cds; and similar to protein F gene	3	3a	3a	record source/definition	United Kingdom	2017	3021	excluded	excessive_ambiguous_amino_acids	fd1d3be4cc6bab64fecdd45e491739557f1cf76245eb529dab9ca3c08b7aa79a
PX386831.1	expanded_retrieval	Orthohepacivirus hominis isolate NGS3_148 polyprotein (POLY) gene, complete cds; and similar to protein F gene	3	3a	3a	record source/definition	United Kingdom	2016	3021	included		391b7f2afbe4dde54bbf92a9516ab094d2d24b1e33605688c7ba338527c011ef
PX386832.1	expanded_retrieval	Orthohepacivirus hominis isolate NGS3_149 polyprotein (POLY) gene, complete cds; and similar to protein F gene	3	3a	3a	record source/definition	United Kingdom	2014	3021	included		f557d66345ad3c31fed0fc1f174e022b830542d71ab77deb7264dcae925b56cd
PX386833.1	expanded_retrieval	Orthohepacivirus hominis isolate NGS3_150 polyprotein (POLY) gene, partial cds; and protein F (POLY) gene, complete cds	1	1a	1a	record source/definition	United Kingdom	2017	2988	included		a0c72306e946b7bc29406aaac109670c48edd5d54c5a577174061cb15c601b67
PX386834.1	expanded_retrieval	Orthohepacivirus hominis isolate NGS3_151 polyprotein (POLY) gene, complete cds; and similar to protein F gene	3	3a	3a	record source/definition	United Kingdom	2016	3021	included		169bb1210e385588a4836074a094cdb3f621ccddadbd24258bdabf7bffbde7b2
PX386835.1	expanded_retrieval	Orthohepacivirus hominis isolate NGS3_152 polyprotein (POLY) gene, complete cds; and similar to protein F gene	3	3a	3a	record source/definition	United Kingdom	2014	3021	included		875842888d5d10403838a266991c576f356a04ee4225f831699a1f58771e60d3
PX386836.1	expanded_retrieval	Orthohepacivirus hominis isolate NGS3_153 polyprotein (POLY) gene, partial cds; and protein F (POLY) gene, complete cds	1	1a	1a	record source/definition	United Kingdom	2017	2988	excluded	excessive_ambiguous_amino_acids	f6f16b29616caa15be45b3c0ef38be189bdb52548ec1041c4707e4e3a61ea6b3
PX386837.1	expanded_retrieval	Orthohepacivirus hominis isolate NGS3_154 polyprotein (POLY) gene, complete cds; and similar to protein F gene	3	3a	3a	record source/definition	United Kingdom	2014	3020	included		149c754cf12fc7977a58e5fb42bfbb371473f93a8fccf025acfdc699a5adb637
PX386838.1	expanded_retrieval	Orthohepacivirus hominis isolate NGS3_157 polyprotein (POLY) gene, complete cds; and similar to protein F gene	3	3a	3a	record source/definition	United Kingdom	2015	3021	excluded	excessive_ambiguous_amino_acids	29d4230a94e2168bff479ad8acf52ce4d032279d20849a1a78110e194843c4d8
PX386839.1	expanded_retrieval	Orthohepacivirus hominis isolate NGS3_159 polyprotein (POLY) gene, partial cds; and protein F (POLY) gene, complete cds	1	1a	1a	record source/definition	United Kingdom	2016	3011	excluded	excessive_ambiguous_amino_acids	d16a909cb2f714e234645c426457918dd0f900e206786f2af3e4c7d62ba966e1
PX386840.1	expanded_retrieval	Orthohepacivirus hominis isolate NGS3_160 polyprotein (POLY) and protein F (POLY) genes, complete cds	1	1a	1a	record source/definition	United Kingdom	2017	3011	excluded	excessive_ambiguous_amino_acids	e5ad236667d31aa6130cc779e44e558f2cdb6b76ee80e7dd6c32236f35b30fc4
PX386841.1	expanded_retrieval	Orthohepacivirus hominis isolate NGS3_163 polyprotein (POLY) gene, partial cds; and protein F (POLY) gene, complete cds	1	1a	1a	record source/definition	United Kingdom	2017	3008	included		8f415e58819781b34d40daf49c9198807b987b770a92003f90e33d63ce28eebe
PX386842.1	expanded_retrieval	Orthohepacivirus hominis isolate NGS3_164 polyprotein (POLY) gene, complete cds; and similar to protein F gene	3	3a	3a	record source/definition	United Kingdom	2016	3021	included		4bf64c18774534eb3ed1f6ccd10714512a0a0e8220c6ff40bb1d1d15515346c4
PX386843.1	expanded_retrieval	Orthohepacivirus hominis isolate NGS3_165 polyprotein (POLY) gene, complete cds; and similar to protein F gene	3	3a	3a	record source/definition	United Kingdom	2014	3021	included		ece2138976adbf3f0601bb8e506f41a55fb9d17755841642f0fba62cb8f22132
PX386844.1	expanded_retrieval	Orthohepacivirus hominis isolate NGS3_166 polyprotein (POLY) gene, complete cds; and similar to protein F gene	3	3a	3a	record source/definition	United Kingdom	2015	3021	included		ab0a9cd765749f67bb533bbf3e97320af3787d91e6fe0b3c929284795e348e36
PX386845.1	expanded_retrieval	Orthohepacivirus hominis isolate NGS3_169 polyprotein (POLY) and protein F (POLY) genes, complete cds	1	1a	1a	record source/definition	United Kingdom	2018	3011	excluded	excessive_ambiguous_amino_acids	c157896b37b9f852e12ffb9d324e4c80693f87d212adabdc19610c61608f99e0
PX386846.1	archived_retrieval	Orthohepacivirus hominis isolate NGS3_171 polyprotein (POLY) gene, partial cds; and similar to protein F gene	2	2b	2b	record source/definition	United Kingdom	2016	3000	excluded	excessive_ambiguous_amino_acids	6265cc7adc1636d27596b3c762b8a0691eab89eb1671758aabd41f47b083318b
PX386847.1	expanded_retrieval	Orthohepacivirus hominis isolate NGS3_172 polyprotein (POLY) gene, complete cds; and similar to protein F gene	3	3a	3a	record source/definition	United Kingdom	2017	3019	included		ef048b59dbce3dd65246868811d0bf80474a83002f03bae3df596bb301cb6c55
PX386848.1	expanded_retrieval	Orthohepacivirus hominis isolate NGS3_173 polyprotein (POLY) gene, complete cds; and similar to protein F gene	3	3a	3a	record source/definition	United Kingdom	2017	3021	included		5d851bf20793fb5a97d38e03823974b73068fd488e4017df12fe5b78c1114f8e
PX386849.1	expanded_retrieval	Orthohepacivirus hominis isolate NGS3_175 polyprotein (POLY) gene, partial cds; and protein F (POLY) gene, complete cds	1	1a	1a	record source/definition	United Kingdom	2016	2993	excluded	excessive_ambiguous_amino_acids	5e897e9b53c9cf3c0e45a917f9fcbb78462127baa6a5faf0895aafda7bc3164e
PX386850.1	expanded_retrieval	Orthohepacivirus hominis isolate NGS3_176 polyprotein (POLY) gene, complete cds; and similar to protein F gene	3	3a	3a	record source/definition	United Kingdom	2017	3023	included		3fc38b0fc02b5d7b57565393caf8cbf0c8407f3e4604044296115f8ec4021806
PX386851.1	expanded_retrieval	Orthohepacivirus hominis isolate NGS3_177 polyprotein (POLY) gene, partial cds; and protein F (POLY) gene, complete cds	1	1a	1a	record source/definition	United Kingdom	2017	3009	excluded	excessive_ambiguous_amino_acids	db6ff6368c9b99a25763a737fc717297e49efbf32a90d69d1a41db331e521445
PX386852.1	expanded_retrieval	Orthohepacivirus hominis isolate NGS3_178 polyprotein (POLY) gene, partial cds; and protein F (POLY) gene, complete cds	1	1a	1a	record source/definition	United Kingdom	2017	3013	included		1f479c4ead5fb1e20cbfe0b14b274f30173d7b6c5c7632700b4a7532741289e5
PX386853.1	expanded_retrieval	Orthohepacivirus hominis isolate NGS3_180 polyprotein (POLY) gene, partial cds; and protein F (POLY) gene, complete cds	1	1a	1a	record source/definition	United Kingdom	2017	2957	excluded	excessive_ambiguous_amino_acids	58b83908293f0bf76c3e1beb5fb90d3916de7fef5f350cc68c840ca0231fd9a4
PX386854.1	expanded_retrieval	Orthohepacivirus hominis isolate NGS3_181 polyprotein (POLY) gene, complete cds; and similar to protein F gene	3	3a	3a	record source/definition	United Kingdom	2017	3021	excluded	excessive_ambiguous_amino_acids	46a614ac8b12abd9141676cd6284df4d4fbe1b6ce8ffb5692223de30e2a4933b
PX386855.1	expanded_retrieval	Orthohepacivirus hominis isolate NGS3_184 polyprotein (POLY) gene, partial cds; and protein F (POLY) gene, complete cds	1	1a	1a	record source/definition	United Kingdom	2017	2955	excluded	excessive_ambiguous_amino_acids	0bf8f2b3596d3ea3204b75afa32901096f02ca82376c34dc3bb0eda9e742836c
PX386856.1	expanded_retrieval	Orthohepacivirus hominis isolate NGS3_185 polyprotein (POLY) and protein F (POLY) genes, complete cds	1	1a	1a	record source/definition	United Kingdom	2016	3011	excluded	excessive_ambiguous_amino_acids	f0e90eff307788ac10ef9e1ce3ec41afbf7062ebbc66c6793fe54a37ae7df411
PX386857.1	expanded_retrieval	Orthohepacivirus hominis isolate NGS3_186 polyprotein (POLY) gene, partial cds; and similar to protein F gene	1	1b	1b	record source/definition	United Kingdom	2014	2987	included		6dd9439ee7a31c37f96e783869c1661224a37604a382f8a4f3fa2fb76453ec65
PX386858.1	expanded_retrieval	Orthohepacivirus hominis isolate NGS4_187 polyprotein (POLY) gene, complete cds; and similar to protein F gene	3	3a	3a	record source/definition	United Kingdom	2013	3023	excluded	excessive_ambiguous_amino_acids	76ddf6701ea9fb126384397aa4a8687b9a5c3672f084a50e3fc1e289fdb4f0a2
PX386859.1	expanded_retrieval	Orthohepacivirus hominis isolate NGS4_188 polyprotein (POLY) gene, complete cds; and similar to protein F gene	3	3a	3a	record source/definition	United Kingdom	2014	3020	excluded	excessive_ambiguous_amino_acids	6cf9975d1d70db64ca2abfd7b9205a8b31af44c8efbb7844ea8b37f340fd813e
PX386860.1	expanded_retrieval	Orthohepacivirus hominis isolate NGS4_191 polyprotein (POLY) gene, complete cds; and similar to protein F gene	3	3a	3a	record source/definition	United Kingdom	2014	3021	included		d7379cd53f6e8198b0eb3e03b2dd338d6554668a9fdd700603ee9319763a705d
PX386861.1	expanded_retrieval	Orthohepacivirus hominis isolate NGS4_192 polyprotein (POLY) gene, partial cds; and protein F (POLY) gene, complete cds	1	1a	1a	record source/definition	United Kingdom	2017	3009	excluded	excessive_ambiguous_amino_acids	bebf30faa1ee8c5f6e64579aaa7e3948f8d1f5e68309c6bc46f98b5e911b6956
PX386862.1	expanded_retrieval	Orthohepacivirus hominis isolate NGS4_193 polyprotein (POLY) gene, partial cds; and similar to protein F gene	3	3a	3a	record source/definition	United Kingdom	2016	3004	included		f0c00fefb63e2d4f1a6a5f5f40ac33bb39e4ce1f40d4be87f5f20735bd611c81
PX386863.1	expanded_retrieval	Orthohepacivirus hominis isolate NGS4_194 polyprotein (POLY) gene, complete cds; and similar to protein F gene	3	3a	3a	record source/definition	United Kingdom	2015	3021	included		ac2441cd29acf0276984f2c0ea13628f5122bd20e86aced5b2ac438ca0c2d41b
PX386864.1	expanded_retrieval	Orthohepacivirus hominis isolate NGS4_195 polyprotein (POLY) and protein F (POLY) genes, complete cds	1	1a	1a	record source/definition	United Kingdom	2017	3016	excluded	excessive_ambiguous_amino_acids	3b3e4bd02811e42f8e9f2a2dc7e00215778b6a4f26e1f48a70e4b2b61cd1f656
PX386865.1	expanded_retrieval	Orthohepacivirus hominis isolate NGS4_196 polyprotein (POLY) gene, complete cds; and similar to protein F gene	3	3a	3a	record source/definition	United Kingdom	2016	3021	included		ceab07884f80d89f8a34c313dd7d9e6c8caed1282533ebbf165f6bc5d18bd8f0
PX386866.1	archived_retrieval	Orthohepacivirus hominis isolate NGS4_197 polyprotein (POLY) gene, partial cds; and similar to protein F gene	2	2b	2b	record source/definition	United Kingdom	2016	3012	excluded	excessive_ambiguous_amino_acids	756ffd1d363eb4f1ccbc4927d01268f48a64b1548d2cd3b29de0f2c8028821dc
PX386867.1	expanded_retrieval	Orthohepacivirus hominis isolate NGS4_198 polyprotein (POLY) gene, partial cds; and protein F (POLY) gene, complete cds	1	1a	1a	record source/definition	United Kingdom	2017	3008	excluded	excessive_ambiguous_amino_acids	40c390d157498dcd5c8934973ea8cfa566607a8c378ffeb7e9374bc04870f17f
PX386868.1	archived_retrieval	Orthohepacivirus hominis isolate NGS4_199 polyprotein (POLY) gene, complete cds; and similar to protein F gene	2	2b	2b	record source/definition	United Kingdom	2018	3033	excluded	excessive_ambiguous_amino_acids	2df747e5304b233ce0b3e114385913924220fb1360251a7afa0b19deee8c688e
PX386869.1	expanded_retrieval	Orthohepacivirus hominis isolate NGS4_202 polyprotein (POLY) gene, partial cds; and protein F (POLY) gene, complete cds	1	1a	1a	record source/definition	United Kingdom	2017	2988	excluded	excessive_ambiguous_amino_acids	136f0ad631cb56f9e3c51d83d6518559c9b43e3f73cfddb123897b20558d8604
PX386870.1	expanded_retrieval	Orthohepacivirus hominis isolate NGS4_203 polyprotein (POLY) gene, complete cds; and similar to protein F gene	1	1a	1a	record source/definition	United Kingdom	2017	3011	included		9e527d88a451737b6462304438d14c2aa49270bf2f7dbbd717a205ddcb123336
PX386871.1	expanded_retrieval	Orthohepacivirus hominis isolate NGS4_204 polyprotein (POLY) and protein F (POLY) genes, complete cds	1	1b	1b	record source/definition	United Kingdom	2016	3010	excluded	excessive_ambiguous_amino_acids	8146a7a44b4c062bc319f6e3c8ddc617ee0330fe85c99ffa2951c76949272045
PX386872.1	expanded_retrieval	Orthohepacivirus hominis isolate NGS4_205 polyprotein (POLY) gene, complete cds; and similar to protein F gene	3	3a	3a	record source/definition	United Kingdom	2015	3021	included		8f692d5bb4ba98376566804b960e6ac3849e007cd1f009122736e705952e968f
PX386873.1	expanded_retrieval	Orthohepacivirus hominis isolate NGS4_208 polyprotein (POLY) gene, complete cds; and similar to protein F gene	3	3a	3a	record source/definition	United Kingdom	2015	3021	excluded	excessive_ambiguous_amino_acids	299a8bf3b3d898d1e1c9b355baa03f9ee4a0a1b7ee0bbb5d50692a6e065bfc61
PX386874.1	expanded_retrieval	Orthohepacivirus hominis isolate NGS4_209 polyprotein (POLY) gene, complete cds; and similar to protein F gene	3	3a	3a	record source/definition	United Kingdom	2013	3024	excluded	excessive_ambiguous_amino_acids	0fc9a9dc1687b0aa6f59d2fb92f1c16fa16d8157d9be678a718ff8c939f1e0b9
PX386875.1	expanded_retrieval	Orthohepacivirus hominis isolate NGS4_210 polyprotein (POLY) and protein F (POLY) genes, complete cds	1	1a	1a	record source/definition	United Kingdom	2017	3011	included		7c2ea86ba8bdf1cdfa229a47e8e1c4fdbc220f0b23ee3748d4cbd815482f249e
PX386876.1	expanded_retrieval	Orthohepacivirus hominis isolate NGS4_212 polyprotein (POLY) gene, complete cds; and similar to protein F gene	3	3a	3a	record source/definition	United Kingdom	2015	3021	excluded	excessive_ambiguous_amino_acids	cea2c448a286c9c0393871eb9c701bbcaf7630e53d6044f530c12b3345a9dd58
PX386877.1	expanded_retrieval	Orthohepacivirus hominis isolate NGS4_215 polyprotein (POLY) gene, partial cds; and protein F (POLY) gene, complete cds	1	1a	1a	record source/definition	United Kingdom	2017	2957	excluded	excessive_ambiguous_amino_acids	b398f601b185ef65b1c01cb7bdbb1be980fc6de990c511481111ea01853f94df
PX386878.1	expanded_retrieval	Orthohepacivirus hominis isolate NGS4_216 polyprotein (POLY) gene, partial cds; and similar to protein F gene	1	1a	1a	record source/definition	United Kingdom	2017	2967	excluded	excessive_ambiguous_amino_acids	96cde259c00f9f128e2bda9a925a7dd33caa8b6e5547bc4d8aa1919ba077e175
PX386879.1	expanded_retrieval	Orthohepacivirus hominis isolate NGS4_217 polyprotein (POLY) and protein F (POLY) genes, complete cds	1	1a	1a	record source/definition	United Kingdom	2017	3011	included		bc233337d8a86980ad74bcda0fe6529d55ee09a1c05b6de091c27a5a4353a240
PX386880.1	expanded_retrieval	Orthohepacivirus hominis isolate NGS4_218 polyprotein (POLY) gene, complete cds; and similar to protein F gene	3	3a	3a	record source/definition	United Kingdom	2013	3021	included		100d824eb1c57c283cd6995f155f57ea89f891faf73b075207be75e46c133bec
PX386881.1	expanded_retrieval	Orthohepacivirus hominis isolate NGS4_220 polyprotein (POLY) gene, partial cds; and protein F (POLY) gene, complete cds	1	1a	1a	record source/definition	United Kingdom	2016	2987	excluded	excessive_ambiguous_amino_acids	0f624d1bb90634767f89d6770fbc566e2c12f4a72069611347b80a457cecb46c
PX386882.1	expanded_retrieval	Orthohepacivirus hominis isolate NGS4_221 polyprotein (POLY) gene, partial cds; and similar to protein F gene	1	1b	1b	record source/definition	United Kingdom	2014	2988	excluded	excessive_ambiguous_amino_acids	e3d58bbcf950d61b9c299e1aad82fe669959481d730a2e0976e605cc8a674ed1
PX386883.1	expanded_retrieval	Orthohepacivirus hominis isolate NGS4_222 polyprotein (POLY) gene, complete cds; and similar to protein F gene	3	3a	3a	record source/definition	United Kingdom	2015	3021	included		89fffb41733c3b07d91d0eb5bf692c360f084d8a79040e532d54ac75abc4c7c6
PX386884.1	expanded_retrieval	Orthohepacivirus hominis isolate NGS4_224 polyprotein (POLY) gene, complete cds; and similar to protein F gene	3	3a	3a	record source/definition	United Kingdom	2014	3021	included		e01e1a7303f35c88a3e53fcbb9758cda35c6829418b7aacf6d2afda54cd02dfb
PX386885.1	expanded_retrieval	Orthohepacivirus hominis isolate NGS4_225 polyprotein (POLY) gene, partial cds; and similar to protein F gene	1	1b	1b	record source/definition	United Kingdom	2014	2984	excluded	excessive_ambiguous_amino_acids	550f13f9471389bbd21e71f710f6394b6004e59c0693f8a01ef8a9e49edfc7a6
PX386886.1	expanded_retrieval	Orthohepacivirus hominis isolate NGS4_226 polyprotein (POLY) gene, partial cds; and similar to protein F gene	1	1b	1b	record source/definition	United Kingdom	2017	2986	excluded	excessive_ambiguous_amino_acids	423ac360412027ec4217f60572a74bc1d4d0ec46fa1ed98eb503b519bef5af19
PX386887.1	expanded_retrieval	Orthohepacivirus hominis isolate NGS4_227 polyprotein (POLY) gene, complete cds; and similar to protein F gene	3	3a	3a	record source/definition	United Kingdom	2013	3021	included		73c108ea47134efd4cc3a6f8609ce2fd1d578cfe70b32921f1b0fafc03524a8f
PX386888.1	expanded_retrieval	Orthohepacivirus hominis isolate NGS4_228 polyprotein (POLY) gene, partial cds; and similar to protein F gene	3	3a	3a	record source/definition	United Kingdom	2014	2998	included		d9c584e7a24aa68719baf08543971679e2d8944c3ac3ec6e685d2dd4a846fa68
PX386889.1	expanded_retrieval	Orthohepacivirus hominis isolate NGS4_229 polyprotein (POLY) gene, partial cds; and similar to protein F gene	1	1a	1a	record source/definition	United Kingdom	2017	2988	excluded	excessive_ambiguous_amino_acids	34915e13e5a1459eb9bdf064b5dbfcc5ef1047b85968a0bff74fc997daa76bf7
PX386890.1	expanded_retrieval	Orthohepacivirus hominis isolate NGS4_230 polyprotein (POLY) gene, complete cds; and similar to protein F gene	3	3a	3a	record source/definition	United Kingdom	2016	3021	excluded	excessive_ambiguous_amino_acids	fa3f3d7095e37ebd79a38db35f9cd5f71d2dc8d847c23afb4b68b81d8f492c98
PX386891.1	expanded_retrieval	Orthohepacivirus hominis isolate NGS4_231 polyprotein (POLY) and protein F (POLY) genes, complete cds	1	1a	1a	record source/definition	United Kingdom	2017	3011	excluded	excessive_ambiguous_amino_acids	6a7b7b3999f2664a0cf839f45dcf1ab62bd0130e8c0fea051d4b251bc13456a8
PX386892.1	expanded_retrieval	Orthohepacivirus hominis isolate NGS4_232 polyprotein (POLY) gene, partial cds; and similar to protein F gene	1	1b	1b	record source/definition	United Kingdom	2015	2987	excluded	excessive_ambiguous_amino_acids	23f56692ddc951b8a3e7c3711d80915faff1f4a8330932d9b51041922bf7a231
PX386893.1	expanded_retrieval	Orthohepacivirus hominis isolate NGS4_234 polyprotein (POLY) gene, complete cds; and similar to protein F gene	3	3a	3a	record source/definition	United Kingdom	2017	3019	included		f6f0a387a0dd6a1fb2cfbb9a12ca986e6877f76cd0fea9559449c569dcb49969
PX386894.1	expanded_retrieval	Orthohepacivirus hominis isolate NGS4_235 polyprotein (POLY) gene, partial cds; and similar to protein F gene	1	1a	1a	record source/definition	United Kingdom	2018	3009	included		66075cc509532ca11886502a14b7d259d6d29e5805d12abccd9a4acff0197c5b
PX386895.1	expanded_retrieval	Orthohepacivirus hominis isolate NGS4_236 polyprotein (POLY) gene, partial cds; and protein F (POLY) gene, complete cds	1	1a	1a	record source/definition	United Kingdom	2017	2988	included		d75133c63d85a0f4b2ddd72d68e3bf5c3804adc9e219e3d6406b36604473ebb9
PX386896.1	archived_retrieval	Orthohepacivirus hominis isolate NGS4_237 polyprotein (POLY) gene, complete cds; and similar to protein F gene	3	3a	3a	record source/definition	United Kingdom	2015	3021	included		181e984d5dbd998998900d1cba32ccc60846dd04b7ebceb404663b10659d4583
PX386897.1	expanded_retrieval	Orthohepacivirus hominis isolate NGS4_239 polyprotein (POLY) gene, partial cds; and protein F (POLY) gene, complete cds	1	1a	1a	record source/definition	United Kingdom	2017	2988	excluded	excessive_ambiguous_amino_acids	b4bb52bafc41005ffd19a04e602eac23038e5fc6a0df24d4337bb4236db10a40
PX386898.1	expanded_retrieval	Orthohepacivirus hominis isolate NGS4_240 polyprotein (POLY) gene, partial cds; and protein F (POLY) gene, complete cds	1	1a	1a	record source/definition	United Kingdom	2016	3006	included		a81b7efdc4e194f76996666a9f1401e7da6c7b9d52fe420a53c0d2a36b045605
PX386899.1	archived_retrieval	Orthohepacivirus hominis isolate NGS4_241 polyprotein (POLY) gene, complete cds; and similar to protein F gene	3	3a	3a	record source/definition	United Kingdom	2013	3021	included		c589f58adee44bedb96a655049e60bfc352e88ae50f0ab9ec5320a5ea891d190
PX386900.1	expanded_retrieval	Orthohepacivirus hominis isolate NGS4_242 polyprotein (POLY) gene, partial cds; and protein F (POLY) gene, complete cds	1	1a	1a	record source/definition	United Kingdom	2017	3002	excluded	excessive_ambiguous_amino_acids	c36d61b803b193c6b139515c4f02f35fada8019fc4c5f492970a55111866ea28
PX386901.1	archived_retrieval	Orthohepacivirus hominis isolate NGS4_243 polyprotein (POLY) gene, complete cds; and similar to protein F gene	3	3a	3a	record source/definition	United Kingdom	2015	3021	included		3c0b0b866ecf7f3270992481cf2dfdc02d24d50fb5e5230981d6ca8447b08a73
PX386902.1	archived_retrieval	Orthohepacivirus hominis isolate NGS4_245 polyprotein (POLY) gene, complete cds; and similar to protein F gene	3	3a	3a	record source/definition	United Kingdom	2013	3024	included		061143b2b94bb884bdde5d746c1154dd7e8581afc26821857bf066bc6cf14488
PX386903.1	expanded_retrieval	Orthohepacivirus hominis isolate NGS4_246 polyprotein (POLY) and protein F (POLY) genes, complete cds	1	1a	1a	record source/definition	United Kingdom	2017	3011	excluded	excessive_ambiguous_amino_acids	03fcd0a2a84ada84cd230434db53f6400c194d26b1295839936ead2702d674ac
PX386904.1	archived_retrieval	Orthohepacivirus hominis isolate NGS4_248 polyprotein (POLY) gene, complete cds; and similar to protein F gene	3	3a	3a	record source/definition	United Kingdom	2016	3023	excluded	excessive_ambiguous_amino_acids	61391c835d6bb2f497e45ea75eb7f850e7677af2ba24f6af819cf467054619cf
PX386905.1	archived_retrieval	Orthohepacivirus hominis isolate NGS5_249 polyprotein (POLY) gene, complete cds; and similar to protein F gene	3	3a	3a	record source/definition	United Kingdom	2015	3021	included		9bd03f3963110654fca5713b5a761d68ba1d64307f9af599d8ce63bbbf5a7ad6
PX386906.1	expanded_retrieval	Orthohepacivirus hominis isolate NGS5_250 polyprotein (POLY) gene, complete cds; and similar to protein F gene	1	1a	1a	record source/definition	United Kingdom	2017	3011	included		a872b07abbb6e63088a2db5c8c9ffecf335fb44c163f3956a66dc78e7f8ce3de
PX386907.1	expanded_retrieval	Orthohepacivirus hominis isolate NGS5_251 polyprotein (POLY) and protein F (POLY) genes, complete cds	1	1a	1a	record source/definition	United Kingdom	2016	3011	excluded	excessive_ambiguous_amino_acids	dd8f3d74ebb374f0da7ea61db244ca830916047ae07997428f9ea214c0631c2b
PX386908.1	expanded_retrieval	Orthohepacivirus hominis isolate NGS5_252 polyprotein (POLY) and protein F (POLY) genes, complete cds	1	1a	1a	record source/definition	United Kingdom	2017	3011	excluded	excessive_ambiguous_amino_acids	283753511891fb84fa18653acc7e9118b10fd556ba4c8726815940993b105c44
PX386909.1	expanded_retrieval	Orthohepacivirus hominis isolate NGS5_253 polyprotein (POLY) gene, partial cds; and protein F (POLY) gene, complete cds	1	1a	1a	record source/definition	United Kingdom	2017	2991	excluded	excessive_ambiguous_amino_acids	4e38aa50b874e88076696be93532a5a2b6575e392a671e0d3e84f50c0b6cf160
PX386910.1	archived_retrieval	Orthohepacivirus hominis isolate NGS5_254 polyprotein (POLY) gene, complete cds; and similar to protein F gene	3	3a	3a	record source/definition	United Kingdom	2017	3021	included		36b161a40e3eec0172876b492e3c2be0e1cd466950dfd2ed095848b7c7135824
PX386911.1	archived_retrieval	Orthohepacivirus hominis isolate NGS5_256 polyprotein (POLY) gene, complete cds; and similar to protein F gene	3	3a	3a	record source/definition	United Kingdom	2016	3021	excluded	excessive_ambiguous_amino_acids	fc9fa1928c33e796de459f8ae7e954c8706e6d37a58964e3fbf23b206bee4f8b
PX386912.1	archived_retrieval	Orthohepacivirus hominis isolate NGS5_257 polyprotein (POLY) gene, complete cds; and similar to protein F gene	3	3a	3a	record source/definition	United Kingdom	2016	3021	excluded	excessive_ambiguous_amino_acids	4564c896bcc4ec16fc825df6c899d8969562a3740f93d253a92e82b2256207b1
PX386913.1	expanded_retrieval	Orthohepacivirus hominis isolate NGS5_258 polyprotein (POLY) gene, partial cds; and protein F (POLY) gene, complete cds	1	1a	1a	record source/definition	United Kingdom	2017	3011	excluded	excessive_ambiguous_amino_acids	d4ddef92a21b92506ae504e2a2d580b3cf439889271bb0a82497d9968528c1b2
PX386914.1	archived_retrieval	Orthohepacivirus hominis isolate NGS5_259 polyprotein (POLY) gene, partial cds; and similar to protein F gene	3	3a	3a	record source/definition	United Kingdom	2013	2997	excluded	excessive_ambiguous_amino_acids	7c55be239409a7f76a1849240fa3f82b05200d752f79ba085c78477d9c358748
PX386915.1	expanded_retrieval	Orthohepacivirus hominis isolate NGS5_260 polyprotein (POLY) gene, partial cds; and protein F (POLY) gene, complete cds	1	1a	1a	record source/definition	United Kingdom	2017	3001	excluded	excessive_ambiguous_amino_acids	554b6bb86fdc4b4892e7679df7e7e44020ee6dddde062db11426441356570980
PX386916.1	archived_retrieval	Orthohepacivirus hominis isolate NGS5_263 polyprotein (POLY) gene, complete cds; and similar to protein F gene	3	3a	3a	record source/definition	United Kingdom	2014	3021	included		0212a8945c95282bfe88a37fa00535a2cffd303785b6825bb263bee180b09e6a
PX386917.1	expanded_retrieval	Orthohepacivirus hominis isolate NGS5_265 polyprotein (POLY) gene, partial cds; and protein F (POLY) gene, complete cds	1	1a	1a	record source/definition	United Kingdom	2016	2996	excluded	excessive_ambiguous_amino_acids	27408409024fcd9379c4008a21932482eef456d48d0c9b18f436bf1dc9f91a89
PX386918.1	archived_retrieval	Orthohepacivirus hominis isolate NGS5_266 polyprotein (POLY) gene, complete cds; and similar to protein F gene	3	3a	3a	record source/definition	United Kingdom	2017	3021	included		e194eb8535330eb19d68fa7965ac0dcba60ec78c3d95dd508fb924605f7385ae
PX386919.1	archived_retrieval	Orthohepacivirus hominis isolate NGS5_267 polyprotein (POLY) gene, complete cds; and similar to protein F gene	3	3a	3a	record source/definition	United Kingdom	2015	3021	included		b23c05351a24962b6d3735097a1c4b35a1bae66d48eb96cfb0d2a8198dfcd5e6
PX386920.1	archived_retrieval	Orthohepacivirus hominis isolate NGS5_268 polyprotein (POLY) gene, complete cds; and similar to protein F gene	3	3a	3a	record source/definition	United Kingdom	2013	3021	included		d6572fcd6214dc87ac2e4c8f5a6267c300906d2bfda68f74d126b575a80bcd7a
PX386921.1	archived_retrieval	Orthohepacivirus hominis isolate NGS5_269 polyprotein (POLY) gene, complete cds; and similar to protein F gene	3	3a	3a	record source/definition	United Kingdom	2016	3021	included		8b741483275d3036dcabb81ce735f965d540e7db5fe2dff397a87e2399a4fe85
PX386922.1	expanded_retrieval	Orthohepacivirus hominis isolate NGS5_270 polyprotein (POLY) and protein F (POLY) genes, complete cds	1	1a	1a	record source/definition	United Kingdom	2017	3011	excluded	excessive_ambiguous_amino_acids	0df2fd617b09de6b71f14f20f6de55e59a57b46e3fda0f022f6281340cbbb60b
PX386923.1	expanded_retrieval	Orthohepacivirus hominis isolate NGS5_271 polyprotein (POLY) gene, partial cds; and protein F (POLY) gene, complete cds	1	1a	1a	record source/definition	United Kingdom	2017	2988	excluded	excessive_ambiguous_amino_acids	ca4854f6c604c94416a1b7c720251e7a0de4d2fb36536b1b5c1c43d13cf1dc79
PX386924.1	expanded_retrieval	Orthohepacivirus hominis isolate NGS5_272 polyprotein (POLY) gene, partial cds; and protein F (POLY) gene, complete cds	1	1a	1a	record source/definition	United Kingdom	2017	2988	included		b950620ecf4fe123da4ed2b18d7a9dcc4202493412d68388145ac255ca800e51
PX386925.1	archived_retrieval	Orthohepacivirus hominis isolate NGS5_273 polyprotein (POLY) gene, complete cds; and similar to protein F gene	3	3a	3a	record source/definition	United Kingdom	2016	3021	included		9fd933c6934f445b553d27c434290741910e96e89915dbbfbb47c0436c3e9aca
PX386927.1	expanded_retrieval	Orthohepacivirus hominis isolate NGS5_276 polyprotein (POLY) and protein F (POLY) genes, complete cds	1	1a	1a	record source/definition	United Kingdom	2016	3011	excluded	excessive_ambiguous_amino_acids	03cd2693e3fceb9e9ac4a30c33e02825dd8c400f948bb3678d2499d61d1d5916
PX386928.1	archived_retrieval	Orthohepacivirus hominis isolate NGS5_277 polyprotein (POLY) gene, complete cds; and similar to protein F gene	3	3a	3a	record source/definition	United Kingdom	2015	3021	excluded	excessive_ambiguous_amino_acids	f987c54d9dc2bdae59b00ea6f3f87afd791acfe56ba8bed8bd960a8386578de0
PX386929.1	archived_retrieval	Orthohepacivirus hominis isolate NGS5_278 polyprotein (POLY) gene, complete cds; and similar to protein F gene	3	3a	3a	record source/definition	United Kingdom	2014	3016	excluded	excessive_ambiguous_amino_acids	3599b132a64c6861a173d528e1be5411d9eefd7d58be4cf9d0e6f0cba5abde4c
PX386930.1	expanded_retrieval	Orthohepacivirus hominis isolate NGS5_279 polyprotein (POLY) gene, partial cds; and protein F (POLY) gene, complete cds	1	1a	1a	record source/definition	United Kingdom	2017	3010	excluded	excessive_ambiguous_amino_acids	7aae7fd8146009e2e1b2dc450be4a17ecea08f2fc7e7557df9b57d5258bf165f
PX386931.1	expanded_retrieval	Orthohepacivirus hominis isolate NGS5_280 polyprotein (POLY) and protein F (POLY) genes, complete cds	1	1a	1a	record source/definition	United Kingdom	2017	3011	included		1d517799a51eec9065997c4d33c122d508b631941d9247ac54b4c43fc8005b63
PX386932.1	expanded_retrieval	Orthohepacivirus hominis isolate NGS5_284 polyprotein (POLY) gene, partial cds; and protein F (POLY) gene, complete cds	1	1a	1a	record source/definition	United Kingdom	2016	3008	included		1272fb06b66c46858256e4202d014bb7104064e26f6bea057a1e06ab1c55bd11
PX386933.1	archived_retrieval	Orthohepacivirus hominis isolate NGS5_285 polyprotein (POLY) gene, complete cds; and similar to protein F gene	3	3a	3a	record source/definition	United Kingdom	2015	3020	included		26885e8cf11f8d1633ab59c81277a797ca568ff286c4fdc6a4b7f533bcdad74b
PX386934.1	archived_retrieval	Orthohepacivirus hominis isolate NGS5_286 polyprotein (POLY) gene, complete cds; and similar to protein F gene	3	3a	3a	record source/definition	United Kingdom	2014	3021	excluded	excessive_ambiguous_amino_acids	348a43c6eacf7616065188bb9fddb4aadd724e0c0d2f13a8c22ca1347f0873d0
PX386935.1	expanded_retrieval	Orthohepacivirus hominis isolate NGS5_288 polyprotein (POLY) gene, partial cds; and protein F (POLY) gene, complete cds	1	1a	1a	record source/definition	United Kingdom	2017	2988	excluded	excessive_ambiguous_amino_acids	1230bce3a1097ba6708867dbfe0bb805a26cba8aa0354bdb801accccbf1fe0ee
PX386936.1	expanded_retrieval	Orthohepacivirus hominis isolate NGS5_289 polyprotein (POLY) and protein F (POLY) genes, complete cds	1	1a	1a	record source/definition	United Kingdom	2017	3011	excluded	excessive_ambiguous_amino_acids	029c5c149d2c272577319953e75ec2609b0e2856b2d371732f735864a6e85134
PX386937.1	expanded_retrieval	Orthohepacivirus hominis isolate NGS5_290 polyprotein (POLY) gene, complete cds; and similar to protein F gene	1	1b	1b	record source/definition	United Kingdom	2017	3010	included		36e5378f5dc4c59956aa106653b3925686f06a87f265696488b1f05f422547ff
PX386938.1	expanded_retrieval	Orthohepacivirus hominis isolate NGS5_291 polyprotein (POLY) and protein F (POLY) genes, complete cds	1	1a	1a	record source/definition	United Kingdom	2017	3011	included		3dc47017320c65bc82796d58ccabf1bf102202eaed8e3576cf3f77fd8cb6e9a7
PX386939.1	expanded_retrieval	Orthohepacivirus hominis isolate NGS5_292 polyprotein (POLY) gene, partial cds; and protein F (POLY) gene, complete cds	1	1a	1a	record source/definition	United Kingdom	2017	2995	excluded	excessive_ambiguous_amino_acids	3e1d48f3515af3b0c421111acf5edeff31ce20121e0d9ff9a677133f69e71c9b
PX386940.1	expanded_retrieval	Orthohepacivirus hominis isolate NGS5_293 polyprotein (POLY) gene, partial cds; and similar to protein F gene	1	1b	1b	record source/definition	United Kingdom	2017	2987	excluded	excessive_ambiguous_amino_acids	4db45202c7f077658b7056fb4657a33ec432b18485c56f75938480477c695a9c
PX386941.1	archived_retrieval	Orthohepacivirus hominis isolate NGS5_294 polyprotein (POLY) gene, partial cds; and similar to protein F gene	3	3a	3a	record source/definition	United Kingdom	2014	3006	excluded	excessive_ambiguous_amino_acids	83510b894c944e3d7973da96db41a27c707f995d023692df381ef023271ee2d9
PX386942.1	archived_retrieval	Orthohepacivirus hominis isolate NGS5_295 polyprotein (POLY) gene, complete cds; and similar to protein F gene	3	3a	3a	record source/definition	United Kingdom	2017	3021	excluded	excessive_ambiguous_amino_acids	74ef5a10d2ac6763f7b0cdda378557533b70806862049e8356cf7bfa525e63e6
PX386943.1	archived_retrieval	Orthohepacivirus hominis isolate NGS5_296 polyprotein (POLY) gene, complete cds; and similar to protein F gene	3	3a	3a	record source/definition	United Kingdom	2015	3021	excluded	excessive_ambiguous_amino_acids	9ad9b8401a84e676fa6aece53e0b2274c07024b06a159a74101dde90e18b59cb
PX386944.1	expanded_retrieval	Orthohepacivirus hominis isolate NGS5_297 polyprotein (POLY) and protein F (POLY) genes, complete cds	1	1a	1a	record source/definition	United Kingdom	2017	3011	excluded	excessive_ambiguous_amino_acids	a47ccffa3a46f276c1cdaa5068e21ec5a8dfc69716c73c78376e3d1625d59a9f
PX386945.1	archived_retrieval	Orthohepacivirus hominis isolate NGS5_298 polyprotein (POLY) gene, partial cds; and similar to protein F gene	3	3a	3a	record source/definition	United Kingdom	2016	2996	excluded	excessive_ambiguous_amino_acids	97c18cb014d2671ba7ca6a0f57769bbd42c8de653a8b47555e9ce75fa4e65102
PX386946.1	archived_retrieval	Orthohepacivirus hominis isolate NGS5_299 polyprotein (POLY) gene, complete cds; and similar to protein F gene	3	3a	3a	record source/definition	United Kingdom	2015	3021	excluded	excessive_ambiguous_amino_acids	cd8434532a4ab9d4003985cb09230743d01c055d0bca24009f3f214592522059
PX386947.1	archived_retrieval	Orthohepacivirus hominis isolate NGS5_300 polyprotein (POLY) gene, partial cds; and protein F (POLY) gene, complete cds	1	1a	1a	record source/definition	United Kingdom	2016	3011	excluded	excessive_ambiguous_amino_acids	5b106aa0f43a3e5cac0d2a2bfdb4034a5840507f6a8a5ee79a8d9b0ed40b6d1f
PX386948.1	archived_retrieval	Orthohepacivirus hominis isolate NGS5_301 polyprotein (POLY) and protein F (POLY) genes, complete cds	1	1a	1a	record source/definition	United Kingdom	2017	3011	excluded	excessive_ambiguous_amino_acids	88498f076010e240c3a873cc5fb333fa92a68eb90ed0f514268ea4776d2a45dd
PX386949.1	expanded_retrieval	Orthohepacivirus hominis isolate NGS5_302 polyprotein (POLY) gene, partial cds; and similar to protein F gene	1	1b	1b	record source/definition	United Kingdom	2016	2981	excluded	excessive_ambiguous_amino_acids	fffd966829cc7aed097c02521acdea8bb85305fb47702fc3754effad94b99bbe
PX386950.1	archived_retrieval	Orthohepacivirus hominis isolate NGS5_303 polyprotein (POLY) gene, complete cds; and similar to protein F gene	3	3a	3a	record source/definition	United Kingdom	2016	3021	included		eea0dfb92637cad7d27982be79f9bb31e495101ea3087127aa460b5eea8e3dd3
PX386951.1	archived_retrieval	Orthohepacivirus hominis isolate NGS5_304 polyprotein (POLY) and protein F (POLY) genes, complete cds	1	1a	1a	record source/definition	United Kingdom	2017	3011	excluded	excessive_ambiguous_amino_acids	d85fdef453d2705ee7277b612286e09be76ed2bfc184f2f0ac9a4d67941bf863
PX386952.1	archived_retrieval	Orthohepacivirus hominis isolate NGS5_305 polyprotein (POLY) gene, partial cds; and protein F (POLY) gene, complete cds	1	1a	1a	record source/definition	United Kingdom	2017	2957	included		27e27c878b476b19534634fee8907836b622a3250279774643a70a84650f067f
PX386953.1	archived_retrieval	Orthohepacivirus hominis isolate NGS5_306 polyprotein (POLY) gene, partial cds; and protein F (POLY) gene, complete cds	1	1a	1a	record source/definition	United Kingdom	2016	3009	excluded	excessive_ambiguous_amino_acids	b5df4fa5501bfd40e2012ebf60a01118aed437b365c3a0330d70006b8e02be92
PX386954.1	archived_retrieval	Orthohepacivirus hominis isolate NGS5_307 polyprotein (POLY) gene, partial cds; and protein F (POLY) gene, complete cds	1	1a	1a	record source/definition	United Kingdom	2016	2988	excluded	excessive_ambiguous_amino_acids	4ef709f5f9db763b44ab8882249f85ec025f959027e442d6a4303b67d41b71cd
PX386955.1	archived_retrieval	Orthohepacivirus hominis isolate NGS5_308 polyprotein (POLY) and protein F (POLY) genes, complete cds	1	1a	1a	record source/definition	United Kingdom	2017	3011	excluded	excessive_ambiguous_amino_acids	4c59f5bbbed1bae0710f6feae65496d9a97fece7a7ff3f3b3688619e4c1a7dac
PX386956.1	archived_retrieval	Orthohepacivirus hominis isolate NGS5_309 polyprotein (POLY) gene, partial cds; and similar to protein F gene	2	2b	2b	record source/definition	United Kingdom	2016	2995	included		4127120d55c3e72c2e22845a6224a6e361119e9333ebbe08fa3f26fa705c99f8
PX386957.1	archived_retrieval	Orthohepacivirus hominis isolate NGS5_310 polyprotein (POLY) gene, complete cds; and similar to protein F gene	3	3a	3a	record source/definition	United Kingdom	2014	3021	included		5fd26f4680a8db76600b49c6ce3be4aef6230445a14d9f839171f52c05294de1
PX386958.1	archived_retrieval	Orthohepacivirus hominis isolate NGS6_311 polyprotein (POLY) and protein F (POLY) genes, complete cds	1	1a	1a	record source/definition	United Kingdom	2017	3011	included		2f982142948826e50c82008485d12e9970a645a88c04120f14522795605b0f87
PX386959.1	archived_retrieval	Orthohepacivirus hominis isolate NGS6_312 polyprotein (POLY) gene, complete cds; and similar to protein F gene	3	3a	3a	record source/definition	United Kingdom	2017	3021	included		3f70d692d37ce48f73d3634c5d753c923c4fe993300480c7ba7c669e4a7e3a0b
PX386960.1	archived_retrieval	Orthohepacivirus hominis isolate NGS6_313 polyprotein (POLY) gene, complete cds; and similar to protein F gene	3	3a	3a	record source/definition	United Kingdom	2017	3021	excluded	excessive_ambiguous_amino_acids	3d1fae4aa6ede6922ca780dfb0cff53335d5629695847b296eb7f69f6bba82ea
PX386961.1	expanded_retrieval	Orthohepacivirus hominis isolate NGS6_315 polyprotein (POLY) gene, complete cds; and similar to protein F gene	1	1b	1b	record source/definition	United Kingdom	2017	3010	excluded	excessive_ambiguous_amino_acids	b7310bea3c45e36f43e7b430b67f635221103bf897d8f23ed199a74e57a2cceb
PX386969.1	archived_retrieval	Orthohepacivirus hominis isolate NGS6_325 polyprotein (POLY) gene, complete cds; and similar to protein F gene	6	6a	6a	record source/definition	United Kingdom	2013	3022	included		ff087df1f140e16ee2cc556a128b30e20162e8e920156a353831dc20003bb564
PX386978.1	archived_retrieval	Orthohepacivirus hominis isolate NGS6_334 polyprotein (POLY) and protein F (POLY) genes, complete cds	6	6a	6a	record source/definition	United Kingdom	2014	3019	included		3bcd518e8d8d7c96fd2a02123954ad2ebf18f8be50737c86fdfc13e6c8ecd9c9
PX386979.1	archived_retrieval	Orthohepacivirus hominis isolate NGS6_336 polyprotein (POLY) gene, complete cds; and similar to protein F gene	6	6a	6a	record source/definition	United Kingdom	2014	3019	excluded	excessive_ambiguous_amino_acids	c6befa5d8e8bbe6514360e7244e34fc216d9b086b5ebf909c68d2e587863cda5
PX386987.1	archived_retrieval	Orthohepacivirus hominis isolate NGS6_345 polyprotein (POLY) gene, complete cds; and similar to protein F gene	2	2b	2b	record source/definition	United Kingdom	2015	3033	excluded	excessive_ambiguous_amino_acids	e1633f6fb8187ef19a8c412a9772dc073c12d05817881b586f38334a4c8c6e48
PX386988.1	archived_retrieval	Orthohepacivirus hominis isolate NGS6_347 polyprotein (POLY) gene, complete cds; and similar to protein F gene	2	2b	2b	record source/definition	United Kingdom	2015	3037	excluded	excessive_ambiguous_amino_acids	744eb290c951f1a394d428cc03659ff64e466c632d2300f7a15a604dd6c8f5eb
PX386989.1	archived_retrieval	Orthohepacivirus hominis isolate NGS6_348 polyprotein (POLY) gene, partial cds; and similar to protein F gene	2	2b	2b	record source/definition	United Kingdom	2015	2980	included		5a2576ee48c8582a0d1c44f4cb46194dd68bc4e582a1c8ebf4b25b545495f364
PX386990.1	archived_retrieval	Orthohepacivirus hominis isolate NGS6_349 polyprotein (POLY) gene, complete cds; and similar to protein F gene	2	2b	2b	record source/definition	United Kingdom	2015	3033	included		e9989d042996b63d54d35736ab813c45ef0b77a4220fb8d820046ae602b63f78
PX386992.1	archived_retrieval	Orthohepacivirus hominis isolate NGS6_351 polyprotein (POLY) and protein F (POLY) genes, complete cds	1	1a	1a	record source/definition	United Kingdom	2017	3011	excluded	excessive_ambiguous_amino_acids	1a9d812014452d10630a0aa0c629341effa456b486ef1ef88ee3aa192aa30115
PX387001.1	archived_retrieval	Orthohepacivirus hominis isolate NGS6_368 polyprotein (POLY) gene, partial cds; and similar to protein F gene	5	5a	5a	record source/definition	United Kingdom	2017	3004	included		509b4cb9f753136c9f27f8086d61688e23100d5552f0b6a1fbfdde13ec713dce
PX387002.1	archived_retrieval	Orthohepacivirus hominis isolate NGS6_369 polyprotein (POLY) gene, complete cds; and similar to protein F gene	5	5a	5a	record source/definition	United Kingdom	2016	3014	excluded	excessive_ambiguous_amino_acids	e8018f125c0c156845c8e1695364e1a888c584a58779953a773f57d56ffe232d
PX387003.1	archived_retrieval	Orthohepacivirus hominis isolate NGS6_371 polyprotein (POLY) gene, partial cds; and protein F (POLY) gene, complete cds	1	1a	1a	record source/definition	United Kingdom	2017	2989	included		d0af013af42c39fb859651df2bccd09ab07ff286ea0a855a44b7fa46c07c4e6e
PX387004.1	archived_retrieval	Orthohepacivirus hominis isolate NGS6_372 polyprotein (POLY) gene, partial cds; and similar to protein F gene	1	1a	1a	record source/definition	United Kingdom	2017	2957	excluded	excessive_ambiguous_amino_acids	e204d6531a66c2e2a8eba5724b9485e601868a64b9aa3e4979b329023f37ddd9
PX387005.1	archived_retrieval	Orthohepacivirus hominis isolate NGS7_374 polyprotein (POLY) gene, complete cds; and similar to protein F gene	3	3a	3a	record source/definition	United Kingdom	2017	3021	excluded	excessive_ambiguous_amino_acids	123e94b5066cd1acc242fe7fecb99f6b26f78d1341bab010ed9fa28dc01d85fa
PX387006.1	expanded_retrieval	Orthohepacivirus hominis isolate NGS7_375 polyprotein (POLY) gene, partial cds; and similar to protein F gene	1	1b	1b	record source/definition	United Kingdom	2013	2989	included		fbe95a0c956e334c735bbd304f4ee3a2873f367d45764fca1372bdea42cb2e48
PX387007.1	archived_retrieval	Orthohepacivirus hominis isolate NGS7_376 polyprotein (POLY) and protein F (POLY) genes, complete cds	1	1a	1a	record source/definition	United Kingdom	2017	3011	excluded	excessive_ambiguous_amino_acids	7649903ce6063ad42ec29bf6dfe7944e6d26abd36e7351aa72b2ac8ff720e129
PX387008.1	archived_retrieval	Orthohepacivirus hominis isolate NGS7_379 polyprotein (POLY) and protein F (POLY) genes, complete cds	1	1a	1a	record source/definition	United Kingdom	2016	3011	excluded	excessive_ambiguous_amino_acids	8addd9e7bc4b4dde0babf42c125b138624270eab27aa46b1011ba7a4dc942102
PX387009.1	archived_retrieval	Orthohepacivirus hominis isolate NGS7_380 polyprotein (POLY) and protein F (POLY) genes, complete cds	1	1a	1a	record source/definition	United Kingdom	2015	3011	included		7cad1542d795b7575204efc90f5dd83f1591c0bb4aebf6b9070b79f1220fbd26
PX387010.1	archived_retrieval	Orthohepacivirus hominis isolate NGS7_381 polyprotein (POLY) gene, partial cds; and protein F (POLY) gene, complete cds	1	1a	1a	record source/definition	United Kingdom	2015	2981	included		a1026c78dfef1f6bd72fd9931712e9b41009590ce8e6fd9d8011a1e452132ecf
PX387011.1	archived_retrieval	Orthohepacivirus hominis isolate NGS7_382 polyprotein (POLY) gene, partial cds; and protein F (POLY) gene, complete cds	1	1a	1a	record source/definition	United Kingdom	2015	2995	included		67887497517a43e7c2470ac434ab4200e73aac36d751ed3c4dd56fa493b0a7b1
PX387012.1	archived_retrieval	Orthohepacivirus hominis isolate NGS7_383 polyprotein (POLY) and protein F (POLY) genes, complete cds	1	1a	1a	record source/definition	United Kingdom	2015	3011	excluded	excessive_ambiguous_amino_acids	542f64f2244622b473e23ff12f4c74333735da611f78f3d816f0a66f8fbb0b05
PX387013.1	archived_retrieval	Orthohepacivirus hominis isolate NGS7_384 polyprotein (POLY) and protein F (POLY) genes, complete cds	1	1a	1a	record source/definition	United Kingdom	2016	3011	excluded	excessive_ambiguous_amino_acids	3ddfa7ed7be7bd5774a2fe40ab17cba32f9fca4e7a2dfb3dcb55d1dfa21affef
PX387014.1	archived_retrieval	Orthohepacivirus hominis isolate NGS7_385 polyprotein (POLY) and protein F (POLY) genes, complete cds	1	1a	1a	record source/definition	United Kingdom	2016	3011	excluded	excessive_ambiguous_amino_acids	1b694ac4f13ec5a9427b9d8ce1b2157bca160127782e72ecb1c8b02d7108625b
PX387015.1	archived_retrieval	Orthohepacivirus hominis isolate NGS7_386 polyprotein (POLY) gene, complete cds; and similar to protein F gene	1	1a	1a	record source/definition	United Kingdom	2016	3011	excluded	excessive_ambiguous_amino_acids	422ae929057db993defe3549901047e24a25be16b256aaa9434b5dac90aab6b8
PX387016.1	archived_retrieval	Orthohepacivirus hominis isolate NGS7_387 polyprotein (POLY) and protein F (POLY) genes, complete cds	1	1a	1a	record source/definition	United Kingdom	2016	3012	excluded	excessive_ambiguous_amino_acids	058977abc117c1d643e28d2b62263214ad14c871d916ba27ef2e4b29a60c51df
PX387017.1	archived_retrieval	Orthohepacivirus hominis isolate NGS7_388 polyprotein (POLY) gene, complete cds; and similar to protein F gene	3	3a	3a	record source/definition	United Kingdom	2016	3021	included		b1afe54cc931d67e4e3768d90888e3a4102a9357ef840e4f1bc4e962da2f0231
PX387018.1	archived_retrieval	Orthohepacivirus hominis isolate NGS7_389 polyprotein (POLY) and protein F (POLY) genes, complete cds	1	1a	1a	record source/definition	United Kingdom	2015	3011	included		6ccf6a1de35d12deda7e244cf1e4d8bc2dd74f3fe3fec43091d4272fb49a3860
PX387019.1	archived_retrieval	Orthohepacivirus hominis isolate NGS7_390 polyprotein (POLY) and protein F (POLY) genes, complete cds	1	1a	1a	record source/definition	United Kingdom	2015	3011	excluded	excessive_ambiguous_amino_acids	036ceb4d889005ff6882ea2f9feacef1b3e2a8b72a5cc6e379b7c7677f56abd2
PX387020.1	archived_retrieval	Orthohepacivirus hominis isolate NGS7_391 polyprotein (POLY) and protein F (POLY) genes, complete cds	1	1a	1a	record source/definition	United Kingdom	2015	3011	excluded	excessive_ambiguous_amino_acids	df259dd0b629b7e5c869727e9d7f4dc85e30be744b0335727aa2ec4104fca709
PX387021.1	archived_retrieval	Orthohepacivirus hominis isolate NGS7_393 polyprotein (POLY) and protein F (POLY) genes, complete cds	1	1a	1a	record source/definition	United Kingdom	2015	3011	excluded	excessive_ambiguous_amino_acids	5a835a6a726d5e2298a1617b2a4443788b421b3d4d6e2f070ac5b3c36111df60
PX387022.1	archived_retrieval	Orthohepacivirus hominis isolate NGS7_394 polyprotein (POLY) and protein F (POLY) genes, complete cds	1	1a	1a	record source/definition	United Kingdom	2015	3011	excluded	excessive_ambiguous_amino_acids	2967bb66459b24be4b23cf2bea8a0803084879aa27356abc49c576b4ff04a44b
PX387023.1	archived_retrieval	Orthohepacivirus hominis isolate NGS7_395 polyprotein (POLY) and protein F (POLY) genes, complete cds	1	1a	1a	record source/definition	United Kingdom	2015	3011	excluded	excessive_ambiguous_amino_acids	95251e062ef47e8b60321dff7853f4f47e463f48e40b97294660655670efd1a1
PX387024.1	archived_retrieval	Orthohepacivirus hominis isolate NGS7_396 polyprotein (POLY) gene, partial cds; and protein F (POLY) gene, complete cds	1	1a	1a	record source/definition	United Kingdom	2016	3011	included		c9a8eda1b72e8729fa9c2bcf4afcdf1db5781daab1f3e38fb8f9619de7d639d4
PX387025.1	archived_retrieval	Orthohepacivirus hominis isolate NGS7_397 polyprotein (POLY) and protein F (POLY) genes, complete cds	1	1a	1a	record source/definition	United Kingdom	2015	3011	excluded	excessive_ambiguous_amino_acids	fd3fe7797ef99fd0068314cf94cf59eded5ab31de47d24310080f39bde2e6eea
PX387026.1	archived_retrieval	Orthohepacivirus hominis isolate NGS8_156 polyprotein (POLY) gene, complete cds; and similar to protein F gene	3	3a	3a	record source/definition	United Kingdom	2017	3021	excluded	excessive_ambiguous_amino_acids	5815328c4a0f5bf7de94d053619341e755ec978ef18b3607e543f0c3a9d48883
PX387027.1	archived_retrieval	Orthohepacivirus hominis isolate NGS8_190 polyprotein (POLY) gene, complete cds; and similar to protein F gene	3	3a	3a	record source/definition	United Kingdom	2014	3022	excluded	excessive_ambiguous_amino_acids	9036019261cdf25a9797b16d74993406057cf0b89c062af2dd7f4b27720898de
PX387028.1	archived_retrieval	Orthohepacivirus hominis isolate NGS8_200 polyprotein (POLY) gene, partial cds; and protein F (POLY) gene, complete cds	1	1a	1a	record source/definition	United Kingdom	2017	2988	included		30f9f48f6b08c0deca805fb50032701c6384fb1784fade123500544332d7b867
PX387029.1	expanded_retrieval	Orthohepacivirus hominis isolate NGS8_207 polyprotein (POLY) gene, partial cds; and similar to protein F gene	1	1b	1b	record source/definition	United Kingdom	2017	2956	excluded	excessive_ambiguous_amino_acids	2a14c7de11d32819dfd0f9f48f227fdc5f594385733f18ad457e748294895082
PX387030.1	archived_retrieval	Orthohepacivirus hominis isolate NGS8_255 polyprotein (POLY) gene, partial cds; and similar to protein F gene	1	1a	1a	record source/definition	United Kingdom	2016	2987	excluded	excessive_ambiguous_amino_acids	e00fde1439849941c894a1a130f7459efcbc77f89867042299a62f551df001ee
PX387031.1	archived_retrieval	Orthohepacivirus hominis isolate NGS8_261 polyprotein (POLY) gene, complete cds; and similar to protein F gene	3	3a	3a	record source/definition	United Kingdom	2017	3021	included		072951a29caef541cb5ad81a0deeaf7be805d90e06f1702afdb98d7a8753bd51
PX387032.1	archived_retrieval	Orthohepacivirus hominis isolate NGS8_264 polyprotein (POLY) and protein F (POLY) genes, complete cds	1	1a	1a	record source/definition	United Kingdom	2016	3011	excluded	excessive_ambiguous_amino_acids	8a6a88ce0bd016c3318be2853a9b51b8233d4217f55f16f2c29a6e2bb454d926
PX387033.1	archived_retrieval	Orthohepacivirus hominis isolate NGS8_283 polyprotein (POLY) gene, partial cds; and protein F (POLY) gene, complete cds	1	1a	1a	record source/definition	United Kingdom	2017	2987	excluded	excessive_ambiguous_amino_acids	3c899f1c172a25777dd4771b0f2c5a5d8470e879b89ced26dbbbdd8e143fb3b3
PX387034.1	archived_retrieval	Orthohepacivirus hominis isolate NGS8_35 polyprotein (POLY) gene, complete cds; and similar to protein F gene	3	3a	3a	record source/definition	United Kingdom	2013	3019	excluded	excessive_ambiguous_amino_acids	edb4969c98276045076eb3c5b81e72cfd338cdc5d1b880e6dc0245cad19bc71f
PX387035.1	archived_retrieval	Orthohepacivirus hominis isolate NGS8_373 polyprotein (POLY) gene, partial cds; and protein F (POLY) gene, complete cds	1	1a	1a	record source/definition	United Kingdom	2016	2958	excluded	excessive_ambiguous_amino_acids	933c39206d70ab06d02856d2597b085eae4867db15f75be81a34b9e32b01ebe7
PX387036.1	expanded_retrieval	Orthohepacivirus hominis isolate NGS8_399 polyprotein (POLY) gene, partial cds; and similar to protein F gene	1	1b	1b	record source/definition	United Kingdom	2013	2956	included		91cc7ac4ae24a7fd7d12c2736dbfd9f2f3b64c5234fef14a4b71692e96210c65
PX387037.1	archived_retrieval	Orthohepacivirus hominis isolate NGS8_61 polyprotein (POLY) and protein F (POLY) genes, complete cds	1	1a	1a	record source/definition	United Kingdom	2017	3011	excluded	excessive_ambiguous_amino_acids	c9abf7e7e2ac8a2523024e5f2f9bfea814d2bfd95d2f2b708460b408e2e15bf0
PX387038.1	archived_retrieval	Orthohepacivirus hominis isolate NGS8_63 polyprotein (POLY) gene, partial cds; and similar to protein F gene	3	3a	3a	record source/definition	United Kingdom	2015	2997	excluded	excessive_ambiguous_amino_acids	307aaf14f4a5b363c685bfaa58f828060de2f2bdfa612c8badc54a9a539ad651
PX387039.1	archived_retrieval	Orthohepacivirus hominis isolate NGS8_66 polyprotein (POLY) gene, complete cds; and similar to protein F gene	3	3a	3a	record source/definition	United Kingdom	2016	3021	excluded	excessive_ambiguous_amino_acids	b16e3003f4d4edf97fdab93ae55d603c560e385fb430541f53ab87b9890390b8
PX387040.1	archived_retrieval	Orthohepacivirus hominis isolate NGS8_71 polyprotein (POLY) gene, partial cds; and similar to protein F gene	2	2b	2b	record source/definition	United Kingdom	2017	2979	excluded	excessive_ambiguous_amino_acids	cbdc603942bc6c2bfe54b165afda21467e6c4e7d2b49b8be6606d79979e55273
PZ098530.1	expanded_retrieval	Orthohepacivirus hominis isolate HCV-1b/Tomsk-1 polyprotein (POLY) gene, complete cds	unknown	unknown	1b	unclassified; query term alone insufficient	Russia: West Siberia, Tomsk region	2024	3010	included		d192c7a0541c1dbb52f83720bcb0d438bc5d868e135a7b3c4d3fb2534cbbcc2f
PZ098531.1	expanded_retrieval	Orthohepacivirus hominis isolate HCV-1b/Tomsk-2 polyprotein (POLY) gene, complete cds	unknown	unknown	1b	unclassified; query term alone insufficient	Russia: West Siberia, Tomsk region	2024	3010	included		02cc947c1ffe4f09ff8a129823f797aa013d891ba406f9a137eb6bbd932b9a75
PZ098532.1	expanded_retrieval	Orthohepacivirus hominis isolate HCV-1b/Tomsk-3 polyprotein (POLY) gene, complete cds	unknown	unknown	1b	unclassified; query term alone insufficient	Russia: West Siberia, Tomsk region	2024	3010	included		69807c3555955244666c7302d8800b6bd70d843f17a5dbf65f5cff517bb7d335
PZ098533.1	expanded_retrieval	Orthohepacivirus hominis isolate HCV-1b/Tomsk-4 polyprotein (POLY) gene, complete cds	unknown	unknown	1b	unclassified; query term alone insufficient	Russia: West Siberia, Tomsk region	2024	3010	included		0ef5fb9aa813b58f3160efad015621325dfe6e7cd132ee19a57573feecb9395f
PZ098534.1	expanded_retrieval	Orthohepacivirus hominis isolate HCV-1b/Tomsk-5 polyprotein (POLY) and protein F (POLY) genes, complete cds	unknown	unknown	1b	unclassified; query term alone insufficient	Russia: West Siberia, Tomsk region	2024	3010	included		aea9cba6796df109946881717fabf6ed66b635a3a34f5dc15caf14048b76fb0a
PZ098535.1	expanded_retrieval	Orthohepacivirus hominis isolate HCV-1b/Tomsk-6 polyprotein (POLY) gene, complete cds	unknown	unknown	1b	unclassified; query term alone insufficient	Russia: West Siberia, Tomsk region	2024	3010	included		05f4c3f335be2e8b2c5d83f2a13703f3ce192a610e9bc59e0a78d90347b49c81
PZ098536.1	expanded_retrieval	Orthohepacivirus hominis isolate HCV-1b/Tomsk-7 polyprotein (POLY) and protein F (POLY) genes, complete cds	unknown	unknown	1b	unclassified; query term alone insufficient	Russia: West Siberia, Tomsk region	2024	3010	included		18c62b7cc36329d52c05b5f976159f31b2822808bf821dd56ed48b952980ade5
PZ098537.1	expanded_retrieval	Orthohepacivirus hominis isolate HCV-1b/Tomsk-8 polyprotein (POLY) gene, complete cds	unknown	unknown	1b	unclassified; query term alone insufficient	Russia: West Siberia, Tomsk region	2024	3010	included		61ac925e59051b36a3a7da07bf2db3573c00c3d75e2cd0e952ac98ec067706e4
PZ098538.1	expanded_retrieval	Orthohepacivirus hominis isolate HCV-1b/Tomsk-9 polyprotein (POLY) gene, complete cds	unknown	unknown	1b	unclassified; query term alone insufficient	Russia: West Siberia, Tomsk region	2024	3010	included		7a3e3f00fa87e2177575776fbb1984197e47232792fea9b494e2ce0e29c2373a
PZ098539.1	archived_retrieval	Orthohepacivirus hominis isolate HCV-1b/Tomsk-10 polyprotein (POLY) and protein F (POLY) genes, complete cds	unknown	unknown	1b	unclassified; query term alone insufficient	Russia: West Siberia, Tomsk region	2024	3010	included		c05747613d30c8f4692a1eacb389a378381e14a53d79f3ab88ffff7795fefff3
PZ098540.1	archived_retrieval	Orthohepacivirus hominis isolate HCV-1b/Tomsk-11 polyprotein (POLY) gene, complete cds	unknown	unknown	1b	unclassified; query term alone insufficient	Russia: West Siberia, Tomsk region	2024	3010	included		71f5abd457a89442dbbb491c596c562707d8c331283431b0f5b8dd2da330a58b
PZ098541.1	archived_retrieval	Orthohepacivirus hominis isolate HCV-1b/Tomsk-12 polyprotein (POLY) gene, complete cds	unknown	unknown	1b	unclassified; query term alone insufficient	Russia: West Siberia, Tomsk region	2024	3010	included		00aee8e7a2cbf31692c71be9d75c229a1b0a86a1dd89f7f139a3f7c9e8a5b3ad
PZ098542.1	archived_retrieval	Orthohepacivirus hominis isolate HCV-1b/Tomsk-13 polyprotein (POLY) gene, complete cds	unknown	unknown	1b	unclassified; query term alone insufficient	Russia: West Siberia, Tomsk region	2024	3010	included		d10d87d8cf060160f043d12bc8ee4ba13449d852fe7e311b00c6cf73f3274f6f
PZ098543.1	archived_retrieval	Orthohepacivirus hominis isolate HCV-1b/Tomsk-14 polyprotein (POLY) gene, complete cds	unknown	unknown	1b	unclassified; query term alone insufficient	Russia: West Siberia, Tomsk region	2024	3010	included		db1545ddd45723dc3aff5cfce29764f52efb7708a978bab64d0a1d73f35ab2f8
PZ098544.1	archived_retrieval	Orthohepacivirus hominis isolate HCV-1b/Tomsk-15 polyprotein (POLY) gene, complete cds	unknown	unknown	1b	unclassified; query term alone insufficient	Russia: West Siberia, Tomsk region	2024	3010	included		d634be92df298b68d5b13ba6289a4ab3e768fb229800ebb357c187b596c0783c
PZ746446.1	archived_retrieval	Orthohepacivirus hominis isolate GTYY123002 polyprotein (POLY) gene, partial cds; and protein F (POLY) gene, complete cds	2	2a	2a	record source/definition	China: Ningde	09-Nov-2023	3026	included		c40f48482e300819bc7146924db6158a6f5d244dca1819ba9861d2f1a0920ea9
PZ746448.1	archived_retrieval	Orthohepacivirus hominis isolate GTYY123005 polyprotein (POLY) gene, partial cds; and protein F (POLY) gene, complete cds	6	6a	6a	record source/definition	China: Ningde	06-Sep-2023	3012	included		ebb81d7bde18a828c50deac5c4b2091879d54655f876c835f1c31a4156456879
PZ746449.1	archived_retrieval	Orthohepacivirus hominis isolate GTYY123007 polyprotein (POLY) gene, partial cds; and protein F (POLY) gene, complete cds	6	6a	6a	record source/definition	China: Ningde	25-Sep-2023	3012	included		4dfdc7ffeec77e501280ac6317070866158fb4678bada4bb36657cc273be7d60
PZ746450.1	archived_retrieval	Orthohepacivirus hominis isolate GLRQ123154 polyprotein (POLY) gene, partial cds; and protein F (POLY) gene, complete cds	1	1a	1a	record source/definition	China: Fuzhou	21-Apr-2023	3003	included		95872f550d067f4a64e6a50bb56982cf06df24bc2b33285563fb4c5cca43476c
PZ746451.1	archived_retrieval	Orthohepacivirus hominis isolate FZRQ323178 polyprotein (POLY) gene, partial cds	1	1b	1b	record source/definition	China: Fuzhou	29-Sep-2023	3003	included		2f7c92e98fec0587f9e4a82ec95c6e2ad801f38e64818db4ec8ca3d17579eaaa
PZ746452.1	archived_retrieval	Orthohepacivirus hominis isolate ZPYY223001 polyprotein (POLY) gene, partial cds	3	3a	3a	record source/definition	China: Zhangzhou	10-May-2023	3014	included		98e4f9913c8adcb545e883b00cc930b655c0397f0cbf56ba40e9f9e96f6d3a82
PZ746454.1	archived_retrieval	Orthohepacivirus hominis isolate XMYY124002 polyprotein (POLY) gene, partial cds	1	1b	1b	record source/definition	China: Xiamen	22-Mar-2024	3003	included		51bade0e3d093e75c592e63da62d1886edeec9dd5a8eb0d1e9886b98191b2bc0
PZ746457.1	archived_retrieval	Orthohepacivirus hominis isolate XMYY124006 polyprotein (POLY) gene, partial cds	1	1b	1b	record source/definition	China: Xiamen	18-Apr-2024	3003	included		4680d1e645ed5e053d5025a0f876c661901d208b6644766361d31c63d0d598a1
PZ746458.1	archived_retrieval	Orthohepacivirus hominis isolate XMYY124007 polyprotein (POLY) gene, partial cds	1	1b	1b	record source/definition	China: Xiamen	24-Apr-2024	3003	included		54d019735935487c6f3046c3ce4f507aec07d400657349acc2bedfa2ce6dbecc
PZ746468.1	archived_retrieval	Orthohepacivirus hominis isolate CXRQ324001 polyprotein (POLY) gene, partial cds	1	1b	1b	record source/definition	China: Putian	04-Jun-2024	3003	included		82bf95aab9298d26ac06a45efab6ee356e9e39b9d2287feeafda794ce422556c
PZ746469.1	archived_retrieval	Orthohepacivirus hominis isolate YPYY124001 polyprotein (POLY) gene, partial cds	1	1b	1b	record source/definition	China: Nanping	29-Jan-2024	3003	included		166bbc7382afaa4ee51c6d436a7c525b83ed19730310c9110ed2aa6602d57d93
PZ746470.1	archived_retrieval	Orthohepacivirus hominis isolate YPYY124008 polyprotein (POLY) gene, partial cds	1	1b	1b	record source/definition	China: Nanping	25-Apr-2024	3003	included		d9191f79d821d04a57101f659599c77ebceabd7ae5a9108738196c2dbcfa6020
PZ746471.1	archived_retrieval	Orthohepacivirus hominis isolate YPYY124009 polyprotein (POLY) gene, partial cds; and protein F (POLY) gene, complete cds	2	2a	2a	record source/definition	China: Nanping	31-May-2024	3026	included		961a6bb1096c67cd990736a1d555f3bb9481c3ed36f35ae581d4885f4879596f
PZ746472.1	archived_retrieval	Orthohepacivirus hominis isolate YPYY124011 polyprotein (POLY) gene, partial cds	1	1b	1b	record source/definition	China: Nanping	29-Jul-2024	3003	included		99d718bfeec75c7ff3c7cb9f01cc630b27fdbe55cc91582f08184fe5466d7e1b
PZ746473.1	archived_retrieval	Orthohepacivirus hominis isolate YPYY124013 polyprotein (POLY) gene, partial cds; and protein F (POLY) gene, complete cds	1	1b	1b	record source/definition	China: Nanping	28-Aug-2024	3003	included		a2b46a3bf0275bfe72072d1867205da88b8847cf830006a000f9cac1d17fb787
PZ746474.1	archived_retrieval	Orthohepacivirus hominis isolate YPYY124014 polyprotein (POLY) gene, partial cds; and protein F (POLY) gene, complete cds	6	6a	6a	record source/definition	China: Nanping	30-Aug-2024	3012	included		65bb41f2ffb1f54e13e0deec7168442a9fbef1ad94a7ab91914a46460e896350
PZ746475.1	archived_retrieval	Orthohepacivirus hominis isolate GLRQ124007 polyprotein (POLY) gene, partial cds	1	1b	1b	record source/definition	China: Fuzhou	15-May-2024	3003	included		72e29934bd3fa7c7199d16eb71a3be939ee6f18ae750c09af73ded77e13902f8
PZ746476.1	archived_retrieval	Orthohepacivirus hominis isolate GLRQ124009 polyprotein (POLY) gene, partial cds	1	1b	1b	record source/definition	China: Fuzhou	24-Jun-2024	3003	included		2299dda9be00ea18092fdef5ebb504d6c1acbdc62c04282f386da81337b82aa5
PZ746477.1	archived_retrieval	Orthohepacivirus hominis isolate GLRQ124014 polyprotein (POLY) gene, partial cds; and protein F (POLY) gene, complete cds	1	1b	1b	record source/definition	China: Fuqing	24-Jun-2024	3003	included		b4ab51ab7199f6576c6a6275409c20cae4fbc477d46f52525151b7d29899edbc
PZ746478.1	archived_retrieval	Orthohepacivirus hominis isolate FQYY124002 polyprotein (POLY) gene, partial cds; and protein F (POLY) gene, complete cds	6	6a	6a	record source/definition	China: Longyan	25-May-2024	3012	included		4bb6aa7cb4883a0ea197a9d8902c720fa5d86fac440565804a1c31b8474482d1
PZ746479.1	archived_retrieval	Orthohepacivirus hominis isolate SHYY124001 polyprotein (POLY) gene, partial cds; and protein F (POLY) gene, complete cds	6	6a	6a	record source/definition	China: Putian	22-Aug-2024	3012	included		dfce939a0de7ad02c92769aadb99efb5d384d5a1917c5e2c8b0b67d0484d260e
PZ746480.1	archived_retrieval	Orthohepacivirus hominis isolate LC24001 polyprotein (POLY) gene, partial cds; and protein F (POLY) gene, complete cds	1	1b	1b	record source/definition	China: Putian	28-Oct-2022	3003	included		1d8108adf3cb33907ad6c895fff704b2198e02181f41272b7c9863e850097546
PZ746481.1	archived_retrieval	Orthohepacivirus hominis isolate LC24002 polyprotein (POLY) gene, partial cds	2	2a	2a	record source/definition	China: Putian	28-Oct-2022	3026	included		07f072a5541641ded9ac770ec8f6c6bb282b395d09dd13ecd5e67419b6340e53
PZ746482.1	archived_retrieval	Orthohepacivirus hominis isolate LC24003 polyprotein (POLY) gene, partial cds	1	1b	1b	record source/definition	China: Putian	28-Oct-2022	3003	included		b5f59b128b7a00b86a091b7595a7aa140bf941387a4247dd029fa6cb939f42fe
PZ746483.1	archived_retrieval	Orthohepacivirus hominis isolate LC24006 polyprotein (POLY) gene, partial cds	1	1b	1b	record source/definition	China: Putian	28-Oct-2022	3003	included		142a9d42f86737bde01e7aef51a542f6b8b3dd2faba4237d066fa0dc09cfaa38
PZ746484.1	archived_retrieval	Orthohepacivirus hominis isolate LC24007 polyprotein (POLY) gene, partial cds; and protein F (POLY) gene, complete cds	2	2a	2a	record source/definition	China: Putian	28-Oct-2022	3026	included		da83dd75c221b6f73395835d9415b5fafe7abadb4af320c86f4d00b320729f6b
PZ746485.1	archived_retrieval	Orthohepacivirus hominis isolate LC24010 polyprotein (POLY) gene, partial cds; and protein F (POLY) gene, complete cds	6	6a	6a	record source/definition	China: Putian	28-Oct-2022	3012	included		bab31b0976d6d6b85569ffd258e0425b1f632f9d1d8d2ef0d8718ce3e7014012
PZ746486.1	archived_retrieval	Orthohepacivirus hominis isolate LC24011 polyprotein (POLY) gene, partial cds	1	1b	1b	record source/definition	China: Putian	28-Oct-2022	3004	included		5bb255d2b31896908dbc81c94088fcfbd702e4af7d3fbe79b8efb14be62e5446
PZ746487.1	archived_retrieval	Orthohepacivirus hominis isolate LC24012 polyprotein (POLY) gene, partial cds	1	1b	1b	record source/definition	China: Putian	28-Oct-2022	3003	included		01881e0068cae0c159d91f2686b4fe0848e1313827f2b03cf1bc78218942c6fd
PZ746488.1	archived_retrieval	Orthohepacivirus hominis isolate LC24014 polyprotein (POLY) gene, partial cds	1	1b	1b	record source/definition	China: Putian	21-Feb-2023	3003	included		d3128bc92fafeba7be66330a89b514bdb8686955eef72e9be6be89825a85a5c4
PZ746489.1	archived_retrieval	Orthohepacivirus hominis isolate LC24023 polyprotein (POLY) gene, partial cds	1	1b	1b	record source/definition	China: Putian	11-Apr-2023	3003	included		686d55c43dd373871d9946b00df1f518e2b227903ac4e06244b7ac32540a1f28
PZ746490.1	archived_retrieval	Orthohepacivirus hominis isolate LC24024 polyprotein (POLY) gene, partial cds	1	1b	1b	record source/definition	China: Putian	13-Apr-2023	3003	included		55d85f61a712313f6068680d31c6977f5372ceff6a6f160e8c95b414a835ffab
PZ746492.1	archived_retrieval	Orthohepacivirus hominis isolate LCYY125001 polyprotein (POLY) gene, partial cds; and protein F (POLY) gene, complete cds	2	2a	2a	record source/definition	China: Putian	10-Jul-2025	3026	included		3f44555b689396934d8297b1a162a8548826443b8e8dd3e0b793f3dd03a4d847
PZ746493.1	archived_retrieval	Orthohepacivirus hominis isolate LCYY125003 polyprotein (POLY) gene, partial cds; and protein F (POLY) gene, complete cds	2	2a	2a	record source/definition	China: Putian	07-Jul-2025	3026	included		3f44555b689396934d8297b1a162a8548826443b8e8dd3e0b793f3dd03a4d847
PZ746494.1	archived_retrieval	Orthohepacivirus hominis isolate LCYY125005 polyprotein (POLY) gene, partial cds	1	1b	1b	record source/definition	China: Putian	07-Aug-2025	3003	included		4c7e38af0531d0c7179bb3cb5b4dcfcade44ca2064d857092fea1765d776dc36
PZ746495.1	archived_retrieval	Orthohepacivirus hominis isolate LCYY125007 polyprotein (POLY) gene, partial cds; and protein F (POLY) gene, complete cds	6	6a	6a	record source/definition	China: Putian	14-Aug-2025	3012	included		578b20cb31a51169a7e2749d7fcb672f294aba6708197906a799ae4e40ddde57
PZ746496.1	archived_retrieval	Orthohepacivirus hominis isolate LCYY125008 polyprotein (POLY) gene, partial cds; and protein F (POLY) gene, complete cds	2	2a	2a	record source/definition	China: Putian	14-Aug-2025	3026	included		48e3477d9bfb4d1965780bdddb48b89f8769da200d414bfc2def7bf788d9c539
PZ746497.1	archived_retrieval	Orthohepacivirus hominis isolate LCYY125009 polyprotein (POLY) gene, partial cds; and protein F (POLY) gene, complete cds	6	6a	6a	record source/definition	China: Putian	14-Aug-2025	3012	included		4f9247555de6fdc1fc3892711bc2dfe4dc1509a2df7bbc0bcda3987c632f0bff
PZ746498.1	archived_retrieval	Orthohepacivirus hominis isolate LCYY125013 polyprotein (POLY) gene, partial cds	1	1b	1b	record source/definition	China: Putian	21-Aug-2025	3003	included		a0723f4344b85283717ec9078aa38b3bfb48ae5c06faf2927e06348760b7b4ab
PZ746499.1	archived_retrieval	Orthohepacivirus hominis isolate LCYY125017 polyprotein (POLY) gene, partial cds	1	1b	1b	record source/definition	China: Putian	21-Aug-2025	3003	included		ddf48b1cb8cf57908da1e2d4a469f8ae0c4021f33c72325f9d93b433fe60707a
PZ746500.1	archived_retrieval	Orthohepacivirus hominis isolate LCYY125018 polyprotein (POLY) gene, partial cds	3	3a	3a	record source/definition	China: Putian	21-Aug-2025	3014	included		4998fb5161b25c9ec8f97f7b2b533545f9977d8cef2b0d9391067d3b0c21c601
PZ746501.1	archived_retrieval	Orthohepacivirus hominis isolate LCYY125019 polyprotein (POLY) gene, partial cds; and protein F (POLY) gene, complete cds	2	2a	2a	record source/definition	China: Putian	21-Aug-2025	3026	included		f725bb1f130037dd09b90c9226afa57cd90a4a2260e45f88cabf4f8118ec275b
PZ746503.1	archived_retrieval	Orthohepacivirus hominis isolate GTYY125003 polyprotein (POLY) gene, partial cds; and protein F (POLY) gene, complete cds	2	2a	2a	record source/definition	China: Ningde	03-Jun-2025	3026	included		64baa47d9bdfb11723fcaaae22c9f31d1e8b96617c851a78003f3816260c217e
PZ746504.1	archived_retrieval	Orthohepacivirus hominis isolate GTYY125004 polyprotein (POLY) gene, partial cds; and protein F (POLY) gene, complete cds	2	2a	2a	record source/definition	China: Ningde	04-Jul-2025	3026	included		ea7b933fc35a05cad9a82afb00ae686bba2dd61354ef3950fe90be4f9d5ce986
PZ746507.1	archived_retrieval	Orthohepacivirus hominis isolate SYYY125002 polyprotein (POLY) gene, partial cds	1	1b	1b	record source/definition	China: Sanming	20-May-2025	3002	included		b208cb3b07f4d2f7d0c1cc7577cca617a8f65c1092c790a45b94551384a6f093
PZ746508.1	archived_retrieval	Orthohepacivirus hominis isolate ZPYY125001 polyprotein (POLY) gene, partial cds; and protein F (POLY) gene, complete cds	6	6a	6a	record source/definition	China: Zhangzhou	07-Apr-2025	3012	included		e971dad778144e6e3d6b83f3e4df8ecd530b5edcd637651c0dcca3335d7d0ed2
PZ746509.1	archived_retrieval	Orthohepacivirus hominis isolate XMYY125003 polyprotein (POLY) gene, partial cds; and protein F (POLY) gene, complete cds	2	2a	2a	record source/definition	China: Xiamen	13-May-2025	3026	included		b11b483cc1b9a4776cc74e113288425b3e8037e7a342527bc95d93b62ccfa04e
PZ746510.1	archived_retrieval	Orthohepacivirus hominis isolate XMYY125004 polyprotein (POLY) gene, partial cds; and protein F (POLY) gene, complete cds	1	1b	1b	record source/definition	China: Xiamen	21-May-2025	3003	included		bff249ed083c570250c01847ebb11eaf6b9b33f34beeb6452f9647e3fea92e6e
PZ746511.1	archived_retrieval	Orthohepacivirus hominis isolate XMYY125007 polyprotein (POLY) gene, partial cds; and protein F (POLY) gene, complete cds	6	6a	6a	record source/definition	China: Xiamen	06-Jun-2025	3012	included		9cf5c64c906989072093f8d38a4af19e2f1bc2e432650e591d96ee756116d3cf
PZ746513.1	archived_retrieval	Orthohepacivirus hominis isolate XMYY125009 polyprotein (POLY) gene, partial cds	3	3a	3a	record source/definition	China: Xiamen	26-Jun-2025	3014	included		9d9f63ad80c571e517443c85727bd12f0c5e04bccf145ac6c1965fd61cbf2fc6
PZ746516.1	archived_retrieval	Orthohepacivirus hominis isolate YPYY124015 polyprotein (POLY) gene, partial cds; and protein F (POLY) gene, complete cds	2	2a	2a	record source/definition	China: Nanping	25-Sep-2025	3026	included		49b6f69685cd5ba462f8ed70cb98be27e10cc08ff39ef36c616bd4b809c1e106
PZ746517.1	archived_retrieval	Orthohepacivirus hominis isolate YPYY124016 polyprotein (POLY) gene, partial cds; and protein F (POLY) gene, complete cds	6	6a	6a	record source/definition	China: Nanping	26-Sep-2025	3012	included		a28103c4ed984b4d3157b620ec7625c1b9e6128e97cf1b9ead7e4c9c5ab0fbd7
PZ746518.1	archived_retrieval	Orthohepacivirus hominis isolate YPYY124018 polyprotein (POLY) gene, partial cds	1	1b	1b	record source/definition	China: Nanping	09-Oct-2025	3003	included		c55a0a8dbf66dfc2092922727c616be19943e061bcfd6d0a72e1e8084c86f1d0
PZ746520.1	archived_retrieval	Orthohepacivirus hominis isolate YPYY124022 polyprotein (POLY) gene, partial cds; and protein F (POLY) gene, complete cds	6	6a	6a	record source/definition	China: Nanping	23-Oct-2025	3012	included		418048e5bedeef3bc388049de8a895146b96734f9a7e5fe702e4c7a65c3b8af7
PZ746521.1	archived_retrieval	Orthohepacivirus hominis isolate YPYY124023 polyprotein (POLY) gene, partial cds	1	1b	1b	record source/definition	China: Nanping	25-Oct-2025	3003	included		d26d91bf6a499cf876dda577a719551451cf03c7edd473cd68c6433bf70f627a
PZ746522.1	archived_retrieval	Orthohepacivirus hominis isolate YPYY124024 polyprotein (POLY) gene, partial cds	1	1b	1b	record source/definition	China: Nanping	14-Nov-2025	3003	included		d03693c2e94f3989a9155b6b90240e67a9f0f8f6628294ab532b0cdb6ea50426
PZ746523.1	archived_retrieval	Orthohepacivirus hominis isolate YPYY124025 polyprotein (POLY) gene, partial cds; and protein F (POLY) gene, complete cds	1	1a	1a	record source/definition	China: Nanping	26-Nov-2025	3003	included		c49cf31760eb3e6ebde77ab78d12f33f3011025af3885ea907b56ee33adc1a43
PZ746524.1	archived_retrieval	Orthohepacivirus hominis isolate YPYY124027 polyprotein (POLY) gene, partial cds; and protein F (POLY) gene, complete cds	6	6a	6a	record source/definition	China: Nanping	01-Dec-2025	3012	included		7f159e554dd356aa82d42a59038aee9f286b3b41e5aac127429aff81d2555c9a
PZ746525.1	archived_retrieval	Orthohepacivirus hominis isolate YPYY124028 polyprotein (POLY) gene, partial cds; and protein F (POLY) gene, complete cds	6	6a	6a	record source/definition	China: Nanping	18-Dec-2025	3012	included		895f465ec0fb89d2f77be51855fd5c0e9071b44a84d44d57589e2fd2891ae4a4
PZ746526.1	archived_retrieval	Orthohepacivirus hominis isolate YPYY125003 polyprotein (POLY) gene, partial cds; and protein F (POLY) gene, complete cds	6	6a	6a	record source/definition	China: Nanping	02-Feb-2025	3012	included		f04c2f1f536aeefe6678273fe55ce34e2d4cf182a3ef2a1affd2225dcbd2d760
PZ746527.1	archived_retrieval	Orthohepacivirus hominis isolate YPYY125006 polyprotein (POLY) gene, partial cds; and protein F (POLY) gene, complete cds	2	2a	2a	record source/definition	China: Nanping	06-Mar-2025	3026	included		b50a6e056c39b9a49d06ba745d4cd058c2a8b30c8620882da2a7207ff0343d80
PZ746528.1	archived_retrieval	Orthohepacivirus hominis isolate YPYY125008 polyprotein (POLY) gene, partial cds; and protein F (POLY) gene, complete cds	6	6a	6a	record source/definition	China: Nanping	15-Mar-2025	3012	included		31352d7451a347d991517943e96f885074ddcbf0975514d5115b6874a60bd552
PZ746529.1	archived_retrieval	Orthohepacivirus hominis isolate YPYY125010 polyprotein (POLY) gene, partial cds	1	1b	1b	record source/definition	China: Nanping	17-Apr-2025	3003	included		d8fbbd0f18c853ef919898a7f09f84411f90ff5d6ae16ef8f42e291f81942a6b
PZ746530.1	archived_retrieval	Orthohepacivirus hominis isolate YPYY125011 polyprotein (POLY) gene, partial cds	1	1b	1b	record source/definition	China: Nanping	14-May-2025	3003	included		8e3cfd2624c2daee43dcff5aa368f75c24583b2afedd0b3d2f43e9dc343f4604
PZ746531.1	archived_retrieval	Orthohepacivirus hominis isolate YPYY125014 polyprotein (POLY) gene, partial cds; and protein F (POLY) gene, complete cds	6	6a	6a	record source/definition	China: Nanping	26-May-2025	3012	included		60675b77c55d0ba33c8ec3ada3e07e71180890ac2031921d9df3fbf7860f6b4e
PZ746532.1	archived_retrieval	Orthohepacivirus hominis isolate YPYY125018 polyprotein (POLY) gene, partial cds; and protein F (POLY) gene, complete cds	6	6a	6a	record source/definition	China: Nanping	22-Jul-2025	3012	included		61f4676226f22481de27d81666c1d94fbc361836461bc9a4258d853213c7b9e6
PZ746534.1	archived_retrieval	Orthohepacivirus hominis isolate YPYY124004 polyprotein (POLY) gene, partial cds; and protein F (POLY) gene, complete cds	1	1b	1b	record source/definition	China: Nanping	22-Nov-2024	3003	included		f1fd9a94344ca6028293470cb52ba4ba716a8d7dbad9ab7689cffa2092cd775e
PZ746536.1	archived_retrieval	Orthohepacivirus hominis isolate AX35425001 polyprotein (POLY) gene, partial cds	1	1b	1b	record source/definition	China: Quanzhou	18-Aug-2025	3003	included		3ef9664cd2f89f1d1ffea2736963844b3313a97c7b643192f8ee017c5cd2fd8f
Y13184.1	expanded_retrieval	Hepatitis C virus genotype 5a RNA for HCV polyprotein	5	5a	5a	record source/definition			3014	included		2db903e11c57fd41e7e9eeef99f7589b72dcd25a5b6430781ca07214ad9b6b02
