candidate_id	stability_score	sasa_angstrom2	hydrophobic_sasa_fraction	hydrophobic_patch_proxy_angstrom2	preparation
wild_type	-473.01	5965.908199607477	0.2981973405097977	523.209838050204	Reference-complex BuildMutant + RepairStructure; E2 conformation then recombined per state
decoy_0001	-454.38	6159.863193403531	0.22327437448899284	511.81440184969074	Reference-complex BuildMutant + RepairStructure; E2 conformation then recombined per state
decoy_0002	-448.76	5847.424213916176	0.2402918978251578	511.81440184969074	Reference-complex BuildMutant + RepairStructure; E2 conformation then recombined per state
decoy_0003	-425.13	6057.559251825049	0.2101608349219515	523.209838050204	Reference-complex BuildMutant + RepairStructure; E2 conformation then recombined per state
decoy_0004	-458.19	5682.012951855658	0.2946153176003382	523.209838050204	Reference-complex BuildMutant + RepairStructure; E2 conformation then recombined per state
decoy_0005	-457.97	6006.425320060822	0.20888592053988314	514.2296582817706	Reference-complex BuildMutant + RepairStructure; E2 conformation then recombined per state
decoy_0006	-456.4	6068.144069156341	0.21969810645071042	511.81440184969074	Reference-complex BuildMutant + RepairStructure; E2 conformation then recombined per state
decoy_0007	-439.41	5731.133700781981	0.34677008142772153	511.81440184969074	Reference-complex BuildMutant + RepairStructure; E2 conformation then recombined per state
decoy_0008	-452.29	6088.48742725192	0.23515844325163615	514.2296582817706	Reference-complex BuildMutant + RepairStructure; E2 conformation then recombined per state
decoy_0009	-442.38	6101.165927591273	0.27386303194965045	511.81440184969074	Reference-complex BuildMutant + RepairStructure; E2 conformation then recombined per state
decoy_0010	-458.1	6133.632628905199	0.2159038231622925	514.2296582817706	Reference-complex BuildMutant + RepairStructure; E2 conformation then recombined per state
decoy_0011	-449.55	6031.380674401951	0.25325572633221494	511.81440184969074	Reference-complex BuildMutant + RepairStructure; E2 conformation then recombined per state
decoy_0012	-461.08	6165.714510251807	0.2316212401396835	514.2296582817706	Reference-complex BuildMutant + RepairStructure; E2 conformation then recombined per state
decoy_0013	-444.11	5995.731238137041	0.21576470425791777	523.209838050204	Reference-complex BuildMutant + RepairStructure; E2 conformation then recombined per state
decoy_0014	-459.9	5980.180266537177	0.19186380398103436	511.81440184969074	Reference-complex BuildMutant + RepairStructure; E2 conformation then recombined per state
decoy_0015	-452.83	5794.589976809604	0.2791547399413339	520.7945816181241	Reference-complex BuildMutant + RepairStructure; E2 conformation then recombined per state
decoy_0016	-432.93	5938.888353937228	0.3020931394453943	511.81440184969074	Reference-complex BuildMutant + RepairStructure; E2 conformation then recombined per state
decoy_0017	-452.75	5907.158330967824	0.2644952316337195	514.2296582817706	Reference-complex BuildMutant + RepairStructure; E2 conformation then recombined per state
decoy_0018	-443.76	5840.819404919491	0.28860316502467614	511.81440184969074	Reference-complex BuildMutant + RepairStructure; E2 conformation then recombined per state
decoy_0019	-442.46	6196.8828290211195	0.2808025498765426	514.2296582817706	Reference-complex BuildMutant + RepairStructure; E2 conformation then recombined per state
decoy_0020	-448.76	5901.194607934405	0.2595321487308535	511.81440184969074	Reference-complex BuildMutant + RepairStructure; E2 conformation then recombined per state
decoy_0021	-440.23	5696.9436725347405	0.3015739310925022	511.81440184969074	Reference-complex BuildMutant + RepairStructure; E2 conformation then recombined per state
decoy_0022	-446.22	5911.298120704794	0.22399334109057317	523.209838050204	Reference-complex BuildMutant + RepairStructure; E2 conformation then recombined per state
decoy_0023	-450.84	5829.969185840822	0.24574802909499632	523.209838050204	Reference-complex BuildMutant + RepairStructure; E2 conformation then recombined per state
decoy_0024	-446.95	6138.078472598485	0.21052400430162377	523.209838050204	Reference-complex BuildMutant + RepairStructure; E2 conformation then recombined per state
decoy_0025	-453.67	6303.162757695618	0.21496737109393307	520.7945816181241	Reference-complex BuildMutant + RepairStructure; E2 conformation then recombined per state
decoy_0026	-451.36	5962.596998649707	0.25137559687366257	511.81440184969074	Reference-complex BuildMutant + RepairStructure; E2 conformation then recombined per state
decoy_0027	-444.82	5740.317254692439	0.2779991979552239	523.209838050204	Reference-complex BuildMutant + RepairStructure; E2 conformation then recombined per state
decoy_0028	-438.82	5977.537973487207	0.2971799532236723	520.7945816181241	Reference-complex BuildMutant + RepairStructure; E2 conformation then recombined per state
decoy_0029	-463.39	6118.553449123682	0.1822624725673864	514.2296582817706	Reference-complex BuildMutant + RepairStructure; E2 conformation then recombined per state
decoy_0030	-450.35	5858.081023984717	0.24103527562689217	511.81440184969074	Reference-complex BuildMutant + RepairStructure; E2 conformation then recombined per state
decoy_0031	-448.3	5773.024287844367	0.25540202556416974	514.2296582817706	Reference-complex BuildMutant + RepairStructure; E2 conformation then recombined per state
decoy_0032	-438.93	5970.957568382259	0.2026943024622015	523.209838050204	Reference-complex BuildMutant + RepairStructure; E2 conformation then recombined per state
decoy_0033	-459.55	5999.045140864495	0.21777204119164537	511.81440184969074	Reference-complex BuildMutant + RepairStructure; E2 conformation then recombined per state
decoy_0034	-458.68	6066.896731209162	0.2753699446512272	520.7945816181241	Reference-complex BuildMutant + RepairStructure; E2 conformation then recombined per state
decoy_0035	-435.64	5849.635769480598	0.2305284251129062	520.7945816181241	Reference-complex BuildMutant + RepairStructure; E2 conformation then recombined per state
decoy_0036	-452.54	6012.773762530604	0.26071156050721006	514.2296582817706	Reference-complex BuildMutant + RepairStructure; E2 conformation then recombined per state
decoy_0037	-451.79	5943.809834758265	0.24620433887784113	511.81440184969074	Reference-complex BuildMutant + RepairStructure; E2 conformation then recombined per state
decoy_0038	-431.42	6031.940053823478	0.2870800084810512	548.9060804700114	Reference-complex BuildMutant + RepairStructure; E2 conformation then recombined per state
decoy_0039	-452.5	5867.470163718428	0.23426617719360143	520.7945816181241	Reference-complex BuildMutant + RepairStructure; E2 conformation then recombined per state
decoy_0040	-443.59	5814.462787157529	0.3382603100274551	566.6622867498772	Reference-complex BuildMutant + RepairStructure; E2 conformation then recombined per state
decoy_0041	-444.37	5932.58840509165	0.3171582713282473	514.2296582817706	Reference-complex BuildMutant + RepairStructure; E2 conformation then recombined per state
decoy_0042	-453.09	6126.954771596135	0.20824287023077212	514.2296582817706	Reference-complex BuildMutant + RepairStructure; E2 conformation then recombined per state
decoy_0043	-449.28	6117.995602799369	0.2705138152524592	523.209838050204	Reference-complex BuildMutant + RepairStructure; E2 conformation then recombined per state
decoy_0044	-447.25	6198.340113322157	0.23667435168151046	523.209838050204	Reference-complex BuildMutant + RepairStructure; E2 conformation then recombined per state
decoy_0045	-454.56	6047.820666457296	0.1882585032360102	514.2296582817706	Reference-complex BuildMutant + RepairStructure; E2 conformation then recombined per state
decoy_0046	-443.11	5709.366811656838	0.26602108930271406	511.81440184969074	Reference-complex BuildMutant + RepairStructure; E2 conformation then recombined per state
decoy_0047	-454.74	6053.087207249033	0.21458527085012005	514.2296582817706	Reference-complex BuildMutant + RepairStructure; E2 conformation then recombined per state
decoy_0048	-430.37	6072.309217829211	0.18440410542288804	511.81440184969074	Reference-complex BuildMutant + RepairStructure; E2 conformation then recombined per state
decoy_0049	-445.3	5817.964519426557	0.27172341843150843	520.7945816181241	Reference-complex BuildMutant + RepairStructure; E2 conformation then recombined per state
decoy_0050	-450.45	6314.434792136696	0.2450083345977945	511.81440184969074	Reference-complex BuildMutant + RepairStructure; E2 conformation then recombined per state
decoy_0051	-421.27	5815.642002809609	0.29845068504181366	514.2296582817706	Reference-complex BuildMutant + RepairStructure; E2 conformation then recombined per state
decoy_0052	-418.74	6004.015039911508	0.27793556840256056	523.209838050204	Reference-complex BuildMutant + RepairStructure; E2 conformation then recombined per state
decoy_0053	-456.7	6066.6564873357565	0.19825732290319506	520.7945816181241	Reference-complex BuildMutant + RepairStructure; E2 conformation then recombined per state
decoy_0054	-451.67	6076.703740464907	0.2197516109390856	514.2296582817706	Reference-complex BuildMutant + RepairStructure; E2 conformation then recombined per state
decoy_0055	-459.68	6135.797098278929	0.22677057072249845	514.2296582817706	Reference-complex BuildMutant + RepairStructure; E2 conformation then recombined per state
decoy_0056	-466.46	5984.0798500998535	0.1969570158412948	514.2296582817706	Reference-complex BuildMutant + RepairStructure; E2 conformation then recombined per state
decoy_0057	-413.26	6171.535127456674	0.2573775461189641	511.81440184969074	Reference-complex BuildMutant + RepairStructure; E2 conformation then recombined per state
decoy_0058	-420.57	5980.799801174839	0.1995335785313702	520.7945816181241	Reference-complex BuildMutant + RepairStructure; E2 conformation then recombined per state
decoy_0059	-440.86	5695.292300639564	0.31312755084644783	511.81440184969074	Reference-complex BuildMutant + RepairStructure; E2 conformation then recombined per state
decoy_0060	-428.26	5569.444145308097	0.3666752907949258	568.6705938359817	Reference-complex BuildMutant + RepairStructure; E2 conformation then recombined per state
decoy_0061	-454.99	6166.512726113234	0.19644508430649887	523.209838050204	Reference-complex BuildMutant + RepairStructure; E2 conformation then recombined per state
decoy_0062	-446.05	6098.229983592785	0.25188919797830517	523.209838050204	Reference-complex BuildMutant + RepairStructure; E2 conformation then recombined per state
decoy_0063	-453.17	6156.251794418155	0.23936650919800287	523.209838050204	Reference-complex BuildMutant + RepairStructure; E2 conformation then recombined per state
decoy_0064	-447.47	6097.435600474399	0.2528722193754407	514.2296582817706	Reference-complex BuildMutant + RepairStructure; E2 conformation then recombined per state
decoy_0065	-443.55	5762.479733164522	0.2625069535888358	511.81440184969074	Reference-complex BuildMutant + RepairStructure; E2 conformation then recombined per state
decoy_0066	-438.38	5773.71839132525	0.27345054681189285	514.2296582817706	Reference-complex BuildMutant + RepairStructure; E2 conformation then recombined per state
decoy_0067	-414.98	6006.433928024695	0.22277344304297597	511.81440184969074	Reference-complex BuildMutant + RepairStructure; E2 conformation then recombined per state
decoy_0068	-453.88	5763.108127093464	0.2652297057069438	520.7945816181241	Reference-complex BuildMutant + RepairStructure; E2 conformation then recombined per state
decoy_0069	-438.97	5884.970028604129	0.335730653880492	511.81440184969074	Reference-complex BuildMutant + RepairStructure; E2 conformation then recombined per state
decoy_0070	-403.34	5778.254059435685	0.2690349504768453	523.209838050204	Reference-complex BuildMutant + RepairStructure; E2 conformation then recombined per state
decoy_0071	-427.36	5977.472201103413	0.23440165688582576	523.209838050204	Reference-complex BuildMutant + RepairStructure; E2 conformation then recombined per state
decoy_0072	-457.52	6087.530058306665	0.19592633201580625	511.81440184969074	Reference-complex BuildMutant + RepairStructure; E2 conformation then recombined per state
decoy_0073	-440.16	5670.799476701643	0.2773663481002339	514.2296582817706	Reference-complex BuildMutant + RepairStructure; E2 conformation then recombined per state
decoy_0074	-411.23	5869.293958784798	0.2702646883575312	523.209838050204	Reference-complex BuildMutant + RepairStructure; E2 conformation then recombined per state
decoy_0075	-459.75	5972.686386819527	0.2302328958565516	514.2296582817706	Reference-complex BuildMutant + RepairStructure; E2 conformation then recombined per state
decoy_0076	-409.12	6147.218195008239	0.25607720728105443	520.7945816181241	Reference-complex BuildMutant + RepairStructure; E2 conformation then recombined per state
decoy_0077	-449.39	6122.656645589423	0.2597776428117628	511.81440184969074	Reference-complex BuildMutant + RepairStructure; E2 conformation then recombined per state
decoy_0078	-443.53	5954.1442043232155	0.23533791799458184	523.209838050204	Reference-complex BuildMutant + RepairStructure; E2 conformation then recombined per state
decoy_0079	-460.57	6197.787331245198	0.2452153955000936	514.2296582817706	Reference-complex BuildMutant + RepairStructure; E2 conformation then recombined per state
decoy_0080	-448.43	5781.3197386443935	0.33186496208114485	511.81440184969074	Reference-complex BuildMutant + RepairStructure; E2 conformation then recombined per state
decoy_0081	-442.97	5887.854601279543	0.2915368641429655	514.2296582817706	Reference-complex BuildMutant + RepairStructure; E2 conformation then recombined per state
decoy_0082	-438.96	5718.84159120628	0.31493570623686806	511.81440184969074	Reference-complex BuildMutant + RepairStructure; E2 conformation then recombined per state
decoy_0083	-446.79	5790.6715562573745	0.3239690015039508	523.209838050204	Reference-complex BuildMutant + RepairStructure; E2 conformation then recombined per state
decoy_0084	-448.28	6141.283713919235	0.264481706789924	511.81440184969074	Reference-complex BuildMutant + RepairStructure; E2 conformation then recombined per state
decoy_0085	-449.32	6105.818023125448	0.22174875911109612	514.2296582817706	Reference-complex BuildMutant + RepairStructure; E2 conformation then recombined per state
decoy_0086	-443.97	5847.003919084606	0.32556246216175294	511.81440184969074	Reference-complex BuildMutant + RepairStructure; E2 conformation then recombined per state
decoy_0087	-446.35	5870.095228274282	0.2880272735740732	511.81440184969074	Reference-complex BuildMutant + RepairStructure; E2 conformation then recombined per state
decoy_0088	-457.77	6022.65296558553	0.22279752354162893	523.209838050204	Reference-complex BuildMutant + RepairStructure; E2 conformation then recombined per state
decoy_0089	-446.19	5941.14817693118	0.3125225233514295	544.8762590422868	Reference-complex BuildMutant + RepairStructure; E2 conformation then recombined per state
decoy_0090	-450.12	5629.179016341984	0.31376184580232935	514.2296582817706	Reference-complex BuildMutant + RepairStructure; E2 conformation then recombined per state
decoy_0091	-452.62	5980.679339946125	0.2584109729859184	511.81440184969074	Reference-complex BuildMutant + RepairStructure; E2 conformation then recombined per state
decoy_0092	-449.56	5866.2438241765385	0.27664586687452836	511.81440184969074	Reference-complex BuildMutant + RepairStructure; E2 conformation then recombined per state
decoy_0093	-451.48	6057.104663368074	0.23113908432354535	511.81440184969074	Reference-complex BuildMutant + RepairStructure; E2 conformation then recombined per state
decoy_0094	-453.12	5972.3920321542555	0.25492622363477024	511.81440184969074	Reference-complex BuildMutant + RepairStructure; E2 conformation then recombined per state
decoy_0095	-448.57	5769.619392027294	0.29195658301310623	523.209838050204	Reference-complex BuildMutant + RepairStructure; E2 conformation then recombined per state
decoy_0096	-414.05	6311.878339964392	0.2068447110822727	511.81440184969074	Reference-complex BuildMutant + RepairStructure; E2 conformation then recombined per state
decoy_0097	-434.56	5842.740526526274	0.274228506182673	523.209838050204	Reference-complex BuildMutant + RepairStructure; E2 conformation then recombined per state
decoy_0098	-439.42	6003.908074964836	0.28925135399902546	511.81440184969074	Reference-complex BuildMutant + RepairStructure; E2 conformation then recombined per state
decoy_0099	-443.43	5774.684581862676	0.3241306026186945	514.2296582817706	Reference-complex BuildMutant + RepairStructure; E2 conformation then recombined per state
decoy_0100	-443.51	5858.489456162424	0.2964296441201299	514.2296582817706	Reference-complex BuildMutant + RepairStructure; E2 conformation then recombined per state
decoy_0101	-440.81	5631.769812405176	0.27573806670026435	511.81440184969074	Reference-complex BuildMutant + RepairStructure; E2 conformation then recombined per state
decoy_0102	-443.42	5697.801804851251	0.3485373048521481	523.209838050204	Reference-complex BuildMutant + RepairStructure; E2 conformation then recombined per state
decoy_0103	-430.23	5857.968894259727	0.3150363109652486	511.81440184969074	Reference-complex BuildMutant + RepairStructure; E2 conformation then recombined per state
decoy_0104	-447.61	6119.655381596485	0.22341805136190357	514.2296582817706	Reference-complex BuildMutant + RepairStructure; E2 conformation then recombined per state
decoy_0105	-440.52	5936.465620514635	0.3134536234967483	511.81440184969074	Reference-complex BuildMutant + RepairStructure; E2 conformation then recombined per state
decoy_0106	-427.34	5774.413487549416	0.3042394307584944	520.7945816181241	Reference-complex BuildMutant + RepairStructure; E2 conformation then recombined per state
decoy_0107	-453.28	6167.2138918944	0.22395160778028242	520.7945816181241	Reference-complex BuildMutant + RepairStructure; E2 conformation then recombined per state
decoy_0108	-445.68	5776.556367898426	0.33368985307833926	523.5890031507511	Reference-complex BuildMutant + RepairStructure; E2 conformation then recombined per state
decoy_0109	-443.01	5781.409688725253	0.2553659811285442	514.2296582817706	Reference-complex BuildMutant + RepairStructure; E2 conformation then recombined per state
decoy_0110	-442.64	5862.790007478668	0.2703535313736101	511.81440184969074	Reference-complex BuildMutant + RepairStructure; E2 conformation then recombined per state
decoy_0111	-438.9	5778.015222995788	0.2806289372322142	514.2296582817706	Reference-complex BuildMutant + RepairStructure; E2 conformation then recombined per state
decoy_0112	-450.29	6030.716767909655	0.23497351140546602	520.7945816181241	Reference-complex BuildMutant + RepairStructure; E2 conformation then recombined per state
decoy_0113	-449.7	6016.5957487547375	0.24404369307968798	511.81440184969074	Reference-complex BuildMutant + RepairStructure; E2 conformation then recombined per state
decoy_0114	-446.26	5587.417787498703	0.32372761123352684	523.209838050204	Reference-complex BuildMutant + RepairStructure; E2 conformation then recombined per state
decoy_0115	-454.46	6111.210931340082	0.2419857380667286	523.209838050204	Reference-complex BuildMutant + RepairStructure; E2 conformation then recombined per state
decoy_0116	-459.48	6049.477416759094	0.19871024788202168	523.209838050204	Reference-complex BuildMutant + RepairStructure; E2 conformation then recombined per state
decoy_0117	-445.97	5782.671729326049	0.3178619041757349	523.209838050204	Reference-complex BuildMutant + RepairStructure; E2 conformation then recombined per state
decoy_0118	-445.59	6135.768560051264	0.2638865803933942	511.81440184969074	Reference-complex BuildMutant + RepairStructure; E2 conformation then recombined per state
decoy_0119	-456.04	6113.300593109544	0.25380651450883795	520.7945816181241	Reference-complex BuildMutant + RepairStructure; E2 conformation then recombined per state
decoy_0120	-448.53	6031.29193069267	0.2552272810964294	514.2296582817706	Reference-complex BuildMutant + RepairStructure; E2 conformation then recombined per state
decoy_0121	-447.98	6100.325865715701	0.2642227340000395	511.81440184969074	Reference-complex BuildMutant + RepairStructure; E2 conformation then recombined per state
decoy_0122	-457.66	6207.701782969699	0.1968696687273509	523.209838050204	Reference-complex BuildMutant + RepairStructure; E2 conformation then recombined per state
decoy_0123	-460.22	6026.917564515441	0.23003874417050935	520.7945816181241	Reference-complex BuildMutant + RepairStructure; E2 conformation then recombined per state
decoy_0124	-443.58	5622.096044377054	0.3346011799383497	511.81440184969074	Reference-complex BuildMutant + RepairStructure; E2 conformation then recombined per state
decoy_0125	-444.81	5838.661382093888	0.30198360655349593	514.2296582817706	Reference-complex BuildMutant + RepairStructure; E2 conformation then recombined per state
decoy_0126	-450.7	6271.007325381803	0.2486565225908944	523.209838050204	Reference-complex BuildMutant + RepairStructure; E2 conformation then recombined per state
decoy_0127	-456.88	6168.326681711412	0.21397775745113368	514.2296582817706	Reference-complex BuildMutant + RepairStructure; E2 conformation then recombined per state
decoy_0128	-440.81	5968.132095347841	0.26561250135183406	514.2296582817706	Reference-complex BuildMutant + RepairStructure; E2 conformation then recombined per state
decoy_0129	-417.82	6201.588545258706	0.2368505847506812	514.2296582817706	Reference-complex BuildMutant + RepairStructure; E2 conformation then recombined per state
decoy_0130	-458.18	5925.638196832261	0.2788144553174787	514.2296582817706	Reference-complex BuildMutant + RepairStructure; E2 conformation then recombined per state
decoy_0131	-442.48	6157.560066696443	0.2812056637335986	511.81440184969074	Reference-complex BuildMutant + RepairStructure; E2 conformation then recombined per state
decoy_0132	-447.44	5924.4550604725455	0.25156737629970355	514.2296582817706	Reference-complex BuildMutant + RepairStructure; E2 conformation then recombined per state
decoy_0133	-451.52	6024.441612513295	0.2616276844769168	511.81440184969074	Reference-complex BuildMutant + RepairStructure; E2 conformation then recombined per state
decoy_0134	-455.7	6029.900758067439	0.2623765095147872	523.209838050204	Reference-complex BuildMutant + RepairStructure; E2 conformation then recombined per state
decoy_0135	-445.39	5669.213751526558	0.3407635391786088	523.209838050204	Reference-complex BuildMutant + RepairStructure; E2 conformation then recombined per state
decoy_0136	-444.81	5803.471284374042	0.28658964187151964	523.209838050204	Reference-complex BuildMutant + RepairStructure; E2 conformation then recombined per state
decoy_0137	-451.23	6077.576826762451	0.2285163365622257	511.81440184969074	Reference-complex BuildMutant + RepairStructure; E2 conformation then recombined per state
decoy_0138	-457.9	6171.409438617787	0.2546588438505897	520.7945816181241	Reference-complex BuildMutant + RepairStructure; E2 conformation then recombined per state
decoy_0139	-440.76	6017.379173997951	0.277434822612328	523.209838050204	Reference-complex BuildMutant + RepairStructure; E2 conformation then recombined per state
decoy_0140	-416.13	5910.371752995848	0.24385670909708038	523.209838050204	Reference-complex BuildMutant + RepairStructure; E2 conformation then recombined per state
decoy_0141	-456.93	6040.875861737271	0.2117876759280974	523.209838050204	Reference-complex BuildMutant + RepairStructure; E2 conformation then recombined per state
decoy_0142	-455.02	5890.9044091621645	0.2235551243361544	523.209838050204	Reference-complex BuildMutant + RepairStructure; E2 conformation then recombined per state
decoy_0143	-443.83	5845.335645420958	0.27816268351751516	520.7945816181241	Reference-complex BuildMutant + RepairStructure; E2 conformation then recombined per state
decoy_0144	-445.24	5768.4233500049595	0.3014238049391036	514.2296582817706	Reference-complex BuildMutant + RepairStructure; E2 conformation then recombined per state
decoy_0145	-450.31	6378.743068091973	0.2282198231025432	523.209838050204	Reference-complex BuildMutant + RepairStructure; E2 conformation then recombined per state
decoy_0146	-440.75	5929.899352576625	0.2787093394429846	514.2296582817706	Reference-complex BuildMutant + RepairStructure; E2 conformation then recombined per state
decoy_0147	-439.32	5697.225046139165	0.23821796325622804	514.2296582817706	Reference-complex BuildMutant + RepairStructure; E2 conformation then recombined per state
decoy_0148	-425.0	6447.131330426464	0.21427741985369325	514.2296582817706	Reference-complex BuildMutant + RepairStructure; E2 conformation then recombined per state
decoy_0149	-442.76	5676.893462732851	0.3556314914756882	514.2296582817706	Reference-complex BuildMutant + RepairStructure; E2 conformation then recombined per state
decoy_0150	-437.51	6087.888677391259	0.29032571703498544	511.81440184969074	Reference-complex BuildMutant + RepairStructure; E2 conformation then recombined per state
decoy_0151	-446.87	6010.9787695856785	0.2366801750087886	514.2296582817706	Reference-complex BuildMutant + RepairStructure; E2 conformation then recombined per state
decoy_0152	-444.16	6237.766171213282	0.24521611482491254	511.81440184969074	Reference-complex BuildMutant + RepairStructure; E2 conformation then recombined per state
decoy_0153	-443.55	5873.158570138055	0.28671753007308814	514.2296582817706	Reference-complex BuildMutant + RepairStructure; E2 conformation then recombined per state
decoy_0154	-455.32	6160.975744459503	0.22490549750222566	511.81440184969074	Reference-complex BuildMutant + RepairStructure; E2 conformation then recombined per state
decoy_0155	-440.02	5867.367333107689	0.3357156062647816	511.81440184969074	Reference-complex BuildMutant + RepairStructure; E2 conformation then recombined per state
decoy_0156	-460.64	6026.109597150423	0.25029574381994635	511.81440184969074	Reference-complex BuildMutant + RepairStructure; E2 conformation then recombined per state
decoy_0157	-442.36	5953.623516756809	0.26673459366536434	511.81440184969074	Reference-complex BuildMutant + RepairStructure; E2 conformation then recombined per state
decoy_0158	-456.19	6102.37262589589	0.23038534038979602	520.7945816181241	Reference-complex BuildMutant + RepairStructure; E2 conformation then recombined per state
decoy_0159	-449.35	6080.577826861605	0.26457547603796167	553.295614256572	Reference-complex BuildMutant + RepairStructure; E2 conformation then recombined per state
decoy_0160	-444.77	6096.198089429036	0.2502696889262644	514.2296582817706	Reference-complex BuildMutant + RepairStructure; E2 conformation then recombined per state
decoy_0161	-439.93	5741.009259589429	0.33916935058351255	514.2296582817706	Reference-complex BuildMutant + RepairStructure; E2 conformation then recombined per state
decoy_0162	-440.82	5694.369376116163	0.34966641925939784	511.81440184969074	Reference-complex BuildMutant + RepairStructure; E2 conformation then recombined per state
decoy_0163	-453.76	6097.462605604848	0.2793535890208402	511.81440184969074	Reference-complex BuildMutant + RepairStructure; E2 conformation then recombined per state
decoy_0164	-450.34	6014.388076198835	0.2004808067070989	511.81440184969074	Reference-complex BuildMutant + RepairStructure; E2 conformation then recombined per state
decoy_0165	-446.17	5798.0454522684	0.3007376299859532	514.2296582817706	Reference-complex BuildMutant + RepairStructure; E2 conformation then recombined per state
decoy_0166	-417.48	6119.333996668022	0.23249153314859985	514.2296582817706	Reference-complex BuildMutant + RepairStructure; E2 conformation then recombined per state
decoy_0167	-446.69	5955.220765293748	0.29911008009216494	511.81440184969074	Reference-complex BuildMutant + RepairStructure; E2 conformation then recombined per state
decoy_0168	-451.19	5842.720759625296	0.23039476302070128	514.2296582817706	Reference-complex BuildMutant + RepairStructure; E2 conformation then recombined per state
decoy_0169	-445.7	6105.186412205629	0.2623761952347893	514.2296582817706	Reference-complex BuildMutant + RepairStructure; E2 conformation then recombined per state
decoy_0170	-447.02	6126.109105119272	0.24211807979849076	514.2296582817706	Reference-complex BuildMutant + RepairStructure; E2 conformation then recombined per state
decoy_0171	-447.5	5969.120038272802	0.2700585999193107	511.81440184969074	Reference-complex BuildMutant + RepairStructure; E2 conformation then recombined per state
decoy_0172	-443.91	5845.476765762955	0.28927838221533353	514.2296582817706	Reference-complex BuildMutant + RepairStructure; E2 conformation then recombined per state
decoy_0173	-456.11	6083.768214732292	0.2579413916020051	511.81440184969074	Reference-complex BuildMutant + RepairStructure; E2 conformation then recombined per state
decoy_0174	-413.29	5811.155343544571	0.2948932104270045	511.81440184969074	Reference-complex BuildMutant + RepairStructure; E2 conformation then recombined per state
decoy_0175	-448.26	5971.421041263256	0.2641565135545151	511.81440184969074	Reference-complex BuildMutant + RepairStructure; E2 conformation then recombined per state
decoy_0176	-433.4	5829.359365007651	0.2721356978989644	511.81440184969074	Reference-complex BuildMutant + RepairStructure; E2 conformation then recombined per state
decoy_0177	-462.55	6141.839222898617	0.23137593845235663	520.7945816181241	Reference-complex BuildMutant + RepairStructure; E2 conformation then recombined per state
decoy_0178	-448.04	5947.39375109111	0.2618459935847042	514.2296582817706	Reference-complex BuildMutant + RepairStructure; E2 conformation then recombined per state
decoy_0179	-445.83	6069.248778797049	0.2359623285382907	514.2296582817706	Reference-complex BuildMutant + RepairStructure; E2 conformation then recombined per state
decoy_0180	-440.8	5767.672848652759	0.3562268553944539	514.2296582817706	Reference-complex BuildMutant + RepairStructure; E2 conformation then recombined per state
decoy_0181	-443.06	5656.480135085691	0.34989383151256365	511.81440184969074	Reference-complex BuildMutant + RepairStructure; E2 conformation then recombined per state
decoy_0182	-452.08	6152.665025519179	0.23094680394920303	511.81440184969074	Reference-complex BuildMutant + RepairStructure; E2 conformation then recombined per state
decoy_0183	-446.26	5888.045974537628	0.25663009438164885	514.2296582817706	Reference-complex BuildMutant + RepairStructure; E2 conformation then recombined per state
decoy_0184	-446.76	5856.313928382558	0.3258382584295876	514.2296582817706	Reference-complex BuildMutant + RepairStructure; E2 conformation then recombined per state
decoy_0185	-438.99	6154.581271374164	0.25087391322798513	523.209838050204	Reference-complex BuildMutant + RepairStructure; E2 conformation then recombined per state
decoy_0186	-436.58	5818.705105912343	0.3473903191151721	523.209838050204	Reference-complex BuildMutant + RepairStructure; E2 conformation then recombined per state
decoy_0187	-437.35	5785.306118128907	0.34246370541443516	523.209838050204	Reference-complex BuildMutant + RepairStructure; E2 conformation then recombined per state
decoy_0188	-445.94	6091.157089857088	0.26256212054294237	514.2296582817706	Reference-complex BuildMutant + RepairStructure; E2 conformation then recombined per state
decoy_0189	-433.9	6272.839477084635	0.24618593730250293	511.81440184969074	Reference-complex BuildMutant + RepairStructure; E2 conformation then recombined per state
decoy_0190	-444.38	5903.7634631145065	0.29904964568513714	520.7945816181241	Reference-complex BuildMutant + RepairStructure; E2 conformation then recombined per state
decoy_0191	-466.99	5999.5639686080485	0.24264891232849317	523.209838050204	Reference-complex BuildMutant + RepairStructure; E2 conformation then recombined per state
decoy_0192	-457.36	6035.804979335999	0.20828841003894835	523.209838050204	Reference-complex BuildMutant + RepairStructure; E2 conformation then recombined per state
decoy_0193	-455.9	6138.171815599409	0.22972559403627799	523.209838050204	Reference-complex BuildMutant + RepairStructure; E2 conformation then recombined per state
decoy_0194	-465.48	5967.18499312738	0.19684302881006074	523.209838050204	Reference-complex BuildMutant + RepairStructure; E2 conformation then recombined per state
decoy_0195	-454.6	6197.848177611713	0.22686104727020173	523.209838050204	Reference-complex BuildMutant + RepairStructure; E2 conformation then recombined per state
decoy_0196	-437.4	6218.384266133407	0.22804624955847383	523.209838050204	Reference-complex BuildMutant + RepairStructure; E2 conformation then recombined per state
decoy_0197	-458.83	6027.156250158894	0.22762487022306163	523.209838050204	Reference-complex BuildMutant + RepairStructure; E2 conformation then recombined per state
decoy_0198	-466.73	6040.772817498236	0.25012430014192333	523.209838050204	Reference-complex BuildMutant + RepairStructure; E2 conformation then recombined per state
decoy_0199	-451.25	6190.447414700318	0.23883225500114694	523.209838050204	Reference-complex BuildMutant + RepairStructure; E2 conformation then recombined per state
decoy_0200	-456.05	6105.27146140195	0.22989990537377628	523.209838050204	Reference-complex BuildMutant + RepairStructure; E2 conformation then recombined per state
decoy_0201	-435.46	5958.94396727848	0.22381048947066376	523.209838050204	Reference-complex BuildMutant + RepairStructure; E2 conformation then recombined per state
decoy_0202	-460.02	5968.846468384528	0.24621679881695807	523.209838050204	Reference-complex BuildMutant + RepairStructure; E2 conformation then recombined per state
decoy_0203	-460.18	6132.964650908824	0.24937755639419268	523.209838050204	Reference-complex BuildMutant + RepairStructure; E2 conformation then recombined per state
decoy_0204	-464.4	6095.083804213922	0.22998208499335834	523.209838050204	Reference-complex BuildMutant + RepairStructure; E2 conformation then recombined per state
decoy_0205	-453.75	6007.092745136895	0.25845016279463995	523.209838050204	Reference-complex BuildMutant + RepairStructure; E2 conformation then recombined per state
decoy_0206	-451.69	6209.227013636648	0.2268087932947601	523.209838050204	Reference-complex BuildMutant + RepairStructure; E2 conformation then recombined per state
decoy_0207	-463.92	6098.543338610427	0.26471946060810175	523.209838050204	Reference-complex BuildMutant + RepairStructure; E2 conformation then recombined per state
decoy_0208	-457.33	6035.235245225087	0.23516655292098002	523.209838050204	Reference-complex BuildMutant + RepairStructure; E2 conformation then recombined per state
decoy_0209	-467.13	6128.469509343625	0.23588048819103036	523.209838050204	Reference-complex BuildMutant + RepairStructure; E2 conformation then recombined per state
decoy_0210	-463.67	6044.606339650592	0.25498053136607285	523.209838050204	Reference-complex BuildMutant + RepairStructure; E2 conformation then recombined per state
decoy_0211	-450.18	6161.207480900005	0.2549437360978243	523.209838050204	Reference-complex BuildMutant + RepairStructure; E2 conformation then recombined per state
decoy_0212	-464.53	6110.87520818275	0.23036901889567102	523.209838050204	Reference-complex BuildMutant + RepairStructure; E2 conformation then recombined per state
decoy_0213	-463.24	6003.668208082551	0.2348453125734684	523.209838050204	Reference-complex BuildMutant + RepairStructure; E2 conformation then recombined per state
decoy_0214	-437.24	6067.716988484642	0.2607639670871983	523.209838050204	Reference-complex BuildMutant + RepairStructure; E2 conformation then recombined per state
decoy_0215	-464.5	6400.5044531467875	0.2012497091286276	523.209838050204	Reference-complex BuildMutant + RepairStructure; E2 conformation then recombined per state
decoy_0216	-458.88	6167.609456108603	0.2265530691813582	523.209838050204	Reference-complex BuildMutant + RepairStructure; E2 conformation then recombined per state
decoy_0217	-468.86	6087.092622945582	0.22115680940349067	523.209838050204	Reference-complex BuildMutant + RepairStructure; E2 conformation then recombined per state
decoy_0218	-447.3	6132.672708986713	0.25177946476526614	523.209838050204	Reference-complex BuildMutant + RepairStructure; E2 conformation then recombined per state
decoy_0220	-437.67	5997.981560954808	0.2249381179244456	523.209838050204	Reference-complex BuildMutant + RepairStructure; E2 conformation then recombined per state
decoy_0221	-458.19	6261.653270954851	0.2396185279218914	523.209838050204	Reference-complex BuildMutant + RepairStructure; E2 conformation then recombined per state
decoy_0222	-465.02	6170.182722084784	0.23457253222628727	523.209838050204	Reference-complex BuildMutant + RepairStructure; E2 conformation then recombined per state
decoy_0223	-445.97	6076.241272893558	0.249741915175374	523.209838050204	Reference-complex BuildMutant + RepairStructure; E2 conformation then recombined per state
decoy_0224	-458.31	6092.340037721243	0.2404970558793743	523.209838050204	Reference-complex BuildMutant + RepairStructure; E2 conformation then recombined per state
decoy_0225	-428.11	6099.5600710904655	0.25196724651176056	523.209838050204	Reference-complex BuildMutant + RepairStructure; E2 conformation then recombined per state
decoy_0226	-462.81	6057.435359977162	0.2750332895682203	523.209838050204	Reference-complex BuildMutant + RepairStructure; E2 conformation then recombined per state
decoy_0227	-459.52	5861.002026568544	0.24914353921043533	523.209838050204	Reference-complex BuildMutant + RepairStructure; E2 conformation then recombined per state
decoy_0228	-451.06	6116.130740833831	0.22519077935761736	523.209838050204	Reference-complex BuildMutant + RepairStructure; E2 conformation then recombined per state
decoy_0229	-464.97	6149.398296947014	0.21918147943288313	523.209838050204	Reference-complex BuildMutant + RepairStructure; E2 conformation then recombined per state
decoy_0230	-464.17	5942.710239630398	0.24863462940208253	523.209838050204	Reference-complex BuildMutant + RepairStructure; E2 conformation then recombined per state
decoy_0231	-433.34	6084.121354879296	0.2390435609670819	523.209838050204	Reference-complex BuildMutant + RepairStructure; E2 conformation then recombined per state
decoy_0232	-449.35	6046.856096981681	0.2858850266435114	523.209838050204	Reference-complex BuildMutant + RepairStructure; E2 conformation then recombined per state
decoy_0233	-443.62	6163.126466223782	0.23857436698421086	523.209838050204	Reference-complex BuildMutant + RepairStructure; E2 conformation then recombined per state
decoy_0234	-455.42	6049.050687945774	0.2528614319918073	523.209838050204	Reference-complex BuildMutant + RepairStructure; E2 conformation then recombined per state
decoy_0235	-453.79	6281.401636534583	0.21121778850580106	523.209838050204	Reference-complex BuildMutant + RepairStructure; E2 conformation then recombined per state
decoy_0236	-465.85	6136.358312390568	0.21602793301751305	523.209838050204	Reference-complex BuildMutant + RepairStructure; E2 conformation then recombined per state
decoy_0237	-457.75	6167.233432600707	0.2368755884889091	523.209838050204	Reference-complex BuildMutant + RepairStructure; E2 conformation then recombined per state
decoy_0238	-469.93	6183.4772259116535	0.22308146535854453	523.209838050204	Reference-complex BuildMutant + RepairStructure; E2 conformation then recombined per state
decoy_0239	-443.86	6096.232546417265	0.2730639430795468	523.209838050204	Reference-complex BuildMutant + RepairStructure; E2 conformation then recombined per state
decoy_0240	-462.1	6193.738534597848	0.23260092660058962	523.209838050204	Reference-complex BuildMutant + RepairStructure; E2 conformation then recombined per state
decoy_0241	-439.07	6110.931882514221	0.2758354340100177	523.209838050204	Reference-complex BuildMutant + RepairStructure; E2 conformation then recombined per state
decoy_0242	-466.96	6119.753914508474	0.21911487620098444	523.209838050204	Reference-complex BuildMutant + RepairStructure; E2 conformation then recombined per state
decoy_0243	-471.47	6177.289080065428	0.22110292841402054	523.209838050204	Reference-complex BuildMutant + RepairStructure; E2 conformation then recombined per state
decoy_0244	-441.11	6059.995732857097	0.2707366256946154	523.209838050204	Reference-complex BuildMutant + RepairStructure; E2 conformation then recombined per state
decoy_0245	-467.81	6162.74576802602	0.2410517439238887	523.209838050204	Reference-complex BuildMutant + RepairStructure; E2 conformation then recombined per state
decoy_0246	-451.87	6086.681514130933	0.267722884745105	523.209838050204	Reference-complex BuildMutant + RepairStructure; E2 conformation then recombined per state
decoy_0247	-452.07	6062.56284131168	0.25972021647752924	523.209838050204	Reference-complex BuildMutant + RepairStructure; E2 conformation then recombined per state
decoy_0248	-458.83	6031.545205892407	0.2063111117487367	523.209838050204	Reference-complex BuildMutant + RepairStructure; E2 conformation then recombined per state
decoy_0249	-457.76	5856.857197716958	0.260184456547337	523.209838050204	Reference-complex BuildMutant + RepairStructure; E2 conformation then recombined per state
decoy_0250	-451.25	6022.1570714683485	0.243946188348293	523.209838050204	Reference-complex BuildMutant + RepairStructure; E2 conformation then recombined per state
decoy_0251	-448.52	6057.707032343473	0.2848193376231981	523.209838050204	Reference-complex BuildMutant + RepairStructure; E2 conformation then recombined per state
decoy_0252	-463.99	6105.1766230029225	0.23603410526702406	523.209838050204	Reference-complex BuildMutant + RepairStructure; E2 conformation then recombined per state
decoy_0253	-463.54	5992.337677186263	0.2541086355751758	523.209838050204	Reference-complex BuildMutant + RepairStructure; E2 conformation then recombined per state
decoy_0254	-449.43	6121.226027126834	0.2369292533299704	523.209838050204	Reference-complex BuildMutant + RepairStructure; E2 conformation then recombined per state
decoy_0255	-462.26	6072.112277668945	0.24015910676379382	523.209838050204	Reference-complex BuildMutant + RepairStructure; E2 conformation then recombined per state
decoy_0256	-449.5	6137.284315674769	0.22471247788814366	523.209838050204	Reference-complex BuildMutant + RepairStructure; E2 conformation then recombined per state
decoy_0257	-459.88	5933.517260941982	0.26236086067716763	523.209838050204	Reference-complex BuildMutant + RepairStructure; E2 conformation then recombined per state
decoy_0258	-440.64	6111.13430161208	0.2710898977779985	523.209838050204	Reference-complex BuildMutant + RepairStructure; E2 conformation then recombined per state
decoy_0259	-461.31	6012.791418281318	0.24381845516023612	523.209838050204	Reference-complex BuildMutant + RepairStructure; E2 conformation then recombined per state
decoy_0260	-440.38	6209.241615759303	0.2689890669098851	523.209838050204	Reference-complex BuildMutant + RepairStructure; E2 conformation then recombined per state
decoy_0261	-470.51	6069.491410280874	0.22075287231882704	523.209838050204	Reference-complex BuildMutant + RepairStructure; E2 conformation then recombined per state
decoy_0262	-461.63	6097.863133535443	0.2291117410557344	523.209838050204	Reference-complex BuildMutant + RepairStructure; E2 conformation then recombined per state
decoy_0263	-458.15	6017.136215788492	0.2640404919434972	523.209838050204	Reference-complex BuildMutant + RepairStructure; E2 conformation then recombined per state
decoy_0264	-473.96	6252.382720060632	0.22412371049233834	523.209838050204	Reference-complex BuildMutant + RepairStructure; E2 conformation then recombined per state
decoy_0265	-462.66	6070.919967858685	0.2638526134196602	523.209838050204	Reference-complex BuildMutant + RepairStructure; E2 conformation then recombined per state
decoy_0266	-457.61	6215.6640741520005	0.26865572320721914	523.209838050204	Reference-complex BuildMutant + RepairStructure; E2 conformation then recombined per state
decoy_0267	-432.59	6082.124307261263	0.29477458096421694	523.209838050204	Reference-complex BuildMutant + RepairStructure; E2 conformation then recombined per state
decoy_0268	-458.9	6158.991904096984	0.22435447317056254	523.209838050204	Reference-complex BuildMutant + RepairStructure; E2 conformation then recombined per state
decoy_0269	-449.84	6166.344927366417	0.23625358241255517	523.209838050204	Reference-complex BuildMutant + RepairStructure; E2 conformation then recombined per state
decoy_0270	-462.62	5973.703596821646	0.23494694141030054	523.209838050204	Reference-complex BuildMutant + RepairStructure; E2 conformation then recombined per state
decoy_0271	-438.94	6203.457654657517	0.254449905574328	523.209838050204	Reference-complex BuildMutant + RepairStructure; E2 conformation then recombined per state
decoy_0272	-430.05	6060.1338749692595	0.25069120613675894	523.209838050204	Reference-complex BuildMutant + RepairStructure; E2 conformation then recombined per state
decoy_0273	-454.09	6103.301167586952	0.26646336766129053	523.209838050204	Reference-complex BuildMutant + RepairStructure; E2 conformation then recombined per state
decoy_0274	-457.69	6091.690745917971	0.23730619966282082	523.209838050204	Reference-complex BuildMutant + RepairStructure; E2 conformation then recombined per state
decoy_0275	-458.74	6032.133023010632	0.22757127407192806	523.209838050204	Reference-complex BuildMutant + RepairStructure; E2 conformation then recombined per state
decoy_0276	-472.56	6201.547151633907	0.23169135667345553	523.209838050204	Reference-complex BuildMutant + RepairStructure; E2 conformation then recombined per state
decoy_0277	-444.68	5908.355315467957	0.2647006905730581	523.209838050204	Reference-complex BuildMutant + RepairStructure; E2 conformation then recombined per state
decoy_0278	-457.81	6093.33325852186	0.2829153042792489	523.209838050204	Reference-complex BuildMutant + RepairStructure; E2 conformation then recombined per state
decoy_0279	-462.09	5987.556902016994	0.23145096291263467	523.209838050204	Reference-complex BuildMutant + RepairStructure; E2 conformation then recombined per state
decoy_0280	-460.55	6134.441438217054	0.2422387601703945	523.209838050204	Reference-complex BuildMutant + RepairStructure; E2 conformation then recombined per state
decoy_0281	-476.85	6093.98348023656	0.22126907625957318	523.209838050204	Reference-complex BuildMutant + RepairStructure; E2 conformation then recombined per state
decoy_0282	-446.58	6098.4581260512905	0.2899264812920476	543.8211237336521	Reference-complex BuildMutant + RepairStructure; E2 conformation then recombined per state
decoy_0283	-460.83	6056.472135103202	0.24542006074092576	523.209838050204	Reference-complex BuildMutant + RepairStructure; E2 conformation then recombined per state
decoy_0284	-459.76	6149.191077495582	0.22268417191145276	523.209838050204	Reference-complex BuildMutant + RepairStructure; E2 conformation then recombined per state
decoy_0285	-471.92	6062.26788346062	0.24995171323242327	523.209838050204	Reference-complex BuildMutant + RepairStructure; E2 conformation then recombined per state
decoy_0286	-439.4	6074.203811827628	0.277575314539574	523.209838050204	Reference-complex BuildMutant + RepairStructure; E2 conformation then recombined per state
decoy_0287	-442.69	6032.213912738278	0.25303329440361716	523.209838050204	Reference-complex BuildMutant + RepairStructure; E2 conformation then recombined per state
decoy_0288	-433.04	6114.2175988723875	0.2380193821743235	523.209838050204	Reference-complex BuildMutant + RepairStructure; E2 conformation then recombined per state
decoy_0289	-454.4	5907.252427950986	0.22992644347732316	523.209838050204	Reference-complex BuildMutant + RepairStructure; E2 conformation then recombined per state
decoy_0290	-422.19	5950.206984480548	0.33586022147252903	598.9677489624538	Reference-complex BuildMutant + RepairStructure; E2 conformation then recombined per state
decoy_0291	-423.91	5974.004423167786	0.20861283889989798	523.209838050204	Reference-complex BuildMutant + RepairStructure; E2 conformation then recombined per state
decoy_0292	-454.03	6069.802377688095	0.2707966571935231	523.209838050204	Reference-complex BuildMutant + RepairStructure; E2 conformation then recombined per state
decoy_0293	-435.56	6039.982091193699	0.27490125731758414	523.209838050204	Reference-complex BuildMutant + RepairStructure; E2 conformation then recombined per state
decoy_0294	-460.19	6005.856289666666	0.22896046189174918	523.209838050204	Reference-complex BuildMutant + RepairStructure; E2 conformation then recombined per state
decoy_0295	-467.6	6306.169525758885	0.2571652740549128	523.209838050204	Reference-complex BuildMutant + RepairStructure; E2 conformation then recombined per state
decoy_0296	-455.17	6033.963025864092	0.2367941729236617	523.209838050204	Reference-complex BuildMutant + RepairStructure; E2 conformation then recombined per state
decoy_0297	-460.59	6131.043139744553	0.236118792470014	523.209838050204	Reference-complex BuildMutant + RepairStructure; E2 conformation then recombined per state
decoy_0298	-451.49	5990.174451883225	0.25432834194356735	523.209838050204	Reference-complex BuildMutant + RepairStructure; E2 conformation then recombined per state
decoy_0299	-453.45	5856.903894350157	0.256040973073748	523.209838050204	Reference-complex BuildMutant + RepairStructure; E2 conformation then recombined per state
decoy_0300	-471.77	6023.224371023739	0.2287415629812108	523.209838050204	Reference-complex BuildMutant + RepairStructure; E2 conformation then recombined per state
decoy_0301	-429.6	6123.764936645759	0.2520710056743117	523.209838050204	Reference-complex BuildMutant + RepairStructure; E2 conformation then recombined per state
decoy_0302	-435.86	6020.331190384453	0.2529203713695095	523.209838050204	Reference-complex BuildMutant + RepairStructure; E2 conformation then recombined per state
decoy_0303	-452.77	6278.481124039213	0.21739137161558028	523.209838050204	Reference-complex BuildMutant + RepairStructure; E2 conformation then recombined per state
decoy_0304	-465.08	6142.4061044434	0.2512658241845261	523.209838050204	Reference-complex BuildMutant + RepairStructure; E2 conformation then recombined per state
decoy_0305	-464.12	6155.154046546766	0.2523810706188344	523.209838050204	Reference-complex BuildMutant + RepairStructure; E2 conformation then recombined per state
decoy_0306	-460.66	5959.591977311952	0.24892348962458372	523.209838050204	Reference-complex BuildMutant + RepairStructure; E2 conformation then recombined per state
decoy_0307	-458.0	6068.524629124028	0.26249182971796814	523.209838050204	Reference-complex BuildMutant + RepairStructure; E2 conformation then recombined per state
decoy_0308	-467.69	6135.3518215025815	0.22475577041121636	523.209838050204	Reference-complex BuildMutant + RepairStructure; E2 conformation then recombined per state
decoy_0309	-467.14	6130.985397271581	0.22866218013714437	523.209838050204	Reference-complex BuildMutant + RepairStructure; E2 conformation then recombined per state
decoy_0310	-451.81	6081.057284166029	0.26452811316433167	523.209838050204	Reference-complex BuildMutant + RepairStructure; E2 conformation then recombined per state
decoy_0311	-453.9	6096.423354188673	0.19644455524729132	523.209838050204	Reference-complex BuildMutant + RepairStructure; E2 conformation then recombined per state
decoy_0312	-432.63	5899.72112558165	0.28578186190401134	523.209838050204	Reference-complex BuildMutant + RepairStructure; E2 conformation then recombined per state
decoy_0313	-464.04	6112.98589349025	0.2617994293629388	523.209838050204	Reference-complex BuildMutant + RepairStructure; E2 conformation then recombined per state
decoy_0314	-470.41	6049.753474788751	0.23789046408012599	523.209838050204	Reference-complex BuildMutant + RepairStructure; E2 conformation then recombined per state
decoy_0315	-458.13	6172.588377809718	0.2239516130424506	523.209838050204	Reference-complex BuildMutant + RepairStructure; E2 conformation then recombined per state
decoy_0316	-442.68	6076.25830032574	0.23487069779140243	523.209838050204	Reference-complex BuildMutant + RepairStructure; E2 conformation then recombined per state
decoy_0317	-465.66	6039.001838887553	0.25167501980472096	523.209838050204	Reference-complex BuildMutant + RepairStructure; E2 conformation then recombined per state
decoy_0318	-463.4	6007.900021351529	0.2557338717011153	523.209838050204	Reference-complex BuildMutant + RepairStructure; E2 conformation then recombined per state
decoy_0319	-441.0	6118.579059386996	0.24822794847489452	523.209838050204	Reference-complex BuildMutant + RepairStructure; E2 conformation then recombined per state
decoy_0320	-465.5	6071.754651327629	0.25592886209691496	523.209838050204	Reference-complex BuildMutant + RepairStructure; E2 conformation then recombined per state
decoy_0321	-453.24	6235.751141118899	0.23119703876288988	523.209838050204	Reference-complex BuildMutant + RepairStructure; E2 conformation then recombined per state
decoy_0322	-442.24	6152.970790448967	0.2587857840845305	523.209838050204	Reference-complex BuildMutant + RepairStructure; E2 conformation then recombined per state
decoy_0323	-446.97	6189.919903594671	0.24275523981548708	523.209838050204	Reference-complex BuildMutant + RepairStructure; E2 conformation then recombined per state
decoy_0324	-464.09	6146.194337396062	0.24556769897145794	523.209838050204	Reference-complex BuildMutant + RepairStructure; E2 conformation then recombined per state
decoy_0325	-460.87	6001.476105259842	0.2535572916361091	523.209838050204	Reference-complex BuildMutant + RepairStructure; E2 conformation then recombined per state
decoy_0326	-454.99	6068.351715864375	0.29070584836592156	523.209838050204	Reference-complex BuildMutant + RepairStructure; E2 conformation then recombined per state
decoy_0327	-467.83	6130.525719434509	0.21979469188565107	523.209838050204	Reference-complex BuildMutant + RepairStructure; E2 conformation then recombined per state
decoy_0328	-465.95	6117.256134720569	0.23269469166470333	523.209838050204	Reference-complex BuildMutant + RepairStructure; E2 conformation then recombined per state
decoy_0329	-443.47	6002.475383051097	0.2740994531331742	523.209838050204	Reference-complex BuildMutant + RepairStructure; E2 conformation then recombined per state
decoy_0330	-451.53	6093.235844016858	0.19575455342334427	523.209838050204	Reference-complex BuildMutant + RepairStructure; E2 conformation then recombined per state
decoy_0331	-427.89	6020.929940245112	0.24669356544101095	523.209838050204	Reference-complex BuildMutant + RepairStructure; E2 conformation then recombined per state
decoy_0332	-454.99	6055.645984199899	0.21889913917736217	523.209838050204	Reference-complex BuildMutant + RepairStructure; E2 conformation then recombined per state
decoy_0333	-462.85	5916.300453554368	0.20354948339451095	523.209838050204	Reference-complex BuildMutant + RepairStructure; E2 conformation then recombined per state
decoy_0334	-447.48	6131.931908872626	0.25277906927314747	523.209838050204	Reference-complex BuildMutant + RepairStructure; E2 conformation then recombined per state
decoy_0335	-446.11	6111.297563899099	0.25902647944855456	523.209838050204	Reference-complex BuildMutant + RepairStructure; E2 conformation then recombined per state
decoy_0336	-471.16	6151.219277146366	0.23761588537077316	523.209838050204	Reference-complex BuildMutant + RepairStructure; E2 conformation then recombined per state
decoy_0337	-455.99	6008.708679866935	0.25600567790748197	523.209838050204	Reference-complex BuildMutant + RepairStructure; E2 conformation then recombined per state
decoy_0338	-447.69	5966.338773730206	0.2843878004075073	523.209838050204	Reference-complex BuildMutant + RepairStructure; E2 conformation then recombined per state
decoy_0339	-462.06	6121.604237183213	0.2750970776399439	523.209838050204	Reference-complex BuildMutant + RepairStructure; E2 conformation then recombined per state
decoy_0340	-454.47	6046.145493856181	0.2614733445624156	523.209838050204	Reference-complex BuildMutant + RepairStructure; E2 conformation then recombined per state
decoy_0341	-437.52	5834.981797981554	0.25169412540994446	523.209838050204	Reference-complex BuildMutant + RepairStructure; E2 conformation then recombined per state
decoy_0342	-463.67	6300.611470301637	0.2358253657810209	523.209838050204	Reference-complex BuildMutant + RepairStructure; E2 conformation then recombined per state
decoy_0343	-455.81	6114.588935124042	0.24663710615094456	523.209838050204	Reference-complex BuildMutant + RepairStructure; E2 conformation then recombined per state
decoy_0344	-470.98	6097.119958377308	0.23605061684785114	523.209838050204	Reference-complex BuildMutant + RepairStructure; E2 conformation then recombined per state
decoy_0345	-463.01	6118.031090229985	0.2533367092702054	523.209838050204	Reference-complex BuildMutant + RepairStructure; E2 conformation then recombined per state
decoy_0346	-479.24	6064.828168375962	0.21907365919175315	523.209838050204	Reference-complex BuildMutant + RepairStructure; E2 conformation then recombined per state
decoy_0347	-455.69	6043.250516225901	0.22664272627277485	520.7945816181241	Reference-complex BuildMutant + RepairStructure; E2 conformation then recombined per state
decoy_0348	-462.36	6182.503671481046	0.22782054790318976	523.209838050204	Reference-complex BuildMutant + RepairStructure; E2 conformation then recombined per state
decoy_0349	-434.11	6108.853819504837	0.2801431179502895	523.209838050204	Reference-complex BuildMutant + RepairStructure; E2 conformation then recombined per state
decoy_0350	-464.37	6118.571532130998	0.25234466202549344	523.209838050204	Reference-complex BuildMutant + RepairStructure; E2 conformation then recombined per state
decoy_0351	-454.47	6074.708251076831	0.2507851726494244	523.209838050204	Reference-complex BuildMutant + RepairStructure; E2 conformation then recombined per state
decoy_0352	-452.08	6026.108566708032	0.2531828217605488	523.209838050204	Reference-complex BuildMutant + RepairStructure; E2 conformation then recombined per state
decoy_0353	-464.34	6188.2503984267005	0.23891540486159957	523.209838050204	Reference-complex BuildMutant + RepairStructure; E2 conformation then recombined per state
decoy_0354	-446.22	5997.9885352904985	0.24312995854837074	523.209838050204	Reference-complex BuildMutant + RepairStructure; E2 conformation then recombined per state
decoy_0355	-469.09	6098.210782178488	0.21825055110687136	523.209838050204	Reference-complex BuildMutant + RepairStructure; E2 conformation then recombined per state
decoy_0356	-451.55	6010.390185918844	0.2679908669282362	523.209838050204	Reference-complex BuildMutant + RepairStructure; E2 conformation then recombined per state
decoy_0357	-457.83	6058.321075477174	0.21954367479775547	523.209838050204	Reference-complex BuildMutant + RepairStructure; E2 conformation then recombined per state
decoy_0358	-457.49	5954.471457746755	0.29193512046192854	551.0668930298917	Reference-complex BuildMutant + RepairStructure; E2 conformation then recombined per state
decoy_0359	-459.33	6150.203650506945	0.24734612148933174	523.209838050204	Reference-complex BuildMutant + RepairStructure; E2 conformation then recombined per state
decoy_0360	-466.62	6246.405563577023	0.2085203107556234	523.209838050204	Reference-complex BuildMutant + RepairStructure; E2 conformation then recombined per state
decoy_0361	-452.22	6153.1332359218995	0.18552977301976556	523.209838050204	Reference-complex BuildMutant + RepairStructure; E2 conformation then recombined per state
decoy_0362	-459.18	6191.027742261659	0.23279546030437717	523.209838050204	Reference-complex BuildMutant + RepairStructure; E2 conformation then recombined per state
decoy_0363	-468.45	6079.21724078245	0.23714306077616587	523.209838050204	Reference-complex BuildMutant + RepairStructure; E2 conformation then recombined per state
decoy_0364	-453.87	6018.239480296577	0.2838796098477179	523.209838050204	Reference-complex BuildMutant + RepairStructure; E2 conformation then recombined per state
decoy_0365	-459.35	6058.041285235446	0.2241257993571937	523.209838050204	Reference-complex BuildMutant + RepairStructure; E2 conformation then recombined per state
decoy_0366	-447.16	6019.422805151853	0.2492704506714025	520.7945816181241	Reference-complex BuildMutant + RepairStructure; E2 conformation then recombined per state
decoy_0367	-464.28	6120.822043444325	0.22312745173764653	523.209838050204	Reference-complex BuildMutant + RepairStructure; E2 conformation then recombined per state
decoy_0368	-437.58	5960.90282569622	0.28284837317817196	523.209838050204	Reference-complex BuildMutant + RepairStructure; E2 conformation then recombined per state
decoy_0369	-463.58	6145.462308608662	0.24758270458630793	523.209838050204	Reference-complex BuildMutant + RepairStructure; E2 conformation then recombined per state
decoy_0370	-455.31	5923.804775925994	0.28314569558156993	523.209838050204	Reference-complex BuildMutant + RepairStructure; E2 conformation then recombined per state
decoy_0371	-454.3	6032.9748190453465	0.24019408764396263	523.209838050204	Reference-complex BuildMutant + RepairStructure; E2 conformation then recombined per state
decoy_0372	-464.48	6103.611179950009	0.24979369528865628	523.209838050204	Reference-complex BuildMutant + RepairStructure; E2 conformation then recombined per state
decoy_0373	-450.78	6125.652053653661	0.2677219984178437	523.209838050204	Reference-complex BuildMutant + RepairStructure; E2 conformation then recombined per state
decoy_0374	-469.76	5991.5205112379535	0.2362842917782095	523.209838050204	Reference-complex BuildMutant + RepairStructure; E2 conformation then recombined per state
decoy_0375	-455.79	5956.699839681427	0.21798103575199307	523.209838050204	Reference-complex BuildMutant + RepairStructure; E2 conformation then recombined per state
decoy_0376	-457.37	6057.416409890276	0.22174332757795642	523.209838050204	Reference-complex BuildMutant + RepairStructure; E2 conformation then recombined per state
decoy_0377	-457.83	5989.433061149718	0.2745432264156585	537.4722414409007	Reference-complex BuildMutant + RepairStructure; E2 conformation then recombined per state
decoy_0378	-458.16	6114.100065608032	0.2484116626474121	523.209838050204	Reference-complex BuildMutant + RepairStructure; E2 conformation then recombined per state
decoy_0379	-458.5	6339.000488457808	0.22097366107358427	514.2296582817706	Reference-complex BuildMutant + RepairStructure; E2 conformation then recombined per state
decoy_0380	-448.85	5851.765693901508	0.2521044671074512	523.209838050204	Reference-complex BuildMutant + RepairStructure; E2 conformation then recombined per state
decoy_0381	-421.5	6205.935516747998	0.1780191900435599	397.55191243709487	Reference-complex BuildMutant + RepairStructure; E2 conformation then recombined per state
decoy_0382	-440.52	5804.788491341842	0.21583266860655634	485.4006448005447	Reference-complex BuildMutant + RepairStructure; E2 conformation then recombined per state
decoy_0383	-428.13	5672.877979533998	0.2664602339491644	408.94734863760806	Reference-complex BuildMutant + RepairStructure; E2 conformation then recombined per state
decoy_0384	-461.74	5830.597253044129	0.16184671612526313	399.96716886917466	Reference-complex BuildMutant + RepairStructure; E2 conformation then recombined per state
decoy_0385	-444.57	5706.299008731493	0.23442541696764502	449.7070754420364	Reference-complex BuildMutant + RepairStructure; E2 conformation then recombined per state
decoy_0386	-443.75	5885.620665009058	0.21239082963826517	408.6750102536537	Reference-complex BuildMutant + RepairStructure; E2 conformation then recombined per state
decoy_0387	-439.52	5948.8944019371365	0.2721082974636721	406.5320922055282	Reference-complex BuildMutant + RepairStructure; E2 conformation then recombined per state
decoy_0388	-459.62	6005.531876242884	0.2000593456806426	408.94734863760806	Reference-complex BuildMutant + RepairStructure; E2 conformation then recombined per state
decoy_0389	-443.98	5917.430974520316	0.23351575612436676	406.5320922055282	Reference-complex BuildMutant + RepairStructure; E2 conformation then recombined per state
decoy_0390	-456.97	6041.742564318545	0.19984781314525701	408.94734863760806	Reference-complex BuildMutant + RepairStructure; E2 conformation then recombined per state
decoy_0391	-452.32	6076.794808952749	0.20982417682850685	397.55191243709487	Reference-complex BuildMutant + RepairStructure; E2 conformation then recombined per state
decoy_0392	-449.18	5866.699116350269	0.24395980138521278	408.94734863760806	Reference-complex BuildMutant + RepairStructure; E2 conformation then recombined per state
decoy_0393	-458.18	5783.691465168667	0.17325382654936586	408.94734863760806	Reference-complex BuildMutant + RepairStructure; E2 conformation then recombined per state
decoy_0394	-447.2	6069.050456336016	0.17577752917639974	485.4006448005447	Reference-complex BuildMutant + RepairStructure; E2 conformation then recombined per state
decoy_0395	-455.25	6078.288636259531	0.19123083018369427	406.5320922055282	Reference-complex BuildMutant + RepairStructure; E2 conformation then recombined per state
decoy_0396	-448.51	5914.276250009434	0.19528056447862885	397.55191243709487	Reference-complex BuildMutant + RepairStructure; E2 conformation then recombined per state
decoy_0397	-453.35	6240.071999690052	0.1898496727400417	399.96716886917466	Reference-complex BuildMutant + RepairStructure; E2 conformation then recombined per state
decoy_0398	-440.93	6028.847922404625	0.26358790866127096	449.5452080221528	Reference-complex BuildMutant + RepairStructure; E2 conformation then recombined per state
decoy_0399	-442.05	5900.840248849449	0.26946575892550534	502.15044815701833	Reference-complex BuildMutant + RepairStructure; E2 conformation then recombined per state
decoy_0400	-414.92	6068.954524662742	0.186482401060531	406.5320922055282	Reference-complex BuildMutant + RepairStructure; E2 conformation then recombined per state
decoy_0401	-437.66	5572.227696930142	0.2535958292774598	485.4006448005447	Reference-complex BuildMutant + RepairStructure; E2 conformation then recombined per state
decoy_0402	-427.85	5766.6535400667435	0.2823844214293677	408.94734863760806	Reference-complex BuildMutant + RepairStructure; E2 conformation then recombined per state
decoy_0403	-453.72	5871.346750822879	0.2004270027851926	397.55191243709487	Reference-complex BuildMutant + RepairStructure; E2 conformation then recombined per state
decoy_0404	-430.31	5527.943744053284	0.28476960886723424	406.0920556057252	Reference-complex BuildMutant + RepairStructure; E2 conformation then recombined per state
decoy_0405	-446.27	5995.654030355987	0.252420882482254	408.6750102536537	Reference-complex BuildMutant + RepairStructure; E2 conformation then recombined per state
decoy_0406	-448.53	6074.18976262528	0.22516633644494247	406.5320922055282	Reference-complex BuildMutant + RepairStructure; E2 conformation then recombined per state
decoy_0407	-456.81	6246.574304801635	0.19644359988959587	408.94734863760806	Reference-complex BuildMutant + RepairStructure; E2 conformation then recombined per state
decoy_0408	-443.26	5901.382965263543	0.20248080385738057	406.5320922055282	Reference-complex BuildMutant + RepairStructure; E2 conformation then recombined per state
decoy_0409	-425.74	5986.89430242724	0.21371860455847086	493.8540423128241	Reference-complex BuildMutant + RepairStructure; E2 conformation then recombined per state
decoy_0410	-418.96	5963.425775924466	0.21866405627368127	397.55191243709487	Reference-complex BuildMutant + RepairStructure; E2 conformation then recombined per state
decoy_0411	-450.37	6022.607588421241	0.209649857530262	411.09026668573347	Reference-complex BuildMutant + RepairStructure; E2 conformation then recombined per state
decoy_0412	-463.56	5937.96444923692	0.17402633223176736	408.94734863760806	Reference-complex BuildMutant + RepairStructure; E2 conformation then recombined per state
decoy_0413	-448.39	5736.589842973548	0.19932137623140808	485.4006448005447	Reference-complex BuildMutant + RepairStructure; E2 conformation then recombined per state
decoy_0414	-450.26	6032.806366847262	0.19211716161040235	406.5320922055282	Reference-complex BuildMutant + RepairStructure; E2 conformation then recombined per state
decoy_0415	-451.64	6110.076263471832	0.2308134544126763	429.33845894152205	Reference-complex BuildMutant + RepairStructure; E2 conformation then recombined per state
decoy_0416	-453.63	6089.911511201794	0.16969536075045724	411.09026668573347	Reference-complex BuildMutant + RepairStructure; E2 conformation then recombined per state
decoy_0417	-449.01	5876.289644739442	0.24277229153145014	406.5320922055282	Reference-complex BuildMutant + RepairStructure; E2 conformation then recombined per state
decoy_0418	-440.65	5828.19427395614	0.2889839139517434	504.92384615160745	Reference-complex BuildMutant + RepairStructure; E2 conformation then recombined per state
decoy_0419	-423.47	6029.31437351546	0.23209785881522757	468.381292794393	Reference-complex BuildMutant + RepairStructure; E2 conformation then recombined per state
decoy_0420	-447.58	5860.233040085168	0.25856496407722007	500.94281994097844	Reference-complex BuildMutant + RepairStructure; E2 conformation then recombined per state
decoy_0421	-433.12	5916.63514626931	0.24228909249609196	408.94734863760806	Reference-complex BuildMutant + RepairStructure; E2 conformation then recombined per state
decoy_0422	-439.56	5721.419330810405	0.3088265371507127	474.8883354276967	Reference-complex BuildMutant + RepairStructure; E2 conformation then recombined per state
decoy_0423	-447.77	5809.116311682313	0.21486437196743693	408.94734863760806	Reference-complex BuildMutant + RepairStructure; E2 conformation then recombined per state
decoy_0424	-452.77	6074.120195197562	0.18349619167371853	408.94734863760806	Reference-complex BuildMutant + RepairStructure; E2 conformation then recombined per state
decoy_0425	-450.33	6028.656687376616	0.20230975665968862	399.96716886917466	Reference-complex BuildMutant + RepairStructure; E2 conformation then recombined per state
decoy_0426	-460.38	6081.648481637951	0.18669768696753763	397.55191243709487	Reference-complex BuildMutant + RepairStructure; E2 conformation then recombined per state
decoy_0427	-442.97	5863.599507940903	0.1904919213517011	397.55191243709487	Reference-complex BuildMutant + RepairStructure; E2 conformation then recombined per state
decoy_0428	-419.81	6107.816503309733	0.1964825844766005	408.6750102536537	Reference-complex BuildMutant + RepairStructure; E2 conformation then recombined per state
decoy_0429	-449.28	5673.119329248018	0.30538758217774997	473.6807072116568	Reference-complex BuildMutant + RepairStructure; E2 conformation then recombined per state
decoy_0430	-436.66	5708.14229423869	0.3262182656665345	452.5945258163214	Reference-complex BuildMutant + RepairStructure; E2 conformation then recombined per state
decoy_0431	-445.27	5966.967909075014	0.2170765473979145	408.94734863760806	Reference-complex BuildMutant + RepairStructure; E2 conformation then recombined per state
decoy_0432	-440.28	5801.094883159905	0.23771565895564875	493.8540423128241	Reference-complex BuildMutant + RepairStructure; E2 conformation then recombined per state
decoy_0433	-455.18	5957.124545309081	0.22996183744544854	406.5320922055282	Reference-complex BuildMutant + RepairStructure; E2 conformation then recombined per state
decoy_0434	-451.08	6003.754023827479	0.20115963845003537	408.94734863760806	Reference-complex BuildMutant + RepairStructure; E2 conformation then recombined per state
decoy_0435	-450.38	5935.616008197397	0.19364469354886876	408.94734863760806	Reference-complex BuildMutant + RepairStructure; E2 conformation then recombined per state
decoy_0436	-433.98	5937.554961484085	0.20478565037930047	408.94734863760806	Reference-complex BuildMutant + RepairStructure; E2 conformation then recombined per state
decoy_0437	-444.15	6000.517957199609	0.19691921095189815	397.55191243709487	Reference-complex BuildMutant + RepairStructure; E2 conformation then recombined per state
decoy_0438	-427.53	6032.950352321762	0.20639052174998257	406.5320922055282	Reference-complex BuildMutant + RepairStructure; E2 conformation then recombined per state
decoy_0439	-435.87	5802.480250121914	0.2761890860653176	566.6622867498772	Reference-complex BuildMutant + RepairStructure; E2 conformation then recombined per state
decoy_0440	-431.28	5900.3362117241095	0.24385755610622792	411.09026668573347	Reference-complex BuildMutant + RepairStructure; E2 conformation then recombined per state
decoy_0441	-450.29	5800.552129046696	0.2412985863450801	399.96716886917466	Reference-complex BuildMutant + RepairStructure; E2 conformation then recombined per state
decoy_0442	-442.27	5699.024826871297	0.23127621029971931	406.5320922055282	Reference-complex BuildMutant + RepairStructure; E2 conformation then recombined per state
decoy_0443	-444.58	5605.375960487083	0.26870770682669276	408.94734863760806	Reference-complex BuildMutant + RepairStructure; E2 conformation then recombined per state
decoy_0444	-448.31	6004.358026431056	0.19461615448749123	399.96716886917466	Reference-complex BuildMutant + RepairStructure; E2 conformation then recombined per state
decoy_0445	-461.3	6040.435020889751	0.15539624149365303	397.55191243709487	Reference-complex BuildMutant + RepairStructure; E2 conformation then recombined per state
decoy_0446	-401.6	5832.025509029047	0.23772979216856688	411.3132820650265	Reference-complex BuildMutant + RepairStructure; E2 conformation then recombined per state
decoy_0447	-402.29	5795.170819592141	0.24780937590627133	408.6750102536537	Reference-complex BuildMutant + RepairStructure; E2 conformation then recombined per state
decoy_0448	-448.51	5842.694508477084	0.22716864440954515	408.6750102536537	Reference-complex BuildMutant + RepairStructure; E2 conformation then recombined per state
decoy_0449	-445.05	5986.992898171079	0.26387380543067135	453.8021540323614	Reference-complex BuildMutant + RepairStructure; E2 conformation then recombined per state
decoy_0450	-447.61	5794.116827823233	0.2464420781688531	412.29524339757376	Reference-complex BuildMutant + RepairStructure; E2 conformation then recombined per state
decoy_0451	-447.35	5807.557315177525	0.21522903284321795	408.94734863760806	Reference-complex BuildMutant + RepairStructure; E2 conformation then recombined per state
decoy_0452	-453.76	6027.394571377592	0.250136911725639	406.5320922055282	Reference-complex BuildMutant + RepairStructure; E2 conformation then recombined per state
decoy_0453	-452.46	5916.933685535997	0.19491439121946214	408.94734863760806	Reference-complex BuildMutant + RepairStructure; E2 conformation then recombined per state
decoy_0454	-435.42	5988.617453431363	0.26748854525441956	460.1341973884895	Reference-complex BuildMutant + RepairStructure; E2 conformation then recombined per state
decoy_0455	-431.8	5810.454831214677	0.21493359082702	408.94734863760806	Reference-complex BuildMutant + RepairStructure; E2 conformation then recombined per state
decoy_0456	-428.03	5992.263384803188	0.18482520413074266	397.55191243709487	Reference-complex BuildMutant + RepairStructure; E2 conformation then recombined per state
decoy_0457	-444.28	5937.412785566953	0.272962957327659	406.5320922055282	Reference-complex BuildMutant + RepairStructure; E2 conformation then recombined per state
decoy_0458	-450.22	5987.91911508358	0.19203033368091182	408.94734863760806	Reference-complex BuildMutant + RepairStructure; E2 conformation then recombined per state
decoy_0459	-448.47	5965.537252913311	0.2106587030843761	408.94734863760806	Reference-complex BuildMutant + RepairStructure; E2 conformation then recombined per state
decoy_0460	-449.32	5723.3222814452765	0.19878374526034306	406.5320922055282	Reference-complex BuildMutant + RepairStructure; E2 conformation then recombined per state
decoy_0461	-438.65	5769.543880706273	0.26474659835759057	408.94734863760806	Reference-complex BuildMutant + RepairStructure; E2 conformation then recombined per state
decoy_0462	-458.41	6193.64202487153	0.20396205749565735	406.5320922055282	Reference-complex BuildMutant + RepairStructure; E2 conformation then recombined per state
decoy_0463	-444.04	5671.828335729323	0.3219343168452524	486.60827301658463	Reference-complex BuildMutant + RepairStructure; E2 conformation then recombined per state
decoy_0464	-451.53	6123.9629575139	0.19674890882039137	397.55191243709487	Reference-complex BuildMutant + RepairStructure; E2 conformation then recombined per state
decoy_0465	-436.19	6052.396949077556	0.1885029751381197	399.96716886917466	Reference-complex BuildMutant + RepairStructure; E2 conformation then recombined per state
decoy_0466	-440.9	5704.004691050206	0.26846959803648074	397.55191243709487	Reference-complex BuildMutant + RepairStructure; E2 conformation then recombined per state
decoy_0467	-441.44	5761.041449215856	0.2556784710273362	406.5320922055282	Reference-complex BuildMutant + RepairStructure; E2 conformation then recombined per state
decoy_0468	-465.12	5902.667097543883	0.16810592439689778	408.94734863760806	Reference-complex BuildMutant + RepairStructure; E2 conformation then recombined per state
decoy_0469	-448.58	5998.544245331806	0.2096932964248228	408.94734863760806	Reference-complex BuildMutant + RepairStructure; E2 conformation then recombined per state
decoy_0470	-442.55	6153.051278052752	0.19428241314858416	397.55191243709487	Reference-complex BuildMutant + RepairStructure; E2 conformation then recombined per state
decoy_0471	-445.55	5887.621294042716	0.22843543173006414	406.5320922055282	Reference-complex BuildMutant + RepairStructure; E2 conformation then recombined per state
decoy_0472	-452.25	5915.877482085856	0.18160511740738125	397.55191243709487	Reference-complex BuildMutant + RepairStructure; E2 conformation then recombined per state
decoy_0473	-430.61	5597.245367903143	0.31685169553724185	527.2941723936535	Reference-complex BuildMutant + RepairStructure; E2 conformation then recombined per state
decoy_0474	-442.56	6107.03551594242	0.2781729554037698	509.2600482612806	Reference-complex BuildMutant + RepairStructure; E2 conformation then recombined per state
decoy_0475	-447.68	5691.291721156258	0.26210763002902177	399.96716886917466	Reference-complex BuildMutant + RepairStructure; E2 conformation then recombined per state
decoy_0476	-417.31	6308.446627512432	0.20820043564371005	408.6750102536537	Reference-complex BuildMutant + RepairStructure; E2 conformation then recombined per state
decoy_0477	-453.2	5980.217048303964	0.19040134043257914	408.94734863760806	Reference-complex BuildMutant + RepairStructure; E2 conformation then recombined per state
decoy_0478	-450.48	6118.908411394428	0.20363276231443683	406.5320922055282	Reference-complex BuildMutant + RepairStructure; E2 conformation then recombined per state
decoy_0479	-441.43	5662.5178991747725	0.29321691739405825	473.6807072116568	Reference-complex BuildMutant + RepairStructure; E2 conformation then recombined per state
decoy_0480	-429.55	5699.35360082568	0.28334841862037663	486.60827301658463	Reference-complex BuildMutant + RepairStructure; E2 conformation then recombined per state
decoy_0481	-451.94	6117.458830278579	0.19447287306075045	408.94734863760806	Reference-complex BuildMutant + RepairStructure; E2 conformation then recombined per state
decoy_0482	-442.08	5473.962172176886	0.32627908716803095	486.60827301658463	Reference-complex BuildMutant + RepairStructure; E2 conformation then recombined per state
decoy_0483	-407.59	5960.561221477437	0.2419939395697677	397.55191243709487	Reference-complex BuildMutant + RepairStructure; E2 conformation then recombined per state
decoy_0484	-445.46	6054.080893005364	0.18251282332830226	397.55191243709487	Reference-complex BuildMutant + RepairStructure; E2 conformation then recombined per state
decoy_0485	-440.14	5487.031825934349	0.29695443350285905	391.7861097408497	Reference-complex BuildMutant + RepairStructure; E2 conformation then recombined per state
decoy_0486	-436.2	5681.611117022525	0.27857432893371065	406.5320922055282	Reference-complex BuildMutant + RepairStructure; E2 conformation then recombined per state
decoy_0487	-456.02	5869.723678394328	0.21412442670005552	408.94734863760806	Reference-complex BuildMutant + RepairStructure; E2 conformation then recombined per state
decoy_0488	-428.57	5665.435219812008	0.34917467246380285	493.8540423128241	Reference-complex BuildMutant + RepairStructure; E2 conformation then recombined per state
decoy_0489	-438.77	6150.5275361431595	0.2401341580987204	474.48903900142557	Reference-complex BuildMutant + RepairStructure; E2 conformation then recombined per state
decoy_0490	-449.07	5934.681572878512	0.21534273600688994	406.5320922055282	Reference-complex BuildMutant + RepairStructure; E2 conformation then recombined per state
decoy_0491	-435.02	5710.570267837834	0.27493635510326764	415.9820531730088	Reference-complex BuildMutant + RepairStructure; E2 conformation then recombined per state
decoy_0492	-444.1	6109.994531797355	0.2564995918414491	535.0108538622956	Reference-complex BuildMutant + RepairStructure; E2 conformation then recombined per state
decoy_0493	-438.92	5943.959852090664	0.2806873012263269	455.7827522712611	Reference-complex BuildMutant + RepairStructure; E2 conformation then recombined per state
decoy_0494	-450.76	5797.754289461263	0.22729749980377498	399.96716886917466	Reference-complex BuildMutant + RepairStructure; E2 conformation then recombined per state
decoy_0495	-426.02	5966.186368787395	0.1482004704275883	408.94734863760806	Reference-complex BuildMutant + RepairStructure; E2 conformation then recombined per state
decoy_0496	-452.61	5973.0835092636835	0.169531381471487	408.94734863760806	Reference-complex BuildMutant + RepairStructure; E2 conformation then recombined per state
decoy_0497	-432.9	5687.507232982041	0.31347557209475635	406.5320922055282	Reference-complex BuildMutant + RepairStructure; E2 conformation then recombined per state
decoy_0498	-458.86	5989.247078864625	0.18343735955931809	397.55191243709487	Reference-complex BuildMutant + RepairStructure; E2 conformation then recombined per state
decoy_0499	-456.94	6043.538901865123	0.19681512392839173	406.5320922055282	Reference-complex BuildMutant + RepairStructure; E2 conformation then recombined per state
decoy_0500	-443.56	5808.5523078364	0.2102117533693288	408.94734863760806	Reference-complex BuildMutant + RepairStructure; E2 conformation then recombined per state
decoy_0501	-446.02	6154.058020268151	0.19263310839844103	406.5320922055282	Reference-complex BuildMutant + RepairStructure; E2 conformation then recombined per state
decoy_0502	-442.76	5641.996362510254	0.23021739668132007	408.94734863760806	Reference-complex BuildMutant + RepairStructure; E2 conformation then recombined per state
decoy_0503	-444.73	5913.581467944538	0.27781774421928823	406.5320922055282	Reference-complex BuildMutant + RepairStructure; E2 conformation then recombined per state
decoy_0504	-450.18	5960.373479900458	0.1928378806945566	406.5320922055282	Reference-complex BuildMutant + RepairStructure; E2 conformation then recombined per state
decoy_0505	-435.18	5658.5836575619405	0.3176969080189916	536.7053786741595	Reference-complex BuildMutant + RepairStructure; E2 conformation then recombined per state
decoy_0506	-459.92	6000.646435772771	0.2038971002937824	399.31848025169086	Reference-complex BuildMutant + RepairStructure; E2 conformation then recombined per state
decoy_0507	-444.29	6042.404158598649	0.2602284324774697	408.94734863760806	Reference-complex BuildMutant + RepairStructure; E2 conformation then recombined per state
decoy_0508	-432.43	5826.3212689824395	0.2544867800109056	470.2518724585641	Reference-complex BuildMutant + RepairStructure; E2 conformation then recombined per state
decoy_0509	-462.75	5946.509066033489	0.16422000342699086	408.94734863760806	Reference-complex BuildMutant + RepairStructure; E2 conformation then recombined per state
decoy_0510	-447.1	6058.750480927435	0.2101102682937492	399.96716886917466	Reference-complex BuildMutant + RepairStructure; E2 conformation then recombined per state
decoy_0511	-434.1	5776.453336225759	0.26744642548979075	397.55191243709487	Reference-complex BuildMutant + RepairStructure; E2 conformation then recombined per state
decoy_0512	-452.12	6146.147816692052	0.19856671865582692	408.94734863760806	Reference-complex BuildMutant + RepairStructure; E2 conformation then recombined per state
decoy_0513	-453.84	6075.234241651633	0.19137174135546675	406.5320922055282	Reference-complex BuildMutant + RepairStructure; E2 conformation then recombined per state
decoy_0514	-454.56	6045.70937796401	0.16770212842855325	408.94734863760806	Reference-complex BuildMutant + RepairStructure; E2 conformation then recombined per state
decoy_0515	-456.45	6009.326907602049	0.20110953991578728	408.94734863760806	Reference-complex BuildMutant + RepairStructure; E2 conformation then recombined per state
decoy_0516	-434.87	5629.808893102659	0.28107094790259674	406.5320922055282	Reference-complex BuildMutant + RepairStructure; E2 conformation then recombined per state
decoy_0517	-449.4	5957.983268245014	0.18653810416476507	397.55191243709487	Reference-complex BuildMutant + RepairStructure; E2 conformation then recombined per state
decoy_0518	-455.01	5910.286703799527	0.1959798358614795	406.5320922055282	Reference-complex BuildMutant + RepairStructure; E2 conformation then recombined per state
decoy_0519	-435.03	5814.019910557967	0.20405539468898326	408.94734863760806	Reference-complex BuildMutant + RepairStructure; E2 conformation then recombined per state
decoy_0520	-446.27	6102.561008357764	0.20168917925843718	406.5320922055282	Reference-complex BuildMutant + RepairStructure; E2 conformation then recombined per state
decoy_0521	-444.56	5851.228657486933	0.2299984862099039	406.5320922055282	Reference-complex BuildMutant + RepairStructure; E2 conformation then recombined per state
decoy_0522	-437.85	5924.215935006127	0.28003492958851883	406.5320922055282	Reference-complex BuildMutant + RepairStructure; E2 conformation then recombined per state
decoy_0523	-441.05	6045.515642228247	0.279600247397326	459.9278952821136	Reference-complex BuildMutant + RepairStructure; E2 conformation then recombined per state
decoy_0524	-434.41	5716.3284176143725	0.27616690920317744	427.00145329925783	Reference-complex BuildMutant + RepairStructure; E2 conformation then recombined per state
decoy_0525	-457.69	5968.393413024767	0.20458261747939321	397.55191243709487	Reference-complex BuildMutant + RepairStructure; E2 conformation then recombined per state
decoy_0526	-434.86	5837.413189633506	0.2919422703779738	463.725351950808	Reference-complex BuildMutant + RepairStructure; E2 conformation then recombined per state
decoy_0527	-430.21	6015.135285161938	0.2511911518060998	546.8993316138632	Reference-complex BuildMutant + RepairStructure; E2 conformation then recombined per state
decoy_0528	-459.89	6004.582336146523	0.1692262750301635	408.94734863760806	Reference-complex BuildMutant + RepairStructure; E2 conformation then recombined per state
decoy_0529	-448.81	5918.723765030008	0.2147383221949202	399.96716886917466	Reference-complex BuildMutant + RepairStructure; E2 conformation then recombined per state
decoy_0530	-433.32	5775.449371178265	0.27758128428619755	397.55191243709487	Reference-complex BuildMutant + RepairStructure; E2 conformation then recombined per state
decoy_0531	-445.56	6112.542036713784	0.19913254092178317	408.94734863760806	Reference-complex BuildMutant + RepairStructure; E2 conformation then recombined per state
decoy_0532	-445.43	5910.285120436831	0.1969625885471252	406.5320922055282	Reference-complex BuildMutant + RepairStructure; E2 conformation then recombined per state
decoy_0533	-435.33	5889.713217758889	0.22940959125673932	466.6289878104443	Reference-complex BuildMutant + RepairStructure; E2 conformation then recombined per state
decoy_0534	-452.15	6114.432295314335	0.19270371857831528	397.55191243709487	Reference-complex BuildMutant + RepairStructure; E2 conformation then recombined per state
decoy_0535	-445.36	5866.470973891765	0.2729949145821767	424.027546295146	Reference-complex BuildMutant + RepairStructure; E2 conformation then recombined per state
decoy_0536	-440.62	5612.397797058975	0.29546534219641796	406.5320922055282	Reference-complex BuildMutant + RepairStructure; E2 conformation then recombined per state
decoy_0537	-443.35	5965.233938425793	0.25740225736757216	416.7745764685445	Reference-complex BuildMutant + RepairStructure; E2 conformation then recombined per state
decoy_0538	-458.15	6008.9037099388715	0.16462647007665612	406.5320922055282	Reference-complex BuildMutant + RepairStructure; E2 conformation then recombined per state
decoy_0539	-453.92	5983.606763945337	0.1970713845551889	485.4006448005447	Reference-complex BuildMutant + RepairStructure; E2 conformation then recombined per state
decoy_0540	-445.1	5893.370584527972	0.208645605491566	399.96716886917466	Reference-complex BuildMutant + RepairStructure; E2 conformation then recombined per state
decoy_0541	-449.83	5900.05087971294	0.22256596510807747	408.94734863760806	Reference-complex BuildMutant + RepairStructure; E2 conformation then recombined per state
decoy_0542	-438.66	5724.518562228652	0.2950143667428174	406.5320922055282	Reference-complex BuildMutant + RepairStructure; E2 conformation then recombined per state
decoy_0543	-453.96	5920.716213356398	0.18446368504151114	397.55191243709487	Reference-complex BuildMutant + RepairStructure; E2 conformation then recombined per state
decoy_0544	-452.37	5976.812919035498	0.16368348818886086	406.5320922055282	Reference-complex BuildMutant + RepairStructure; E2 conformation then recombined per state
decoy_0545	-441.7	5939.497860611137	0.26219034548554604	485.4006448005447	Reference-complex BuildMutant + RepairStructure; E2 conformation then recombined per state
decoy_0546	-445.45	5827.392728006503	0.21164516153942514	485.4006448005447	Reference-complex BuildMutant + RepairStructure; E2 conformation then recombined per state
decoy_0547	-445.99	5704.396183760326	0.3086077394236493	424.027546295146	Reference-complex BuildMutant + RepairStructure; E2 conformation then recombined per state
decoy_0548	-452.45	5826.59312984431	0.22282949040063363	404.0353428600143	Reference-complex BuildMutant + RepairStructure; E2 conformation then recombined per state
decoy_0549	-453.42	5983.422691748578	0.21244673391943558	397.55191243709487	Reference-complex BuildMutant + RepairStructure; E2 conformation then recombined per state
decoy_0550	-445.24	5962.868268892157	0.24159978047247818	428.2575123076455	Reference-complex BuildMutant + RepairStructure; E2 conformation then recombined per state
decoy_0551	-435.66	5601.488189312783	0.2950167766617326	406.5320922055282	Reference-complex BuildMutant + RepairStructure; E2 conformation then recombined per state
decoy_0552	-432.56	5965.410232039144	0.23782147165639986	512.6592640788353	Reference-complex BuildMutant + RepairStructure; E2 conformation then recombined per state
decoy_0553	-446.65	5756.418972617215	0.24573735297496907	399.96716886917466	Reference-complex BuildMutant + RepairStructure; E2 conformation then recombined per state
decoy_0554	-448.6	6059.785547742203	0.20949869704521315	397.55191243709487	Reference-complex BuildMutant + RepairStructure; E2 conformation then recombined per state
decoy_0555	-451.17	5685.413650504946	0.24481203417866898	406.5320922055282	Reference-complex BuildMutant + RepairStructure; E2 conformation then recombined per state
decoy_0556	-440.11	5939.055436400917	0.2619935741990762	415.56694825250463	Reference-complex BuildMutant + RepairStructure; E2 conformation then recombined per state
decoy_0557	-421.11	5985.512579712711	0.16381201406623508	408.94734863760806	Reference-complex BuildMutant + RepairStructure; E2 conformation then recombined per state
decoy_0558	-445.83	5644.795546697345	0.23234533899003582	485.4006448005447	Reference-complex BuildMutant + RepairStructure; E2 conformation then recombined per state
decoy_0559	-446.04	5910.264737783695	0.20296913920117746	399.96716886917466	Reference-complex BuildMutant + RepairStructure; E2 conformation then recombined per state
decoy_0560	-433.47	5763.97550825875	0.2709633912707615	408.94734863760806	Reference-complex BuildMutant + RepairStructure; E2 conformation then recombined per state
decoy_0561	-442.28	5871.294248526451	0.24868330523570764	406.5320922055282	Reference-complex BuildMutant + RepairStructure; E2 conformation then recombined per state
decoy_0562	-443.01	5629.29962836714	0.26641781874458964	468.187242899366	Reference-complex BuildMutant + RepairStructure; E2 conformation then recombined per state
decoy_0563	-416.03	5723.384874537309	0.19626091763418302	406.5320922055282	Reference-complex BuildMutant + RepairStructure; E2 conformation then recombined per state
decoy_0564	-447.71	5737.186531949426	0.27320353736409436	493.8540423128241	Reference-complex BuildMutant + RepairStructure; E2 conformation then recombined per state
decoy_0565	-440.13	6040.368054700744	0.23826827848177387	411.10053341052543	Reference-complex BuildMutant + RepairStructure; E2 conformation then recombined per state
decoy_0566	-443.59	5799.86241122916	0.26661378063578867	416.78177699890654	Reference-complex BuildMutant + RepairStructure; E2 conformation then recombined per state
decoy_0567	-453.43	5812.770561991488	0.2566994543199738	472.9217863911439	Reference-complex BuildMutant + RepairStructure; E2 conformation then recombined per state
decoy_0568	-448.65	5948.301759332593	0.212755381466398	397.55191243709487	Reference-complex BuildMutant + RepairStructure; E2 conformation then recombined per state
decoy_0569	-447.77	5978.9398903593155	0.21742868500895038	449.88078038303877	Reference-complex BuildMutant + RepairStructure; E2 conformation then recombined per state
decoy_0570	-434.66	5582.041202999495	0.32423247861670096	406.5320922055282	Reference-complex BuildMutant + RepairStructure; E2 conformation then recombined per state
decoy_0571	-464.21	6111.7012334223455	0.15145651262619797	400.49395112532864	Reference-complex BuildMutant + RepairStructure; E2 conformation then recombined per state
decoy_0572	-434.72	6118.840490161257	0.21833472231391216	479.36250372034505	Reference-complex BuildMutant + RepairStructure; E2 conformation then recombined per state
decoy_0573	-442.7	6005.63121340259	0.25005826845699586	504.08343241766033	Reference-complex BuildMutant + RepairStructure; E2 conformation then recombined per state
decoy_0574	-456.59	5904.023511587996	0.24424169697449005	480.570131936385	Reference-complex BuildMutant + RepairStructure; E2 conformation then recombined per state
decoy_0575	-446.48	6054.686365874304	0.18175543388049759	404.1489931158505	Reference-complex BuildMutant + RepairStructure; E2 conformation then recombined per state
decoy_0576	-450.46	6062.972065170737	0.2111044191718499	469.06221415250275	Reference-complex BuildMutant + RepairStructure; E2 conformation then recombined per state
decoy_0577	-448.04	6059.755953939402	0.21591543422674356	400.49395112532864	Reference-complex BuildMutant + RepairStructure; E2 conformation then recombined per state
decoy_0578	-460.95	6001.563001712638	0.21613727666949867	402.9092075574084	Reference-complex BuildMutant + RepairStructure; E2 conformation then recombined per state
decoy_0579	-458.06	6004.42005403641	0.18587441147865097	414.89648211474616	Reference-complex BuildMutant + RepairStructure; E2 conformation then recombined per state
decoy_0580	-457.48	5974.39462154173	0.2220989017923665	528.2754928412995	Reference-complex BuildMutant + RepairStructure; E2 conformation then recombined per state
decoy_0581	-459.69	6046.858547423949	0.208798091240236	413.3036695066349	Reference-complex BuildMutant + RepairStructure; E2 conformation then recombined per state
decoy_0582	-460.81	5943.216124012219	0.2263566150217132	402.9092075574084	Reference-complex BuildMutant + RepairStructure; E2 conformation then recombined per state
decoy_0583	-462.68	6092.6037430085835	0.21314831424126962	489.0235294486644	Reference-complex BuildMutant + RepairStructure; E2 conformation then recombined per state
decoy_0584	-450.11	6143.268534458663	0.21673755657475688	479.36250372034505	Reference-complex BuildMutant + RepairStructure; E2 conformation then recombined per state
decoy_0585	-444.86	6099.800666822244	0.1948891460945059	397.81228763622437	Reference-complex BuildMutant + RepairStructure; E2 conformation then recombined per state
decoy_0586	-443.78	6112.219344882775	0.20311290190360343	399.1973153062272	Reference-complex BuildMutant + RepairStructure; E2 conformation then recombined per state
decoy_0587	-460.65	6137.81857492144	0.20172470939014867	416.10411033078606	Reference-complex BuildMutant + RepairStructure; E2 conformation then recombined per state
decoy_0588	-451.83	6093.239073574106	0.2017204759040388	413.6888538987062	Reference-complex BuildMutant + RepairStructure; E2 conformation then recombined per state
decoy_0589	-461.83	6156.583508903261	0.21309593637703367	489.0235294486644	Reference-complex BuildMutant + RepairStructure; E2 conformation then recombined per state
decoy_0590	-446.71	5910.22308026511	0.18245083323575978	394.1894029881047	Reference-complex BuildMutant + RepairStructure; E2 conformation then recombined per state
decoy_0591	-439.17	6052.1128988361925	0.20511393488534693	402.9092075574084	Reference-complex BuildMutant + RepairStructure; E2 conformation then recombined per state
decoy_0592	-436.02	5930.720879055539	0.28463592674041277	498.88570507140787	Reference-complex BuildMutant + RepairStructure; E2 conformation then recombined per state
decoy_0593	-455.56	5906.8426763043635	0.2129464168088523	480.570131936385	Reference-complex BuildMutant + RepairStructure; E2 conformation then recombined per state
decoy_0594	-429.28	6103.41118616168	0.21027705652466022	469.42035571501197	Reference-complex BuildMutant + RepairStructure; E2 conformation then recombined per state
decoy_0595	-442.9	6103.417130054985	0.2603144182589193	479.930868096862	Reference-complex BuildMutant + RepairStructure; E2 conformation then recombined per state
decoy_0596	-459.24	6104.509725714417	0.20421018588546394	416.10411033078606	Reference-complex BuildMutant + RepairStructure; E2 conformation then recombined per state
decoy_0597	-458.85	6304.0399406299775	0.210972814334432	402.9092075574084	Reference-complex BuildMutant + RepairStructure; E2 conformation then recombined per state
decoy_0598	-446.58	5989.094058169652	0.2209729423327714	501.66817598558043	Reference-complex BuildMutant + RepairStructure; E2 conformation then recombined per state
decoy_0599	-445.59	6164.172704542019	0.2212675774268463	528.2754928412995	Reference-complex BuildMutant + RepairStructure; E2 conformation then recombined per state
decoy_0600	-436.11	6117.29829489398	0.20688368689795386	396.6046594201845	Reference-complex BuildMutant + RepairStructure; E2 conformation then recombined per state
decoy_0601	-459.06	6015.580901230293	0.21239532049065793	402.9092075574084	Reference-complex BuildMutant + RepairStructure; E2 conformation then recombined per state
decoy_0602	-454.61	6051.583590739544	0.2229069588866448	489.0235294486644	Reference-complex BuildMutant + RepairStructure; E2 conformation then recombined per state
decoy_0603	-448.31	6219.630711868276	0.2011572936577523	413.6888538987062	Reference-complex BuildMutant + RepairStructure; E2 conformation then recombined per state
decoy_0604	-439.95	5863.752842795139	0.19878185932368794	420.2787968789529	Reference-complex BuildMutant + RepairStructure; E2 conformation then recombined per state
decoy_0605	-437.47	6021.831388841137	0.21654528128168776	399.1973153062272	Reference-complex BuildMutant + RepairStructure; E2 conformation then recombined per state
decoy_0606	-469.93	6030.423255191213	0.1922053856830344	402.9092075574084	Reference-complex BuildMutant + RepairStructure; E2 conformation then recombined per state
decoy_0607	-456.57	6022.398823306225	0.21592496246055834	400.49395112532864	Reference-complex BuildMutant + RepairStructure; E2 conformation then recombined per state
decoy_0608	-434.69	6130.16251362464	0.22773126119744377	489.0235294486644	Reference-complex BuildMutant + RepairStructure; E2 conformation then recombined per state
decoy_0609	-461.77	6154.781742684573	0.1875730096548328	402.9092075574084	Reference-complex BuildMutant + RepairStructure; E2 conformation then recombined per state
decoy_0610	-461.51	6028.81752435411	0.20394223083966773	416.10411033078606	Reference-complex BuildMutant + RepairStructure; E2 conformation then recombined per state
decoy_0611	-449.96	6080.644428625865	0.22245839948655777	485.13423774352026	Reference-complex BuildMutant + RepairStructure; E2 conformation then recombined per state
decoy_0612	-433.03	5869.419823552872	0.2530644287831912	479.930868096862	Reference-complex BuildMutant + RepairStructure; E2 conformation then recombined per state
decoy_0613	-462.62	6259.03203914203	0.1952411889975197	416.10411033078606	Reference-complex BuildMutant + RepairStructure; E2 conformation then recombined per state
decoy_0614	-451.12	5994.058440579967	0.22622964243961202	504.08343241766033	Reference-complex BuildMutant + RepairStructure; E2 conformation then recombined per state
decoy_0615	-448.25	5900.399671895712	0.19867456473312292	402.9092075574084	Reference-complex BuildMutant + RepairStructure; E2 conformation then recombined per state
decoy_0616	-450.19	6169.581559480964	0.21476297909021255	479.36250372034505	Reference-complex BuildMutant + RepairStructure; E2 conformation then recombined per state
decoy_0617	-447.73	6088.796710765481	0.18676949921023328	402.9092075574084	Reference-complex BuildMutant + RepairStructure; E2 conformation then recombined per state
decoy_0618	-466.2	5961.138206384196	0.20949349011955185	402.9092075574084	Reference-complex BuildMutant + RepairStructure; E2 conformation then recombined per state
decoy_0619	-451.14	6049.913319022967	0.2385023803902986	516.9821584020281	Reference-complex BuildMutant + RepairStructure; E2 conformation then recombined per state
decoy_0620	-462.33	6122.368247383828	0.177259104649455	400.49395112532864	Reference-complex BuildMutant + RepairStructure; E2 conformation then recombined per state
decoy_0621	-457.66	6188.4231231907925	0.22412454931660156	501.66817598558043	Reference-complex BuildMutant + RepairStructure; E2 conformation then recombined per state
decoy_0622	-453.45	6060.183637796893	0.21603051782094676	402.9092075574084	Reference-complex BuildMutant + RepairStructure; E2 conformation then recombined per state
decoy_0623	-467.42	6120.939639540534	0.1752006481773655	402.9092075574084	Reference-complex BuildMutant + RepairStructure; E2 conformation then recombined per state
decoy_0624	-458.06	6011.25774301332	0.248241853868712	466.64695772042285	Reference-complex BuildMutant + RepairStructure; E2 conformation then recombined per state
decoy_0625	-452.84	6027.948786020796	0.22698339023350775	489.0235294486644	Reference-complex BuildMutant + RepairStructure; E2 conformation then recombined per state
decoy_0626	-445.8	6140.8257325421955	0.2692939837269171	481.1384963129019	Reference-complex BuildMutant + RepairStructure; E2 conformation then recombined per state
decoy_0627	-435.88	5985.451431753298	0.21997697909561467	481.1384963129019	Reference-complex BuildMutant + RepairStructure; E2 conformation then recombined per state
decoy_0628	-455.08	6067.955008110448	0.22299260614163305	466.64695772042285	Reference-complex BuildMutant + RepairStructure; E2 conformation then recombined per state
decoy_0629	-452.39	6076.20534563997	0.21957341806746183	489.0235294486644	Reference-complex BuildMutant + RepairStructure; E2 conformation then recombined per state
decoy_0630	-449.53	6068.608069824906	0.2810539244431685	522.5895242975673	Reference-complex BuildMutant + RepairStructure; E2 conformation then recombined per state
decoy_0631	-440.79	5855.211694316859	0.2534272554771309	479.930868096862	Reference-complex BuildMutant + RepairStructure; E2 conformation then recombined per state
decoy_0632	-461.18	6048.056474401875	0.2081051161767361	416.10411033078606	Reference-complex BuildMutant + RepairStructure; E2 conformation then recombined per state
decoy_0633	-442.23	5993.193974812668	0.19612875928249765	402.9092075574084	Reference-complex BuildMutant + RepairStructure; E2 conformation then recombined per state
decoy_0634	-439.3	6037.875603053983	0.22926493330068867	482.7189813114404	Reference-complex BuildMutant + RepairStructure; E2 conformation then recombined per state
decoy_0635	-457.23	6112.002235697671	0.1991247690549881	479.36250372034505	Reference-complex BuildMutant + RepairStructure; E2 conformation then recombined per state
decoy_0636	-465.59	6045.165693939379	0.18723982258467295	402.9092075574084	Reference-complex BuildMutant + RepairStructure; E2 conformation then recombined per state
decoy_0637	-455.03	6078.68641215496	0.22050591626162622	402.9092075574084	Reference-complex BuildMutant + RepairStructure; E2 conformation then recombined per state
decoy_0638	-456.8	6077.1454483920015	0.2217827996740035	514.5669019699482	Reference-complex BuildMutant + RepairStructure; E2 conformation then recombined per state
decoy_0639	-437.43	6100.5155048146435	0.17502031908266721	394.1894029881047	Reference-complex BuildMutant + RepairStructure; E2 conformation then recombined per state
decoy_0640	-436.94	6148.7300173577405	0.2390533236200908	501.66817598558043	Reference-complex BuildMutant + RepairStructure; E2 conformation then recombined per state
decoy_0641	-455.54	5947.472605066716	0.23834417959965382	402.9092075574084	Reference-complex BuildMutant + RepairStructure; E2 conformation then recombined per state
decoy_0642	-419.82	5967.064871190675	0.28066613507446403	412.88973325859786	Reference-complex BuildMutant + RepairStructure; E2 conformation then recombined per state
decoy_0643	-448.43	5818.584745214601	0.25473470558909417	402.9092075574084	Reference-complex BuildMutant + RepairStructure; E2 conformation then recombined per state
decoy_0644	-443.71	5990.052206229886	0.21831939373794346	487.81590123262447	Reference-complex BuildMutant + RepairStructure; E2 conformation then recombined per state
decoy_0645	-446.88	6059.586044042328	0.21399366515430224	480.570131936385	Reference-complex BuildMutant + RepairStructure; E2 conformation then recombined per state
decoy_0646	-418.74	6021.0906892580115	0.23163184670900025	478.72323988082206	Reference-complex BuildMutant + RepairStructure; E2 conformation then recombined per state
decoy_0647	-433.39	6093.479543642183	0.20534850121115283	402.9092075574084	Reference-complex BuildMutant + RepairStructure; E2 conformation then recombined per state
decoy_0648	-452.56	6187.464761502256	0.19417271847397455	489.0235294486644	Reference-complex BuildMutant + RepairStructure; E2 conformation then recombined per state
decoy_0649	-446.33	6006.085575664894	0.20433458119841985	402.9092075574084	Reference-complex BuildMutant + RepairStructure; E2 conformation then recombined per state
decoy_0650	-453.91	6129.456710852715	0.2084800538450898	479.36250372034505	Reference-complex BuildMutant + RepairStructure; E2 conformation then recombined per state
decoy_0651	-458.62	6110.699517755191	0.19946495928035576	402.9092075574084	Reference-complex BuildMutant + RepairStructure; E2 conformation then recombined per state
decoy_0652	-447.79	6018.882853339293	0.2036776384143609	416.10411033078606	Reference-complex BuildMutant + RepairStructure; E2 conformation then recombined per state
decoy_0653	-446.79	5956.728516139172	0.24860310418816234	498.52756350889865	Reference-complex BuildMutant + RepairStructure; E2 conformation then recombined per state
decoy_0654	-459.7	6144.368267816609	0.2024832265624325	479.36250372034505	Reference-complex BuildMutant + RepairStructure; E2 conformation then recombined per state
decoy_0655	-461.31	6077.657037906083	0.20040668914350288	480.570131936385	Reference-complex BuildMutant + RepairStructure; E2 conformation then recombined per state
decoy_0656	-452.3	6055.838626661419	0.20800886930515494	400.49395112532864	Reference-complex BuildMutant + RepairStructure; E2 conformation then recombined per state
decoy_0657	-423.61	6121.186631554957	0.2192115369437517	479.36250372034505	Reference-complex BuildMutant + RepairStructure; E2 conformation then recombined per state
decoy_0658	-453.22	6102.0297901727845	0.24202955062972809	510.12157349785986	Reference-complex BuildMutant + RepairStructure; E2 conformation then recombined per state
decoy_0659	-449.03	6004.662182865408	0.2486975411726865	498.0452913374607	Reference-complex BuildMutant + RepairStructure; E2 conformation then recombined per state
decoy_0660	-461.28	6115.917891648364	0.193535112614212	402.9092075574084	Reference-complex BuildMutant + RepairStructure; E2 conformation then recombined per state
decoy_0661	-467.09	5965.402390623879	0.19659189565394247	402.9092075574084	Reference-complex BuildMutant + RepairStructure; E2 conformation then recombined per state
decoy_0662	-435.73	5906.2433232579115	0.2539001281925506	543.8211237336521	Reference-complex BuildMutant + RepairStructure; E2 conformation then recombined per state
decoy_0663	-452.45	6018.661609818255	0.20285920819108352	399.1973153062272	Reference-complex BuildMutant + RepairStructure; E2 conformation then recombined per state
decoy_0664	-451.38	6104.943768155437	0.179340036089261	416.10411033078606	Reference-complex BuildMutant + RepairStructure; E2 conformation then recombined per state
decoy_0665	-453.7	6053.072806188311	0.16450883004658182	396.6046594201845	Reference-complex BuildMutant + RepairStructure; E2 conformation then recombined per state
decoy_0666	-452.29	6123.620611879254	0.1771037480034593	402.9092075574084	Reference-complex BuildMutant + RepairStructure; E2 conformation then recombined per state
decoy_0667	-448.52	6148.4799465825145	0.2088481280291725	493.1377591878056	Reference-complex BuildMutant + RepairStructure; E2 conformation then recombined per state
decoy_0668	-447.05	6086.926018003974	0.2294476492531264	413.6888538987062	Reference-complex BuildMutant + RepairStructure; E2 conformation then recombined per state
decoy_0669	-437.08	5846.653895397518	0.2081741163892423	402.9092075574084	Reference-complex BuildMutant + RepairStructure; E2 conformation then recombined per state
decoy_0670	-443.96	6139.6048342387885	0.22546193078063476	479.36250372034505	Reference-complex BuildMutant + RepairStructure; E2 conformation then recombined per state
decoy_0671	-444.34	6296.0904168802235	0.21424829086441413	487.81590123262447	Reference-complex BuildMutant + RepairStructure; E2 conformation then recombined per state
decoy_0672	-447.05	5973.398510475873	0.24862736864648302	500.94281994097844	Reference-complex BuildMutant + RepairStructure; E2 conformation then recombined per state
decoy_0673	-444.11	6074.662270726752	0.2390908405771092	479.36250372034505	Reference-complex BuildMutant + RepairStructure; E2 conformation then recombined per state
decoy_0674	-438.79	5972.772856015724	0.20774469773775392	480.570131936385	Reference-complex BuildMutant + RepairStructure; E2 conformation then recombined per state
decoy_0675	-429.97	6031.980718598787	0.21654479060670126	399.1973153062272	Reference-complex BuildMutant + RepairStructure; E2 conformation then recombined per state
decoy_0676	-427.58	6066.382113199763	0.21736491769452485	479.36250372034505	Reference-complex BuildMutant + RepairStructure; E2 conformation then recombined per state
decoy_0677	-446.56	6104.844041438241	0.2420171429311404	510.12157349785986	Reference-complex BuildMutant + RepairStructure; E2 conformation then recombined per state
decoy_0678	-442.55	5904.901285141781	0.26788696131468476	500.81868933204976	Reference-complex BuildMutant + RepairStructure; E2 conformation then recombined per state
decoy_0679	-442.86	6001.077977506038	0.21816579726213395	413.3036695066349	Reference-complex BuildMutant + RepairStructure; E2 conformation then recombined per state
decoy_0680	-458.09	5888.697565986725	0.1861070142167095	400.2275440683042	Reference-complex BuildMutant + RepairStructure; E2 conformation then recombined per state
decoy_0681	-434.3	5860.734664467353	0.28324360647141505	443.38220748352904	Reference-complex BuildMutant + RepairStructure; E2 conformation then recombined per state
decoy_0682	-446.72	6225.405298457578	0.19207814563321127	402.820199954347	Reference-complex BuildMutant + RepairStructure; E2 conformation then recombined per state
decoy_0683	-441.53	6033.34344096095	0.22186133008542208	402.9092075574084	Reference-complex BuildMutant + RepairStructure; E2 conformation then recombined per state
decoy_0684	-449.33	5909.9737886048615	0.1893596725572878	400.2275440683042	Reference-complex BuildMutant + RepairStructure; E2 conformation then recombined per state
decoy_0685	-455.52	6166.736872465878	0.19406267226260213	489.0235294486644	Reference-complex BuildMutant + RepairStructure; E2 conformation then recombined per state
decoy_0686	-437.97	6005.780162593483	0.21695079225853106	402.9092075574084	Reference-complex BuildMutant + RepairStructure; E2 conformation then recombined per state
decoy_0687	-447.61	6027.135452815523	0.2434376413867358	499.2529195535006	Reference-complex BuildMutant + RepairStructure; E2 conformation then recombined per state
decoy_0688	-457.68	6172.342529335015	0.20033859847529611	480.570131936385	Reference-complex BuildMutant + RepairStructure; E2 conformation then recombined per state
decoy_0689	-462.97	6132.982947544437	0.19840721536984882	402.9092075574084	Reference-complex BuildMutant + RepairStructure; E2 conformation then recombined per state
decoy_0690	-454.88	6040.543682296453	0.23607446454713807	501.66817598558043	Reference-complex BuildMutant + RepairStructure; E2 conformation then recombined per state
decoy_0691	-440.47	6068.3006335678265	0.23643009947187385	469.06221415250275	Reference-complex BuildMutant + RepairStructure; E2 conformation then recombined per state
decoy_0692	-457.15	6166.5088556710825	0.19270214021480564	479.36250372034505	Reference-complex BuildMutant + RepairStructure; E2 conformation then recombined per state
decoy_0693	-432.92	6092.781934143896	0.21005995482944795	400.2275440683042	Reference-complex BuildMutant + RepairStructure; E2 conformation then recombined per state
decoy_0694	-438.46	6024.840720444007	0.23653425386701593	549.314588045943	Reference-complex BuildMutant + RepairStructure; E2 conformation then recombined per state
decoy_0695	-438.35	6073.39139596741	0.19972602359977837	487.81590123262447	Reference-complex BuildMutant + RepairStructure; E2 conformation then recombined per state
decoy_0696	-462.08	5997.610274968634	0.21095854489538887	480.570131936385	Reference-complex BuildMutant + RepairStructure; E2 conformation then recombined per state
decoy_0697	-453.69	6116.03465836411	0.2556612319147663	489.0235294486644	Reference-complex BuildMutant + RepairStructure; E2 conformation then recombined per state
decoy_0698	-448.86	6233.3815634440025	0.22950144999742192	513.3592737539083	Reference-complex BuildMutant + RepairStructure; E2 conformation then recombined per state
decoy_0699	-451.55	6085.167580631168	0.2068168339297118	480.570131936385	Reference-complex BuildMutant + RepairStructure; E2 conformation then recombined per state
decoy_0700	-434.98	5917.738473609249	0.24867981183120028	499.2529195535006	Reference-complex BuildMutant + RepairStructure; E2 conformation then recombined per state
decoy_0701	-441.54	5986.452669898368	0.2252800044716608	413.6888538987062	Reference-complex BuildMutant + RepairStructure; E2 conformation then recombined per state
decoy_0702	-449.0	6074.0011414023575	0.21575713217998588	402.9092075574084	Reference-complex BuildMutant + RepairStructure; E2 conformation then recombined per state
decoy_0703	-449.55	6106.0286983288	0.22253480058980984	479.36250372034505	Reference-complex BuildMutant + RepairStructure; E2 conformation then recombined per state
decoy_0704	-432.53	6166.198730210689	0.20462743049129808	489.0235294486644	Reference-complex BuildMutant + RepairStructure; E2 conformation then recombined per state
decoy_0705	-455.18	5885.240469466121	0.21513333358785328	413.3036695066349	Reference-complex BuildMutant + RepairStructure; E2 conformation then recombined per state
decoy_0706	-452.01	6037.69227227309	0.2250417614287397	478.72323988082206	Reference-complex BuildMutant + RepairStructure; E2 conformation then recombined per state
decoy_0707	-443.7	6118.977337937245	0.20083586492011346	482.7189813114404	Reference-complex BuildMutant + RepairStructure; E2 conformation then recombined per state
decoy_0708	-455.03	6088.536385831834	0.2161139738421801	489.0235294486644	Reference-complex BuildMutant + RepairStructure; E2 conformation then recombined per state
decoy_0709	-452.79	5938.247732929678	0.2556623760656899	501.66817598558043	Reference-complex BuildMutant + RepairStructure; E2 conformation then recombined per state
decoy_0710	-442.12	6120.839887690595	0.25431366787848303	483.16856835291037	Reference-complex BuildMutant + RepairStructure; E2 conformation then recombined per state
decoy_0711	-453.76	6110.593344489872	0.20172148401015302	479.36250372034505	Reference-complex BuildMutant + RepairStructure; E2 conformation then recombined per state
decoy_0712	-407.17	5973.908252733474	0.22838990384189206	400.2275440683042	Reference-complex BuildMutant + RepairStructure; E2 conformation then recombined per state
decoy_0713	-442.76	6096.016744134703	0.2477084685225412	549.314588045943	Reference-complex BuildMutant + RepairStructure; E2 conformation then recombined per state
decoy_0714	-441.17	5923.0407657253845	0.21986169076270215	487.81590123262447	Reference-complex BuildMutant + RepairStructure; E2 conformation then recombined per state
decoy_0715	-455.0	5950.336129071351	0.22043141000922334	480.570131936385	Reference-complex BuildMutant + RepairStructure; E2 conformation then recombined per state
decoy_0716	-446.29	6097.4021613621935	0.2416552091712702	489.0235294486644	Reference-complex BuildMutant + RepairStructure; E2 conformation then recombined per state
decoy_0717	-449.69	6208.8615333137	0.23266148173681883	518.189786618068	Reference-complex BuildMutant + RepairStructure; E2 conformation then recombined per state
decoy_0718	-421.58	5901.603077811223	0.2752425161234537	489.0235294486644	Reference-complex BuildMutant + RepairStructure; E2 conformation then recombined per state
decoy_0719	-436.61	5854.840672224469	0.2339814159075827	481.4966378754111	Reference-complex BuildMutant + RepairStructure; E2 conformation then recombined per state
decoy_0720	-457.96	6037.383667343543	0.21669514020017752	413.6888538987062	Reference-complex BuildMutant + RepairStructure; E2 conformation then recombined per state
decoy_0721	-436.21	5945.5058675346045	0.19589164143975454	405.0521256055339	Reference-complex BuildMutant + RepairStructure; E2 conformation then recombined per state
decoy_0722	-448.29	6188.213239668791	0.20386409566473468	427.7952080991139	Reference-complex BuildMutant + RepairStructure; E2 conformation then recombined per state
decoy_0723	-454.49	6094.226828003504	0.21548139980166164	480.570131936385	Reference-complex BuildMutant + RepairStructure; E2 conformation then recombined per state
decoy_0724	-444.81	6167.763607776925	0.20540089080767832	402.9092075574084	Reference-complex BuildMutant + RepairStructure; E2 conformation then recombined per state
decoy_0725	-455.66	6025.6067789630315	0.24972398895595446	505.17702082037493	Reference-complex BuildMutant + RepairStructure; E2 conformation then recombined per state
decoy_0726	-453.47	5824.918723791802	0.20595115847632484	400.49395112532864	Reference-complex BuildMutant + RepairStructure; E2 conformation then recombined per state
decoy_0727	-439.29	5961.396357335727	0.22493714276034546	466.64695772042285	Reference-complex BuildMutant + RepairStructure; E2 conformation then recombined per state
decoy_0728	-473.97	6125.011910168192	0.202091285791639	413.68885389870627	Reference-complex BuildMutant + RepairStructure; E2 conformation then recombined per state
decoy_0729	-449.63	5937.735414566104	0.249031477052153	512.5368299299397	Reference-complex BuildMutant + RepairStructure; E2 conformation then recombined per state
decoy_0730	-453.15	6163.828071827923	0.2089969433815778	469.06221415250275	Reference-complex BuildMutant + RepairStructure; E2 conformation then recombined per state
decoy_0731	-456.67	5984.6103143025975	0.20521234625747867	416.10411033078606	Reference-complex BuildMutant + RepairStructure; E2 conformation then recombined per state
decoy_0732	-435.99	6143.28399109452	0.20060567924560302	416.10411033078606	Reference-complex BuildMutant + RepairStructure; E2 conformation then recombined per state
decoy_0733	-460.86	6057.57419323971	0.1984631115560696	402.9092075574084	Reference-complex BuildMutant + RepairStructure; E2 conformation then recombined per state
decoy_0734	-453.66	5957.544513415013	0.22737987030206053	479.36250372034505	Reference-complex BuildMutant + RepairStructure; E2 conformation then recombined per state
decoy_0735	-464.1	5971.244571720717	0.2082220851199631	480.570131936385	Reference-complex BuildMutant + RepairStructure; E2 conformation then recombined per state
decoy_0736	-451.56	5869.456052399353	0.2766935368133893	489.0235294486644	Reference-complex BuildMutant + RepairStructure; E2 conformation then recombined per state
decoy_0737	-441.27	6031.42605156624	0.20442199367044264	479.36250372034505	Reference-complex BuildMutant + RepairStructure; E2 conformation then recombined per state
decoy_0738	-465.27	5965.625808127032	0.22648570938150708	468.212727498972	Reference-complex BuildMutant + RepairStructure; E2 conformation then recombined per state
decoy_0739	-444.14	5937.0010358674	0.19473188880406023	404.1489931158505	Reference-complex BuildMutant + RepairStructure; E2 conformation then recombined per state
decoy_0740	-458.65	6124.745025589083	0.19397435889570908	399.1973153062272	Reference-complex BuildMutant + RepairStructure; E2 conformation then recombined per state
decoy_0741	-451.95	5987.946132780403	0.20108808875667958	489.0235294486644	Reference-complex BuildMutant + RepairStructure; E2 conformation then recombined per state
decoy_0742	-445.97	5906.770532770668	0.22549357013382842	480.570131936385	Reference-complex BuildMutant + RepairStructure; E2 conformation then recombined per state
decoy_0743	-461.16	6169.9688927224115	0.20571892951644824	402.9092075574084	Reference-complex BuildMutant + RepairStructure; E2 conformation then recombined per state
decoy_0744	-457.32	6154.094726636718	0.208224380009954	436.9103632543161	Reference-complex BuildMutant + RepairStructure; E2 conformation then recombined per state
decoy_0745	-454.17	5867.263622851009	0.1923907420196037	400.49395112532864	Reference-complex BuildMutant + RepairStructure; E2 conformation then recombined per state
decoy_0746	-442.73	6067.344006038436	0.2631601942567487	469.06221415250275	Reference-complex BuildMutant + RepairStructure; E2 conformation then recombined per state
decoy_0747	-457.33	6105.082425488797	0.15849375467943042	402.9092075574084	Reference-complex BuildMutant + RepairStructure; E2 conformation then recombined per state
decoy_0748	-452.95	6003.557862782188	0.233167130982277	518.5749710101393	Reference-complex BuildMutant + RepairStructure; E2 conformation then recombined per state
decoy_0749	-434.01	5974.308541903024	0.2317853659984546	437.35313932291297	Reference-complex BuildMutant + RepairStructure; E2 conformation then recombined per state
decoy_0750	-451.89	6080.825422061823	0.20681376318175926	405.35662133189044	Reference-complex BuildMutant + RepairStructure; E2 conformation then recombined per state
decoy_0751	-441.27	5989.422279203731	0.22579123901051698	500.81868933204976	Reference-complex BuildMutant + RepairStructure; E2 conformation then recombined per state
decoy_0752	-463.43	5896.466272229712	0.18877043944445543	407.49953938001585	Reference-complex BuildMutant + RepairStructure; E2 conformation then recombined per state
decoy_0753	-448.52	5941.798863601592	0.22875257122842843	479.36250372034505	Reference-complex BuildMutant + RepairStructure; E2 conformation then recombined per state
decoy_0754	-463.21	5870.900732630663	0.23667054547635158	495.06167052886406	Reference-complex BuildMutant + RepairStructure; E2 conformation then recombined per state
decoy_0755	-448.03	6073.237948015837	0.22385694166593628	489.0235294486644	Reference-complex BuildMutant + RepairStructure; E2 conformation then recombined per state
decoy_0756	-445.22	5889.706645547061	0.20672149414684232	400.49395112532864	Reference-complex BuildMutant + RepairStructure; E2 conformation then recombined per state
decoy_0757	-452.04	6005.910689485057	0.2183116473489531	440.1265373175021	Reference-complex BuildMutant + RepairStructure; E2 conformation then recombined per state
decoy_0758	-439.22	5903.684508607935	0.19664904801696947	404.1489931158505	Reference-complex BuildMutant + RepairStructure; E2 conformation then recombined per state
decoy_0759	-452.3	6062.845396154943	0.1953307863471481	427.7952080991139	Reference-complex BuildMutant + RepairStructure; E2 conformation then recombined per state
decoy_0760	-457.92	5835.839264280427	0.2122602585208342	528.8940724347913	Reference-complex BuildMutant + RepairStructure; E2 conformation then recombined per state
