path	size_bytes	sha256	retained_model	justification
data/work/receptor_models/decoy_0001.pdb	199605	c3bf4d18a4ff749d570493bf231d724cb430f7e711bbce818d29411f740b5da2		Sequence verified; complete discovery scores retained; frozen selections copied exactly
data/work/receptor_models/decoy_0002.pdb	198405	c1cf810f945526d1d9726873e0d5559b2799ceecf587ddcba0210c9a9c1b9aae		Sequence verified; complete discovery scores retained; frozen selections copied exactly
data/work/receptor_models/decoy_0003.pdb	198565	2d5773bc41b3a6a1985bc7aba5d454e405a29cfabae4eaeab79fd75ef8ec51b9		Sequence verified; complete discovery scores retained; frozen selections copied exactly
data/work/receptor_models/decoy_0004.pdb	196725	297a0b7339c8d8fc776378f598f4a5bc6ae27926e2cfd2d18d1cb185ad4e3044		Sequence verified; complete discovery scores retained; frozen selections copied exactly
data/work/receptor_models/decoy_0005.pdb	198805	55d4a3be99583b36d2f0fdc4d92e1d1b0e00aaa482a29468dd78a75b91bda3ea		Sequence verified; complete discovery scores retained; frozen selections copied exactly
data/work/receptor_models/decoy_0006.pdb	199205	6fe8da645602bbd450710ce3dc4beddad7a65081dd29538f133687b3bbc8cced		Sequence verified; complete discovery scores retained; frozen selections copied exactly
data/work/receptor_models/decoy_0007.pdb	195685	0e1380d977dabdc6c451bacef975c4f5fbe18f080d5ceac962ba934cdd32f8d7		Sequence verified; complete discovery scores retained; frozen selections copied exactly
data/work/receptor_models/decoy_0008.pdb	199525	629e25f41d2ad9a9104f7fe646b839d7b21e1ea2f8494b8f8e8a1f21662ad246		Sequence verified; complete discovery scores retained; frozen selections copied exactly
data/work/receptor_models/decoy_0009.pdb	200485	b9da33d528e332d29b64671e8af6b7487f72952f7fc155801a11370ba5f4c22f		Sequence verified; complete discovery scores retained; frozen selections copied exactly
data/work/receptor_models/decoy_0010.pdb	200005	f9b2e5db131c827e012660bc61a4c0ce622f848075004137237340087338a323		Sequence verified; complete discovery scores retained; frozen selections copied exactly
data/work/receptor_models/decoy_0011.pdb	198245	0e7f396ede908dbe1f0e2e86164f73a17c58cbb3dad5ca8cad3a8ea9a6b7fe6f		Sequence verified; complete discovery scores retained; frozen selections copied exactly
data/work/receptor_models/decoy_0012.pdb	199765	65e55f91fe25874e26010fc0f457156d7e991a113d7e1504e0f0f4228d292379		Sequence verified; complete discovery scores retained; frozen selections copied exactly
data/work/receptor_models/decoy_0013.pdb	199765	13678899296b421ed99a89575ea7e53182a5c2ff9a860303c810804310fafe90		Sequence verified; complete discovery scores retained; frozen selections copied exactly
data/work/receptor_models/decoy_0014.pdb	200245	3ee75be582057cf95da015839aaeb5c0e22400e8e6849fca8aea09a110cf3abd		Sequence verified; complete discovery scores retained; frozen selections copied exactly
data/work/receptor_models/decoy_0015.pdb	197845	0e94c474209b663bd61c5daed336380e9cd50cd1ff39fe39795c2b3d604d342d		Sequence verified; complete discovery scores retained; frozen selections copied exactly
data/work/receptor_models/decoy_0016.pdb	196325	063e9dda4e3f73f286210b771497d6b5395a2c32a8d65e9b45db051c96536b9c		Sequence verified; complete discovery scores retained; frozen selections copied exactly
data/work/receptor_models/decoy_0017.pdb	197365	ab8adc0ca8e7349e4baa46a2619e701cf37bc0977c5174f3876c8293fa1ed54f		Sequence verified; complete discovery scores retained; frozen selections copied exactly
data/work/receptor_models/decoy_0018.pdb	196965	867c41e482bfba4de0d55473d958d6703e2e7413cae77b9f9091b54d36fd82d9		Sequence verified; complete discovery scores retained; frozen selections copied exactly
data/work/receptor_models/decoy_0019.pdb	198965	5329f4ff5174b0355d890de437fe33423cab5990f62b702f5599f5107d434fa0		Sequence verified; complete discovery scores retained; frozen selections copied exactly
data/work/receptor_models/decoy_0020.pdb	197925	6a39fb07c57cc0695e94967a644e2e4f869311d8bb363e73b7049d28090dabbb		Sequence verified; complete discovery scores retained; frozen selections copied exactly
data/work/receptor_models/decoy_0021.pdb	196805	f901e33d5c70b636e2b91ea631fb863479dee8766869720b55fc3e2578054ece		Sequence verified; complete discovery scores retained; frozen selections copied exactly
data/work/receptor_models/decoy_0022.pdb	197845	6d0e34f7b80569fa66a93f075fd4fe0dc96af14b7df51e18535568a758333973		Sequence verified; complete discovery scores retained; frozen selections copied exactly
data/work/receptor_models/decoy_0023.pdb	198325	74bf13000cd9315bec02746bcbab096e320c5bea8b0e6ccc99ee4181bfa7ebac		Sequence verified; complete discovery scores retained; frozen selections copied exactly
data/work/receptor_models/decoy_0024.pdb	198725	e5e2ba52454b510c45fa707eb3680e96d3b4d9ecb0df10da67dcb28a8715ca29		Sequence verified; complete discovery scores retained; frozen selections copied exactly
data/work/receptor_models/decoy_0025.pdb	199925	f11af2b288c14fba37c3bb390e45c92ac47850f55f158a300a878689d0be4415		Sequence verified; complete discovery scores retained; frozen selections copied exactly
data/work/receptor_models/decoy_0026.pdb	198245	5231bc0469bd5c1aa06b884abf5e63a315a7a23501df665ebfe1963045847ddb		Sequence verified; complete discovery scores retained; frozen selections copied exactly
data/work/receptor_models/decoy_0027.pdb	197605	ae6ff26673029ff8d0f7f7db910def163157d33dda851418823854d7ca10e0c0		Sequence verified; complete discovery scores retained; frozen selections copied exactly
data/work/receptor_models/decoy_0028.pdb	199365	e1193518bd8bcd40d169a7c783e3dd876aa1ad6b8a63d1c290f573d402327ca0		Sequence verified; complete discovery scores retained; frozen selections copied exactly
data/work/receptor_models/decoy_0029.pdb	200405	dab5d5d6fd5e5c094d744994266c886e667523e693babf60ffbd7ec2d053f784		Sequence verified; complete discovery scores retained; frozen selections copied exactly
data/work/receptor_models/decoy_0030.pdb	198805	31b871e1c7e991fb610934f076bfe53d1c81f576e140355bb5e6629a044f1322		Sequence verified; complete discovery scores retained; frozen selections copied exactly
data/work/receptor_models/decoy_0031.pdb	197285	d3c4f6b7190d6e87a29961310a510a8ece84c4ecd687fa63c4797445b84607a1		Sequence verified; complete discovery scores retained; frozen selections copied exactly
data/work/receptor_models/decoy_0032.pdb	199445	a2800d3234e76d64621afd4ad4438ed0767608812e55727d4d5213dfd2bdaef4		Sequence verified; complete discovery scores retained; frozen selections copied exactly
data/work/receptor_models/decoy_0033.pdb	200325	5f6a95413ea42077e911bc114b0761dfd38be1f7ca9920ba1c8c86c06d541228		Sequence verified; complete discovery scores retained; frozen selections copied exactly
data/work/receptor_models/decoy_0034.pdb	199685	1e07d2b1f509e8dd0f2c88103fbdba3424908d301e751a68620a98e490b05c90		Sequence verified; complete discovery scores retained; frozen selections copied exactly
data/work/receptor_models/decoy_0035.pdb	196405	1b0091db6205f3382123f4dd36f31847fc90a073e2063da271f50f59698dcb94		Sequence verified; complete discovery scores retained; frozen selections copied exactly
data/work/receptor_models/decoy_0036.pdb	197685	6514b41af7d52c6423fca62692156470e15818710f9a9b36257f3319cf9939f8		Sequence verified; complete discovery scores retained; frozen selections copied exactly
data/work/receptor_models/decoy_0037.pdb	198085	2becaadd0ecef66920a608b58d7052fdeb4055c79870f2da3b3fdc31f037cd9c		Sequence verified; complete discovery scores retained; frozen selections copied exactly
data/work/receptor_models/decoy_0038.pdb	196885	8d9872d2bdd1c2be810389094db186ea4d30034c233b47cd67e25e0a1db6d187		Sequence verified; complete discovery scores retained; frozen selections copied exactly
data/work/receptor_models/decoy_0039.pdb	198885	b5bc24fdcbdbfe5494191e301f00a78c4e995e385a43e1fd48a97c02bae5c189		Sequence verified; complete discovery scores retained; frozen selections copied exactly
data/work/receptor_models/decoy_0040.pdb	196645	aca63bff0679baaa0d077b9870b82897cc574a14afe0668ed82936e5bfd35807		Sequence verified; complete discovery scores retained; frozen selections copied exactly
data/work/receptor_models/decoy_0041.pdb	197045	6cb0ec2195c8a3dc5bb176b0dc15a20aab8e9669632e2b1ec67cd38d6e9a1729		Sequence verified; complete discovery scores retained; frozen selections copied exactly
data/work/receptor_models/decoy_0042.pdb	199605	0723ea434ddd9c5c9258a978eff2b525654cc4f25d84178b2ffb3a570d85d99c		Sequence verified; complete discovery scores retained; frozen selections copied exactly
data/work/receptor_models/decoy_0043.pdb	200085	119f5a2fd6451d101848a41d9a9aaad1853ed5273ade4e1d8ed681f15268d76f		Sequence verified; complete discovery scores retained; frozen selections copied exactly
data/work/receptor_models/decoy_0044.pdb	199525	edac7eb2b87813ab7126a8b136f3cb6ee6e93df75c73b6ddfdbda32d52523f2c		Sequence verified; complete discovery scores retained; frozen selections copied exactly
data/work/receptor_models/decoy_0045.pdb	200085	25ee83b1eb77a9c04ef6d837a47effd440e34cbb55ed410915e7e790df29401b		Sequence verified; complete discovery scores retained; frozen selections copied exactly
data/work/receptor_models/decoy_0046.pdb	196005	aadb0bdbf9e670863b1b7579e7bf4115369217a669f38dd73cce9d99bec53e49		Sequence verified; complete discovery scores retained; frozen selections copied exactly
data/work/receptor_models/decoy_0047.pdb	200165	fb55d4e5da30b6b607768c97b65342175dfecbdb3d3a8624507940599d5d5e1a		Sequence verified; complete discovery scores retained; frozen selections copied exactly
data/work/receptor_models/decoy_0048.pdb	200245	c70075ac601c97b61acffdfc62fd71bfdfb7c5fbf0d4515f5463ad6b141da227		Sequence verified; complete discovery scores retained; frozen selections copied exactly
data/work/receptor_models/decoy_0049.pdb	197925	9626dcc19588eb67306b8fc5d009c54269acf93d1aa43d463f5d045942a66da6		Sequence verified; complete discovery scores retained; frozen selections copied exactly
data/work/receptor_models/decoy_0050.pdb	201045	4ae50a5b847cc31ef1ad8305651cdccba813ce145a055d49866e808c66f675db		Sequence verified; complete discovery scores retained; frozen selections copied exactly
data/work/receptor_models/decoy_0051.pdb	196725	65fa38125cff0b5dfb2ee7b44e34f041dbfc5e2cc482ac36d4a029f87fc86ce2		Sequence verified; complete discovery scores retained; frozen selections copied exactly
data/work/receptor_models/decoy_0052.pdb	197765	d4e44c916b7a61f6845ee2e1cd120e089da21977a71993b6300926009755d253		Sequence verified; complete discovery scores retained; frozen selections copied exactly
data/work/receptor_models/decoy_0053.pdb	200165	9dc6854d95b593ff9bcd8b4c8ac3caff939a7d870a85e4e06b9b1db807fff286		Sequence verified; complete discovery scores retained; frozen selections copied exactly
data/work/receptor_models/decoy_0054.pdb	200325	f6c4cdaa8da7cd21d4f3d159f806bf4666c5c2eb090c6835d4aec263569baa66		Sequence verified; complete discovery scores retained; frozen selections copied exactly
data/work/receptor_models/decoy_0055.pdb	200085	7a4fbb1e90ae0a05928d4c567b2a0065c31c0c0c8f715fdb8c138dcd7b395e35		Sequence verified; complete discovery scores retained; frozen selections copied exactly
data/work/receptor_models/decoy_0056.pdb	199045	7a81762eea90c8732c53bb3f8831a80cca6f9c97d1694c83a1c4973ed75c4ee1		Sequence verified; complete discovery scores retained; frozen selections copied exactly
data/work/receptor_models/decoy_0057.pdb	201205	11f6bd51b8c4b776e8ea84a419207918f7feadba1d7dac9a93f25d30444d8e9a		Sequence verified; complete discovery scores retained; frozen selections copied exactly
data/work/receptor_models/decoy_0058.pdb	200725	4aff3ffc70d7656cbdf987e124c177d30f7a7a84c9d3cbc53c36b02421e8a23d		Sequence verified; complete discovery scores retained; frozen selections copied exactly
data/work/receptor_models/decoy_0059.pdb	195765	bcf5165ac9ba646f3f7c17904240be8e6549ac9c09c92bb0fe49dcc86fca243c		Sequence verified; complete discovery scores retained; frozen selections copied exactly
data/work/receptor_models/decoy_0060.pdb	192965	000826e3bf7a76cfab7a01467391409d29b908a7066de0078a84f00d34caf6b2		Sequence verified; complete discovery scores retained; frozen selections copied exactly
data/work/receptor_models/decoy_0061.pdb	200565	39abc89f51eedacc49c0907764be03d9c44eb43c68c7a4d9474a8287ee5aaf6d		Sequence verified; complete discovery scores retained; frozen selections copied exactly
data/work/receptor_models/decoy_0062.pdb	200085	19441de80612acfc288cb295e4eceff8069e9bef2bedbdd87d7065e57b6cfcbe		Sequence verified; complete discovery scores retained; frozen selections copied exactly
data/work/receptor_models/decoy_0063.pdb	199445	3e6cdf30716e34e6afcfe5b9f17bc435e8058158251849dd6226578fca8a6024		Sequence verified; complete discovery scores retained; frozen selections copied exactly
data/work/receptor_models/decoy_0064.pdb	198885	72cf323a5ce61bd7daa80caca304125f1ef0515a58e53dc1693c2dcc3da3f8d6		Sequence verified; complete discovery scores retained; frozen selections copied exactly
data/work/receptor_models/decoy_0065.pdb	196005	0c5d96e6d3cbac9a752f1cf4261049c000cd5851fe9d05144328ad95303bf04a		Sequence verified; complete discovery scores retained; frozen selections copied exactly
data/work/receptor_models/decoy_0066.pdb	197365	82824d5aa0ca903af1f06ff305f433310420b257dd70dbcdf8869ddefb5829d6		Sequence verified; complete discovery scores retained; frozen selections copied exactly
data/work/receptor_models/decoy_0067.pdb	199285	ee9547e1639a01b7380aa6f6316ead4ba9b408737eaca0898c0e3d39874e53d0		Sequence verified; complete discovery scores retained; frozen selections copied exactly
data/work/receptor_models/decoy_0068.pdb	196965	a60bdb0a9341e59d7a70b32123903804617a1dc0b2b3c6804fb80fd40bb15a06		Sequence verified; complete discovery scores retained; frozen selections copied exactly
data/work/receptor_models/decoy_0069.pdb	196485	bde44c30fd0aac7e37e93b1bb35f3176f18f2b90a1096f2004921671857f7a88		Sequence verified; complete discovery scores retained; frozen selections copied exactly
data/work/receptor_models/decoy_0070.pdb	197765	5b6832892eced793097fcc2e599b420cefc38888f8e1b37f194d96806b80b02d		Sequence verified; complete discovery scores retained; frozen selections copied exactly
data/work/receptor_models/decoy_0071.pdb	198245	326c5bf74453832098bba48d29de865a2dd0379fd78d697f6a261e8cfe945720		Sequence verified; complete discovery scores retained; frozen selections copied exactly
data/work/receptor_models/decoy_0072.pdb	200325	a2460b0a265b0cb811be674a2dd65054625e8458eece52081c16f0e883d4e49d		Sequence verified; complete discovery scores retained; frozen selections copied exactly
data/work/receptor_models/decoy_0073.pdb	196325	21acdff768a6b9388ebf3978ce9bcfba9a07e9aade9ae5e2d566834bfe6f7b0f		Sequence verified; complete discovery scores retained; frozen selections copied exactly
data/work/receptor_models/decoy_0074.pdb	197685	dcc62447488192ed05abfdb87e4c49dad79b20d11a74d95776da7b0870b882f4		Sequence verified; complete discovery scores retained; frozen selections copied exactly
data/work/receptor_models/decoy_0075.pdb	198005	81cee97814d77b5d9b281a80211ac6e97e1d35536a2060b042b290aa735463f4		Sequence verified; complete discovery scores retained; frozen selections copied exactly
data/work/receptor_models/decoy_0076.pdb	201205	bd2166901b72a38b430edf108dbb07c83ccd122314961b6e0053958a9b7e897f		Sequence verified; complete discovery scores retained; frozen selections copied exactly
data/work/receptor_models/decoy_0077.pdb	198245	ff743d233632e2169ccf754eab80f79d4e03332c920d4ee3f180438c662076e0		Sequence verified; complete discovery scores retained; frozen selections copied exactly
data/work/receptor_models/decoy_0078.pdb	198325	c172172e21d18948c74c2b8bcf83625272452fe83e7180f0b4c6858cf840458f		Sequence verified; complete discovery scores retained; frozen selections copied exactly
data/work/receptor_models/decoy_0079.pdb	200005	4ae479a8c8ccd4906248ceb13b6393abe36d8c18064be43e088658ee72f96004		Sequence verified; complete discovery scores retained; frozen selections copied exactly
data/work/receptor_models/decoy_0080.pdb	196405	ca5cfd80526663c593e04e98ec12db95e8393f47bc122e9a6ec733cff949a9cc		Sequence verified; complete discovery scores retained; frozen selections copied exactly
data/work/receptor_models/decoy_0081.pdb	196645	c27bdce7e7f00314b2e5866aa099a0f41da86f2c64c009ed293330665ec5fce5		Sequence verified; complete discovery scores retained; frozen selections copied exactly
data/work/receptor_models/decoy_0082.pdb	195605	674e4fba5b0a3d9c71237adef8ec2218011a69c60c5f498a2b002b67e8cfed70		Sequence verified; complete discovery scores retained; frozen selections copied exactly
data/work/receptor_models/decoy_0083.pdb	196725	276cf3d124069e745f03c7608bcf6f5977826912eb750400efb7aaba7ded8b90		Sequence verified; complete discovery scores retained; frozen selections copied exactly
data/work/receptor_models/decoy_0084.pdb	198405	c2179fd64b394da53a7efca479485beb2470d97bcb6e8a44a4052c62ca109bc7		Sequence verified; complete discovery scores retained; frozen selections copied exactly
data/work/receptor_models/decoy_0085.pdb	199605	7ad662402c72713b4961021e51c28a545bf02f97870cdcc7781a9a2e6e23faf3		Sequence verified; complete discovery scores retained; frozen selections copied exactly
data/work/receptor_models/decoy_0086.pdb	196405	cd4c87c0ab626aa6c04dfc8b6af7eddc445f17cbdd2e634291a3c69624c4ec90		Sequence verified; complete discovery scores retained; frozen selections copied exactly
data/work/receptor_models/decoy_0087.pdb	196165	589ecd82fb95ead90b5d716d90ecf14c9411cf93af8954a8be2da37f221eee84		Sequence verified; complete discovery scores retained; frozen selections copied exactly
data/work/receptor_models/decoy_0088.pdb	199125	56faf538e0061d79d0a1c6b49f7e195c0c48a40e99c8583411c30a0da864f998		Sequence verified; complete discovery scores retained; frozen selections copied exactly
data/work/receptor_models/decoy_0089.pdb	197765	fde3c110a76391a231499d6cc7d0f7183b7f36b5e4fb59e6d94ae9c62544430c		Sequence verified; complete discovery scores retained; frozen selections copied exactly
data/work/receptor_models/decoy_0090.pdb	196725	a256731cda97da8a60466397d5dba37b50f34aa8a7b5450c4bca83e795302a0d		Sequence verified; complete discovery scores retained; frozen selections copied exactly
data/work/receptor_models/decoy_0091.pdb	199685	1af7226bdacb609d1961db5acd84edfcbab0ab644fcb9fb6f393edc64b8c9337		Sequence verified; complete discovery scores retained; frozen selections copied exactly
data/work/receptor_models/decoy_0092.pdb	196485	b4396e4c19a7f10b82e63200306d50df8e969925460e0e8cc8ee865b2e7ef002		Sequence verified; complete discovery scores retained; frozen selections copied exactly
data/work/receptor_models/decoy_0093.pdb	198805	86f982662df6e58ff4f54630b67476b4fecc6926d48d45c7fc8ed8e8d883b22c		Sequence verified; complete discovery scores retained; frozen selections copied exactly
data/work/receptor_models/decoy_0094.pdb	198645	ed621f47044f77165206bba24553ca287c324ecb755a9dba2310d5c252e088ea		Sequence verified; complete discovery scores retained; frozen selections copied exactly
data/work/receptor_models/decoy_0095.pdb	196725	53af6276bac83776940b34e427dcc09968dbf62de073076d228a7bd3849d7401		Sequence verified; complete discovery scores retained; frozen selections copied exactly
data/work/receptor_models/decoy_0096.pdb	200805	e3e7a842a2729fa1c02c31df846f61b8498e18ad0dfce5ce7af45602b7cf8878		Sequence verified; complete discovery scores retained; frozen selections copied exactly
data/work/receptor_models/decoy_0097.pdb	196885	d9552a868eaf30cb96d303b82d76dbe67084bf2762298b9b8885706f2160ee98		Sequence verified; complete discovery scores retained; frozen selections copied exactly
data/work/receptor_models/decoy_0098.pdb	197605	d20c77eeac6a8539a8f8d4c67fb524e5f5617dc22a80f14720e1a2a74b963e53		Sequence verified; complete discovery scores retained; frozen selections copied exactly
data/work/receptor_models/decoy_0099.pdb	195845	030586ba4e72760833101194b1070a7769d10506ae76a700d8a5c33c8ab0a784		Sequence verified; complete discovery scores retained; frozen selections copied exactly
data/work/receptor_models/decoy_0100.pdb	196565	a18df4512f444ca390c857e6c2b6606d895ea04b7780c5aea904508ed19d8308		Sequence verified; complete discovery scores retained; frozen selections copied exactly
data/work/receptor_models/decoy_0101.pdb	195605	ad68ad6498bbebf6589789afed7159906164b17297ead6f7d03be99f9ea98588		Sequence verified; complete discovery scores retained; frozen selections copied exactly
data/work/receptor_models/decoy_0102.pdb	195925	4683454f9abaf4bd3c934b75b218860c1c95ac61c598a9dee4093a1e9f131f75		Sequence verified; complete discovery scores retained; frozen selections copied exactly
data/work/receptor_models/decoy_0103.pdb	197845	fcaa0927019e39fbac5f4c84eff77a99eeeafb721a179cc03856795f63b7afdc		Sequence verified; complete discovery scores retained; frozen selections copied exactly
data/work/receptor_models/decoy_0104.pdb	199365	142a80b1679607afbb23ecf43f715f1e34ed3b6b8ed9292d1f61e1618f78b4de		Sequence verified; complete discovery scores retained; frozen selections copied exactly
data/work/receptor_models/decoy_0105.pdb	197205	2afd7d94ff34898047ac25e84230ca3d161d092dfcc1b7240300457cfa3aeb8b		Sequence verified; complete discovery scores retained; frozen selections copied exactly
data/work/receptor_models/decoy_0106.pdb	195525	7cf08c8eee49480f9c7966b09a439fe91d8b2a1b551095838fff82c69ee54f50		Sequence verified; complete discovery scores retained; frozen selections copied exactly
data/work/receptor_models/decoy_0107.pdb	199285	ddc4b653bbc6b741dfd8b24c9811fc88f8b44b845573aefda060516afacda4a7		Sequence verified; complete discovery scores retained; frozen selections copied exactly
data/work/receptor_models/decoy_0108.pdb	196965	d8447be913a85b7baf5190ca27ee1a317889c9b31e926a0645ccfd2f5f660810		Sequence verified; complete discovery scores retained; frozen selections copied exactly
data/work/receptor_models/decoy_0109.pdb	197125	45068fb0fd4583dec89cb26061baf8a8deab8231147e3f06e3b3bf6f6face345		Sequence verified; complete discovery scores retained; frozen selections copied exactly
data/work/receptor_models/decoy_0110.pdb	198325	39b8c0fd3bf524da6d90732ef2cdfcd7e296c2bdd4fdf30a71d054628f61ffcc		Sequence verified; complete discovery scores retained; frozen selections copied exactly
data/work/receptor_models/decoy_0111.pdb	196405	f790312062c9d6616bf6b476bd0757bab9e6edac89156fca28bafad0600dc531		Sequence verified; complete discovery scores retained; frozen selections copied exactly
data/work/receptor_models/decoy_0112.pdb	198565	02d5ffcdfaa287143b364af25b74d0e45cc6ca232dccc9dadd1be6ff94803acb		Sequence verified; complete discovery scores retained; frozen selections copied exactly
data/work/receptor_models/decoy_0113.pdb	198965	809294ce99984650b0ca6ce21581259ce97f10ff6b201ac3715f93816b9ff6ac		Sequence verified; complete discovery scores retained; frozen selections copied exactly
data/work/receptor_models/decoy_0114.pdb	196085	6283372043f2510733a2c9949f974ee65b8906c9418c7f898a6092f7ecb6e234		Sequence verified; complete discovery scores retained; frozen selections copied exactly
data/work/receptor_models/decoy_0115.pdb	199045	3c922b0fa22286ed8e412a6bc4b7ea1e31df3013bc29eee79bfbbd89ad4615f1		Sequence verified; complete discovery scores retained; frozen selections copied exactly
data/work/receptor_models/decoy_0116.pdb	199125	1ee9534fc940b6287a8488c049efb6ca349685824cd5ade47cfd9179fc4bd624		Sequence verified; complete discovery scores retained; frozen selections copied exactly
data/work/receptor_models/decoy_0117.pdb	196965	cb5b808e66306f21c66e4a586684eef2502adfe483de139d9d1b3253e10a954b		Sequence verified; complete discovery scores retained; frozen selections copied exactly
data/work/receptor_models/decoy_0118.pdb	199685	9d8e22855ab0e330e39b9e2c590d9600830ead3d82dd6991789d45c839ef7832		Sequence verified; complete discovery scores retained; frozen selections copied exactly
data/work/receptor_models/decoy_0119.pdb	200565	c2ceed426823e46cc18d12d305a0432b2ee533da71134749ea8a0c3c31c3064b		Sequence verified; complete discovery scores retained; frozen selections copied exactly
data/work/receptor_models/decoy_0120.pdb	199525	1147677f8584397c2ef4474ccd5d8899d5014e72b4bc1cdb78044aea4c4128bb		Sequence verified; complete discovery scores retained; frozen selections copied exactly
data/work/receptor_models/decoy_0121.pdb	198005	3ea99be5c24b4460ed4b5df79d6ab0f5df991fe2447dcdc2d22b0331357d9e0e		Sequence verified; complete discovery scores retained; frozen selections copied exactly
data/work/receptor_models/decoy_0122.pdb	199525	4ebc57cc849d1bb855bec5d9dbe69d9695c0c43714690f2bd26e00dad127d9d9		Sequence verified; complete discovery scores retained; frozen selections copied exactly
data/work/receptor_models/decoy_0123.pdb	198645	0fe03300907b44eff0877b90a9cb1163e7833af37d438219a0f8a122ac421d7e		Sequence verified; complete discovery scores retained; frozen selections copied exactly
data/work/receptor_models/decoy_0124.pdb	196405	1a932551c707f9bf32883c6d04f74d544b813c5e1caac28cf5e969deac1a1b86		Sequence verified; complete discovery scores retained; frozen selections copied exactly
data/work/receptor_models/decoy_0125.pdb	197365	228cf328c9dbdd54b5cc8de13a11f0684ad575c70a584dd57f15404b8c4d2984		Sequence verified; complete discovery scores retained; frozen selections copied exactly
data/work/receptor_models/decoy_0126.pdb	201365	5bd397451f6b44ba1ca2932cc239572af2cccabcea0d256362bc12e831409496		Sequence verified; complete discovery scores retained; frozen selections copied exactly
data/work/receptor_models/decoy_0127.pdb	199925	4462335d34388568ac07f7d66764a4a9dfd82275f464e5bac5b489d621924ee0		Sequence verified; complete discovery scores retained; frozen selections copied exactly
data/work/receptor_models/decoy_0128.pdb	198165	28054f02e6c60adb2de930d798f44f6be1cb21a43456c8a1c20fe348ba894e4c		Sequence verified; complete discovery scores retained; frozen selections copied exactly
data/work/receptor_models/decoy_0129.pdb	200085	476cb132cb39c68ccd47ed4bd97c0735e8c068301d72509a9efd74aeb34e3247		Sequence verified; complete discovery scores retained; frozen selections copied exactly
data/work/receptor_models/decoy_0130.pdb	198005	5d21e11a47ed5763d2bc309a72b2a1fe2cd436aa643c2b155e75e4d2695270ad		Sequence verified; complete discovery scores retained; frozen selections copied exactly
data/work/receptor_models/decoy_0131.pdb	199525	74add78bb4ec9331bc004759f87aea7ffaf7a9364c171513cafe3634f3241aab		Sequence verified; complete discovery scores retained; frozen selections copied exactly
data/work/receptor_models/decoy_0132.pdb	198565	850f8f046a6b0d56cefafc7d14cb2ffab5365e7e4108f2ca64bb0c44a434cde5		Sequence verified; complete discovery scores retained; frozen selections copied exactly
data/work/receptor_models/decoy_0133.pdb	198245	1da1c049121dfa71652438da75259d775812e32a04118f8caed81acc7d9482a9		Sequence verified; complete discovery scores retained; frozen selections copied exactly
data/work/receptor_models/decoy_0134.pdb	198565	89964c54cdcea77ff776d6cb006f1f0c31bed86ce3997b229da5e669b2d51c75		Sequence verified; complete discovery scores retained; frozen selections copied exactly
data/work/receptor_models/decoy_0135.pdb	195365	33e61ae679ed97883ebdd94014c6c017c4df11355b79950c0850a071c60bcca9		Sequence verified; complete discovery scores retained; frozen selections copied exactly
data/work/receptor_models/decoy_0136.pdb	196965	eee5288b07c7bee49874c949bb573f7ae57d22f534b2be0b7fb1e1df3f8fe214		Sequence verified; complete discovery scores retained; frozen selections copied exactly
data/work/receptor_models/decoy_0137.pdb	200245	b6bac79288c6c18195f97575e8875211ee422a736ff22e3821542873c9538b3b		Sequence verified; complete discovery scores retained; frozen selections copied exactly
data/work/receptor_models/decoy_0138.pdb	201285	a048a4676f0c59bec62bd035a23dcc67a3619d6fa6a77e502a116dd3ee3c3ba4		Sequence verified; complete discovery scores retained; frozen selections copied exactly
data/work/receptor_models/decoy_0139.pdb	198965	6b7e100bc5550799300d57efa07c2a1f168a1bbffc3b2fe4ada1042128cea0fa		Sequence verified; complete discovery scores retained; frozen selections copied exactly
data/work/receptor_models/decoy_0140.pdb	197925	6142c6302be330d15ea05fb351b9dbe74c2bcdce7ae9198bda4a5ab12478629b		Sequence verified; complete discovery scores retained; frozen selections copied exactly
data/work/receptor_models/decoy_0141.pdb	198325	7f47387cb6fc47f08ddacd937887cde7b1149b6924163f4eb1fd630275ed84e6		Sequence verified; complete discovery scores retained; frozen selections copied exactly
data/work/receptor_models/decoy_0142.pdb	197525	b11f9549f88b58a17a261c2769adad47eb236a76a49d3b115eb6e0e73afd228c		Sequence verified; complete discovery scores retained; frozen selections copied exactly
data/work/receptor_models/decoy_0143.pdb	197205	6d3e78b8d3e932d71e057195586558aa04816098de22762e0e024a02c1b7fccf		Sequence verified; complete discovery scores retained; frozen selections copied exactly
data/work/receptor_models/decoy_0144.pdb	197445	2340f894df027c4fb34b7a2fd055cb2a6b9005295efacbe353fa7845f06f3963		Sequence verified; complete discovery scores retained; frozen selections copied exactly
data/work/receptor_models/decoy_0145.pdb	200485	ead9ff78a010fbc471999d4975559cdc5a659e14fbe22f0d392624cc53fff477		Sequence verified; complete discovery scores retained; frozen selections copied exactly
data/work/receptor_models/decoy_0146.pdb	197765	6ef28299ccaf5db441774d8f6793142a9a9073e61da15ff62605cffaa43e2287		Sequence verified; complete discovery scores retained; frozen selections copied exactly
data/work/receptor_models/decoy_0147.pdb	197525	a7761a90254922ff74cb2489b2989a1d4936c68f4d0ac550e8eadf89eda8f858		Sequence verified; complete discovery scores retained; frozen selections copied exactly
data/work/receptor_models/decoy_0148.pdb	201365	7ac21dcb67aefab78186f40d5a689002d7f7b4ded460bef01acff3aaa2bae184		Sequence verified; complete discovery scores retained; frozen selections copied exactly
data/work/receptor_models/decoy_0149.pdb	195445	472d318672ff75384d0f1b242edd9427a5b012b255101faad29905e65b22ac88		Sequence verified; complete discovery scores retained; frozen selections copied exactly
data/work/receptor_models/decoy_0150.pdb	197765	a9755cc5113608dc4377c7542db402b15243c2e2ab97cdd0652310b883746596		Sequence verified; complete discovery scores retained; frozen selections copied exactly
data/work/receptor_models/decoy_0151.pdb	197925	d0e85a233e50c55c40a22070380b38bafad85addad8528582522b959f1c59764		Sequence verified; complete discovery scores retained; frozen selections copied exactly
data/work/receptor_models/decoy_0152.pdb	199285	4a7bd98eb9dc2249c2a5c747fed09bc7d02d34bfd16af43cb7f8696581f1409a		Sequence verified; complete discovery scores retained; frozen selections copied exactly
data/work/receptor_models/decoy_0153.pdb	197925	01a9b4b3d125157beda14d307f465954fd2a2557f4b3c2f4461e48141fb19dc6		Sequence verified; complete discovery scores retained; frozen selections copied exactly
data/work/receptor_models/decoy_0154.pdb	200485	bebd7a826d7481a00870720b22bd2d0a1f570ce7c8b7eef66df3118be1bae77f		Sequence verified; complete discovery scores retained; frozen selections copied exactly
data/work/receptor_models/decoy_0155.pdb	196725	e320486ed73f4a20d487ef6bc822cb134b437cc9ed94ee4e55d3aeb594101410		Sequence verified; complete discovery scores retained; frozen selections copied exactly
data/work/receptor_models/decoy_0156.pdb	199365	a833d1d1ca9b5f75eea90de889835a8aeba57d0964dc3d3f90d51acc50e08ae8		Sequence verified; complete discovery scores retained; frozen selections copied exactly
data/work/receptor_models/decoy_0157.pdb	198245	099f3df7c9cb44c89eb757b28fa78b374c0050eaf105c00bd8b4b0ff6c7140f6		Sequence verified; complete discovery scores retained; frozen selections copied exactly
data/work/receptor_models/decoy_0158.pdb	200165	8f1bded3b6812e109a6ed37f001ad54aeeb74aa914b0f28d78fe1c79bc9b51c7		Sequence verified; complete discovery scores retained; frozen selections copied exactly
data/work/receptor_models/decoy_0159.pdb	199765	7c13c44227f5fca1589958d8d5c08b4b1a5f0641e127b8a68c1684010228a3b1		Sequence verified; complete discovery scores retained; frozen selections copied exactly
data/work/receptor_models/decoy_0160.pdb	198885	410af39182d0fe2fd4412258bce2bd9bfd5c50d022bc702518d2940cbc2304a8		Sequence verified; complete discovery scores retained; frozen selections copied exactly
data/work/receptor_models/decoy_0161.pdb	196005	d964870924fb0bfab4516d2ef3562d61102df6e9a7d54c5981d571d100557eb5		Sequence verified; complete discovery scores retained; frozen selections copied exactly
data/work/receptor_models/decoy_0162.pdb	195525	e96dee9750ccb1390f7508246f8a58a960910bf528748be6016ee93fc640d9db		Sequence verified; complete discovery scores retained; frozen selections copied exactly
data/work/receptor_models/decoy_0163.pdb	198645	6a173d32b4d454b67254d1c9fee6548bec382723aa7eb4f6254047680ee86a66		Sequence verified; complete discovery scores retained; frozen selections copied exactly
data/work/receptor_models/decoy_0164.pdb	199205	60af0568baad9f636fa4e2f32e1f4220001f04d3079f18949d889c4c7c6299dd		Sequence verified; complete discovery scores retained; frozen selections copied exactly
data/work/receptor_models/decoy_0165.pdb	196005	51635b05749dc6b5ab7a42463861f873f99f44b5255d9e2467be0c54e1677596		Sequence verified; complete discovery scores retained; frozen selections copied exactly
data/work/receptor_models/decoy_0166.pdb	199605	fdb9fe3ba75474a5b7d8359750e20eae1fefb9e49f4540351cdf17192cba3d43		Sequence verified; complete discovery scores retained; frozen selections copied exactly
data/work/receptor_models/decoy_0167.pdb	197285	ce9e5fd532c34a9ae8508afe04abc53d0dde54daa33047e15c143449e60a9ac2		Sequence verified; complete discovery scores retained; frozen selections copied exactly
data/work/receptor_models/decoy_0168.pdb	198805	181b0b2b560dac4e1080f91b8a21729eca08fd97da8543a677c040a8915ebd59		Sequence verified; complete discovery scores retained; frozen selections copied exactly
data/work/receptor_models/decoy_0169.pdb	198645	6b6e2b379f8dbbcddcf17265f6652f06d4d0a6359367f99da500413de8e39474		Sequence verified; complete discovery scores retained; frozen selections copied exactly
data/work/receptor_models/decoy_0170.pdb	199125	697de1c3d9b5520623d5bd3b26a9bddda04a3a3c94be91e23cc6a58ec38b8c72		Sequence verified; complete discovery scores retained; frozen selections copied exactly
data/work/receptor_models/decoy_0171.pdb	197685	a10a07707a219e05c9768327c289fac4e6eecac003c2f50da2aeb615beb5f9f9		Sequence verified; complete discovery scores retained; frozen selections copied exactly
data/work/receptor_models/decoy_0172.pdb	198005	abf9fe2e6d966ebd64ad37b6a5d6f5744a13bd4e7424b6ca33dc82011107cac5		Sequence verified; complete discovery scores retained; frozen selections copied exactly
data/work/receptor_models/decoy_0173.pdb	199365	45d0b5efa2e338fa017814513ca19130da6d22c865981dd45d50be67676c8f04		Sequence verified; complete discovery scores retained; frozen selections copied exactly
data/work/receptor_models/decoy_0174.pdb	197605	14c2d9c7d1f30599d9843fed898d7d34f732d6d80311c3447f33288cc548a2b8		Sequence verified; complete discovery scores retained; frozen selections copied exactly
data/work/receptor_models/decoy_0175.pdb	198085	850e8e0a6eb31aba2806387b8315e656baf6e7419cc05baf47530b43bcbc3add		Sequence verified; complete discovery scores retained; frozen selections copied exactly
data/work/receptor_models/decoy_0176.pdb	196965	504d37f52867d159cc04152467e68c7f3fb892a720cef8aba31428ece60478af		Sequence verified; complete discovery scores retained; frozen selections copied exactly
data/work/receptor_models/decoy_0177.pdb	200485	37841d9bbce20a9ce9aba4cde38b79e158cf0a9aefcd8bb8824e3087e25ecd2d		Sequence verified; complete discovery scores retained; frozen selections copied exactly
data/work/receptor_models/decoy_0178.pdb	199525	3c4fa6d14e14e13ccbad8d77f16044e1816f462f511b14fb440cc86c412f6166		Sequence verified; complete discovery scores retained; frozen selections copied exactly
data/work/receptor_models/decoy_0179.pdb	199285	cc5116b2504c172dc2b32c26afde1440095caf8f48b30e5f1f99d1e58602d184		Sequence verified; complete discovery scores retained; frozen selections copied exactly
data/work/receptor_models/decoy_0180.pdb	196325	6c56d807b1e76b7e1751e41d4359196e1064af5ca71512ecfa1a7d0cd01b6de9		Sequence verified; complete discovery scores retained; frozen selections copied exactly
data/work/receptor_models/decoy_0181.pdb	195525	b898879628466ef4ad32b13221dd46999dae6ff483098043dd4030848204eb94		Sequence verified; complete discovery scores retained; frozen selections copied exactly
data/work/receptor_models/decoy_0182.pdb	200165	103bbbc6cd2072ada19016e7a0d49bfcd87613f2ea81d541681f5a5b87bbc4d6		Sequence verified; complete discovery scores retained; frozen selections copied exactly
data/work/receptor_models/decoy_0183.pdb	197845	bec56e5334ed1a28bac519cc0685e839b73a7adde03483488c0c23eeb193e0f5		Sequence verified; complete discovery scores retained; frozen selections copied exactly
data/work/receptor_models/decoy_0184.pdb	196325	2446f821a4d65de868460d2e6e32db18eb4fa13163d8fa339bfe88e7c5911c11		Sequence verified; complete discovery scores retained; frozen selections copied exactly
data/work/receptor_models/decoy_0185.pdb	197925	c1c8fe2fd027d08be2a6002b1d327cc629d3b5191d7fab1243b6d123f76fec2f		Sequence verified; complete discovery scores retained; frozen selections copied exactly
data/work/receptor_models/decoy_0186.pdb	195765	03510f993d5f410366a3f0138999067548b0238056d9566d937c6e4387e5cab3		Sequence verified; complete discovery scores retained; frozen selections copied exactly
data/work/receptor_models/decoy_0187.pdb	196085	286d66d3bf15d1bdaba474543865b55ca259ed13d7a4420c016f859d936aec88		Sequence verified; complete discovery scores retained; frozen selections copied exactly
data/work/receptor_models/decoy_0188.pdb	198565	0aefe38ab2af409b703603c7b7b5831fb6f72b9e1251a6ce020116f5280c98ff		Sequence verified; complete discovery scores retained; frozen selections copied exactly
data/work/receptor_models/decoy_0189.pdb	199765	1893eb0c4fd95af836c67065030cc0f2e4c6c1fe1993fc888ac3d7496d01504c		Sequence verified; complete discovery scores retained; frozen selections copied exactly
data/work/receptor_models/decoy_0190.pdb	197445	fc534f6384159a661fa9125a9ee90a161aaf8fdd2e806d46661c8d5e2b50aded		Sequence verified; complete discovery scores retained; frozen selections copied exactly
data/work/receptor_models/decoy_0191.pdb	199525	d63e1f53a65cfedfec6e9aa80cbea49cb751e743b2a5254390260bb17ee3a11b		Sequence verified; complete discovery scores retained; frozen selections copied exactly
data/work/receptor_models/decoy_0192.pdb	200085	170b64c06015568d5aadf6d7a2f7db14a2d218528c0fba1955511f232ef9afc1		Sequence verified; complete discovery scores retained; frozen selections copied exactly
data/work/receptor_models/decoy_0193.pdb	200245	54b838474fa74ecdd5fa2a57be48ea1b0f1c973036479787713ad32a34773e2d		Sequence verified; complete discovery scores retained; frozen selections copied exactly
data/work/receptor_models/decoy_0194.pdb	199845	773a93184c44cb38bd4683e9d5bacde532a56bdbbc1128769ecb2d383a912717		Sequence verified; complete discovery scores retained; frozen selections copied exactly
data/work/receptor_models/decoy_0195.pdb	200405	cb1499ea4018b62b7861ddd757859d931d37e9bcb7c285f2679c2140d4f2feb4		Sequence verified; complete discovery scores retained; frozen selections copied exactly
data/work/receptor_models/decoy_0196.pdb	201445	a863a3deafbfdfd1e9410b386eaf73d69ce9be801710d0fe10e98ab17b6bccd1		Sequence verified; complete discovery scores retained; frozen selections copied exactly
data/work/receptor_models/decoy_0197.pdb	200085	4659f28524cbe9be2c6552e6f273055a87ab2b7547dd9cc69ed8b1912127665e		Sequence verified; complete discovery scores retained; frozen selections copied exactly
data/work/receptor_models/decoy_0198.pdb	199525	22a03f1d7a2f484f706574d73c0dbbca6271279a8cbe4c8b7f0b719d269877e7		Sequence verified; complete discovery scores retained; frozen selections copied exactly
data/work/receptor_models/decoy_0199.pdb	201125	cb9de927476a35a887df74504e4487ca0557a557b1a7b54288bedf693d3eea00		Sequence verified; complete discovery scores retained; frozen selections copied exactly
data/work/receptor_models/decoy_0200.pdb	200805	9c93705f041a0a26e6b8add04a29f736afbbb2c74af6271bf1b2f225900daef0		Sequence verified; complete discovery scores retained; frozen selections copied exactly
data/work/receptor_models/decoy_0201.pdb	199925	76401c174c02c138fb93a768873031e0e80e3742f310f3d6e1243fdd27beaf8e		Sequence verified; complete discovery scores retained; frozen selections copied exactly
data/work/receptor_models/decoy_0202.pdb	199845	7acc21637bfb05eda87c0dffb6954b5b17ff262e04c4f8df236c984a9a1e66e7		Sequence verified; complete discovery scores retained; frozen selections copied exactly
data/work/receptor_models/decoy_0203.pdb	200325	31d6fafcba2559f19b80a560c2afd9f9eb8e07aa8cb05ff55663112d11b6590a		Sequence verified; complete discovery scores retained; frozen selections copied exactly
data/work/receptor_models/decoy_0204.pdb	200485	73b2b3e75ddaff597d96cfbc250a5e00c10a9d85aac5a0992b43cfdda0edcdbd		Sequence verified; complete discovery scores retained; frozen selections copied exactly
data/work/receptor_models/decoy_0205.pdb	199765	af7d87de597cc9383db87724689e1e5668120b31d2e281d97e5841b69d243b1f		Sequence verified; complete discovery scores retained; frozen selections copied exactly
data/work/receptor_models/decoy_0206.pdb	201205	6863272fc6f5c17bae7d780a5444299356eb7e5b7e4a242c3c1cf2c3d2245b56		Sequence verified; complete discovery scores retained; frozen selections copied exactly
data/work/receptor_models/decoy_0207.pdb	200725	3c66f6b79fec927dc3e6f36015b039f071338f30312532e466692fe4465455c7		Sequence verified; complete discovery scores retained; frozen selections copied exactly
data/work/receptor_models/decoy_0208.pdb	200405	94600e0ae072010caac0a5273d809baf0e0c70a65e6bca3b8e586877ad9bd7dc		Sequence verified; complete discovery scores retained; frozen selections copied exactly
data/work/receptor_models/decoy_0209.pdb	200645	207c05eacec7afd8d3d8cba8d8d6518ccaf87ed244fbdaa2d2d6615a6f6dba30		Sequence verified; complete discovery scores retained; frozen selections copied exactly
data/work/receptor_models/decoy_0210.pdb	199525	aab29e247829931b0f1eb2433283d208e71b290d911c17b86b996a04db35baf0		Sequence verified; complete discovery scores retained; frozen selections copied exactly
data/work/receptor_models/decoy_0211.pdb	200085	73d3265b83d4bf04476c36ed3a6316f2b141ad5377955861a56c85fa00217094		Sequence verified; complete discovery scores retained; frozen selections copied exactly
data/work/receptor_models/decoy_0212.pdb	200245	0df1f1b4b975c5437bb6606a2183102a5eed9dae5a673a701798797aa45446a0		Sequence verified; complete discovery scores retained; frozen selections copied exactly
data/work/receptor_models/decoy_0213.pdb	200325	056774b80bcfbeab54b1953c9a79c4aad26638ea4b8f10b1f9b7f913d1165624		Sequence verified; complete discovery scores retained; frozen selections copied exactly
data/work/receptor_models/decoy_0214.pdb	199365	3d656f87c8152c0347786e195cb45d5f8c47bfa26e29cd8caefd5495a64cb2d1		Sequence verified; complete discovery scores retained; frozen selections copied exactly
data/work/receptor_models/decoy_0215.pdb	201765	b3d1996122a5f5a464a08fed6853111783d4d53acc392fe150c59cbee1243d8c		Sequence verified; complete discovery scores retained; frozen selections copied exactly
data/work/receptor_models/decoy_0216.pdb	200165	eb01ef9c01a6dc1c0e9a9d982bcd8203832ffef307108a54f495f9de810c725d		Sequence verified; complete discovery scores retained; frozen selections copied exactly
data/work/receptor_models/decoy_0217.pdb	200885	a160847068b26066550add9ccad1f86dfd75d0a7dc75856bce302d0023b33aeb		Sequence verified; complete discovery scores retained; frozen selections copied exactly
data/work/receptor_models/decoy_0218.pdb	199925	a7c5b55252d2f98b8c75ebce9e044b01b764daaae7adbaa9539dabe27fad2eb3		Sequence verified; complete discovery scores retained; frozen selections copied exactly
data/work/receptor_models/decoy_0220.pdb	200565	4dc9c04f4329021d8380684c67939b51db4c11602028481c686fd6c2e8240d10		Sequence verified; complete discovery scores retained; frozen selections copied exactly
data/work/receptor_models/decoy_0221.pdb	201845	5ba13b610e91b5e2d1bc74f141f976e0a7f759e8f0ae318ffe358a1bf3696b3d		Sequence verified; complete discovery scores retained; frozen selections copied exactly
data/work/receptor_models/decoy_0222.pdb	200885	cd91ae1b6c4dc01faafde62fa8ba98239ef881b88bdc32031284cb2264ec952b		Sequence verified; complete discovery scores retained; frozen selections copied exactly
data/work/receptor_models/decoy_0223.pdb	200165	c73a64a89ce08255f1d5eb2ef810632800043c0d7de9c6b2dc832d3ee83b178b		Sequence verified; complete discovery scores retained; frozen selections copied exactly
data/work/receptor_models/decoy_0224.pdb	199605	19332c2db4aeaf6f5c81dee2c077ffc1ddf533b905a7e91f718e6bee985ec238		Sequence verified; complete discovery scores retained; frozen selections copied exactly
data/work/receptor_models/decoy_0225.pdb	200245	05bafa7a46d3597baebcec8094e00ae0dc612eceeee93a1f56f6cae436d703fe		Sequence verified; complete discovery scores retained; frozen selections copied exactly
data/work/receptor_models/decoy_0226.pdb	200325	f2044f4e41b05c225a064f236095be3efe342d5f2b0a03ca6400362968e2b093		Sequence verified; complete discovery scores retained; frozen selections copied exactly
data/work/receptor_models/decoy_0227.pdb	200085	99a9319bffaba2dd4d5c77b394589ef9dde3bde1040a15eab2fd31faac975f73		Sequence verified; complete discovery scores retained; frozen selections copied exactly
data/work/receptor_models/decoy_0228.pdb	200405	0c9a32c2613796b95f73ab5909f49210e2024a4182159e041da9b4c310306c40		Sequence verified; complete discovery scores retained; frozen selections copied exactly
data/work/receptor_models/decoy_0229.pdb	201765	ade2adcbc6d4a06ab81a9436e403fedd7f0fe5781711ed8c604a8e1a038bdb56		Sequence verified; complete discovery scores retained; frozen selections copied exactly
data/work/receptor_models/decoy_0230.pdb	199205	50e45b89e4920500d3c4210d3feeb376955ba2df32c5301811444075546e23f9		Sequence verified; complete discovery scores retained; frozen selections copied exactly
data/work/receptor_models/decoy_0231.pdb	200485	82558a5ab7ed4d9a27f8f0c5f45ba801744e155fc9bb230d98f125b25211ace1		Sequence verified; complete discovery scores retained; frozen selections copied exactly
data/work/receptor_models/decoy_0232.pdb	199925	a873ff8205bc213adf53926d2003804c09d42e1c7a67267a680c593cccf2b529		Sequence verified; complete discovery scores retained; frozen selections copied exactly
data/work/receptor_models/decoy_0233.pdb	200005	2a3fe2025a28c9dd9a34f1d32b4e10e61a47731287bb119b9d9e1ef8d8c6edcb		Sequence verified; complete discovery scores retained; frozen selections copied exactly
data/work/receptor_models/decoy_0234.pdb	200085	be1067cc6d6e5a6c5da44797466c373e2bfa816a50b34b72133f678e40be11c9		Sequence verified; complete discovery scores retained; frozen selections copied exactly
data/work/receptor_models/decoy_0235.pdb	200805	456a23c1f2424f7d5c7a8c6fca936a6c9cc98b073b0784f9ac167b6ad32078f4		Sequence verified; complete discovery scores retained; frozen selections copied exactly
data/work/receptor_models/decoy_0236.pdb	200645	38a8744d8d64c602d5cf675e6adf0bb7f214f54693b05f8afb49ef94accf5884		Sequence verified; complete discovery scores retained; frozen selections copied exactly
data/work/receptor_models/decoy_0237.pdb	201365	c62240b02b8f10d1ee0eeba49aaaf1cecfe99f653c3a7086cdb53563f66e831e		Sequence verified; complete discovery scores retained; frozen selections copied exactly
data/work/receptor_models/decoy_0238.pdb	200085	c1c82e7ab5e13c5886b2383e4f6839ab254166c5754ed6e491f1ba87c82ab208		Sequence verified; complete discovery scores retained; frozen selections copied exactly
data/work/receptor_models/decoy_0239.pdb	199925	4ebed7be4647c289f74b22bf573b98af84cebed913563e28d0e8194f11eff15c		Sequence verified; complete discovery scores retained; frozen selections copied exactly
data/work/receptor_models/decoy_0240.pdb	200805	3d791b7b98a5fccf96e19ea6e9bea15fad610bb643a8a1395d0712ef50bbdc4a		Sequence verified; complete discovery scores retained; frozen selections copied exactly
data/work/receptor_models/decoy_0241.pdb	200725	8e2f675c02e2508fa930564b469021b7bbd7b9c78eb28a427e69a09201cd88cf		Sequence verified; complete discovery scores retained; frozen selections copied exactly
data/work/receptor_models/decoy_0242.pdb	201205	734c04a928bb59e5a9efeb826cb0895a2d1a4eac4717d0f2533a70ca7083c080		Sequence verified; complete discovery scores retained; frozen selections copied exactly
data/work/receptor_models/decoy_0243.pdb	200165	c746f2b84a3606b322c331a2af5b77d3e3078d10de34d8c91e819f34012c06d0		Sequence verified; complete discovery scores retained; frozen selections copied exactly
data/work/receptor_models/decoy_0244.pdb	200325	a1df10d5b3d10f48f8685e5738f762f4f73a0e8723514b1de4e382c4a51a37af		Sequence verified; complete discovery scores retained; frozen selections copied exactly
data/work/receptor_models/decoy_0245.pdb	200565	e94c780d1bfbb4c58f0037a414db7229c036d066da3885f5869c5e1ca216ac7a		Sequence verified; complete discovery scores retained; frozen selections copied exactly
data/work/receptor_models/decoy_0246.pdb	200245	efcbbc99efef21a5e7104c1944f55e1855a8e236ef61e56e287af5ec1dea4b82		Sequence verified; complete discovery scores retained; frozen selections copied exactly
data/work/receptor_models/decoy_0247.pdb	200805	5acd0a89d52435f5a430f25fb22426890936509732d5a8c130c5f6c5b21318fa		Sequence verified; complete discovery scores retained; frozen selections copied exactly
data/work/receptor_models/decoy_0248.pdb	201605	1e0f7d7869fe77095f321ce0bff87273205d3f38551ef69f9ec0df6ade9c275c		Sequence verified; complete discovery scores retained; frozen selections copied exactly
data/work/receptor_models/decoy_0249.pdb	198325	c37b0ddb16db839709adc9df32a9948515798e8e7120bceff40a279b6b27ad51		Sequence verified; complete discovery scores retained; frozen selections copied exactly
data/work/receptor_models/decoy_0250.pdb	200165	8e77d94ec7e47ec02782b7277a34a22cb2e7190ae224f6450a479c3ef8bd61dd		Sequence verified; complete discovery scores retained; frozen selections copied exactly
data/work/receptor_models/decoy_0251.pdb	199925	eacdea475f29d9b40e53ab2c481611e782a393283837127489f946e7eac40030		Sequence verified; complete discovery scores retained; frozen selections copied exactly
data/work/receptor_models/decoy_0252.pdb	200245	73ce03fd57709eb3446c776fe2ae419847d8ffee3b5facf0da4eb59fd490ea5b		Sequence verified; complete discovery scores retained; frozen selections copied exactly
data/work/receptor_models/decoy_0253.pdb	199845	2165ea3dd0790b84d5a35d6b3a525c1e3446ab4006e13cb7dd2eb6b3e8ca2291		Sequence verified; complete discovery scores retained; frozen selections copied exactly
data/work/receptor_models/decoy_0254.pdb	199765	3db38f5fd4000ec61a71fb0786b1d287313e40ffc8a38ef210ec1bedd37c8519		Sequence verified; complete discovery scores retained; frozen selections copied exactly
data/work/receptor_models/decoy_0255.pdb	200965	b086d45773df6ad22aa4ca16f5a6d16dbcabda9c6147ce9009c1413a6bf89fe6		Sequence verified; complete discovery scores retained; frozen selections copied exactly
data/work/receptor_models/decoy_0256.pdb	201205	fe2216d5c6d3e1c24cf4ca48e239d5cb4216193330cbf6d04d4050e1f5cb9629		Sequence verified; complete discovery scores retained; frozen selections copied exactly
data/work/receptor_models/decoy_0257.pdb	199445	af24f6003fc3b059c7389588cd8de4f861b59159c9216ff7146543241596c0b6		Sequence verified; complete discovery scores retained; frozen selections copied exactly
data/work/receptor_models/decoy_0258.pdb	200565	841c88da4e140253b8ae34e2492149b5687ea6376b6fc0e02eb7d9f6565a7eb5		Sequence verified; complete discovery scores retained; frozen selections copied exactly
data/work/receptor_models/decoy_0259.pdb	200005	e741d6ee9d6347a11a3ef5e7f74417da6b781fc2b1790c3aa541594a9db38ce9		Sequence verified; complete discovery scores retained; frozen selections copied exactly
data/work/receptor_models/decoy_0260.pdb	200965	52d5eaab64d7dbdf62d174b5e911dcd0641c35c8b50f8985b4d9165cc7905cfe		Sequence verified; complete discovery scores retained; frozen selections copied exactly
data/work/receptor_models/decoy_0261.pdb	201765	77e077f5030b1670ee2b505f70109eb13ab0d5e44bcf0e858b8a916d281a7e2a		Sequence verified; complete discovery scores retained; frozen selections copied exactly
data/work/receptor_models/decoy_0262.pdb	199125	b1dd90ddcc447d1923eb72847bbbb981d170c92f06bf293921f90d6ed91e1afb		Sequence verified; complete discovery scores retained; frozen selections copied exactly
data/work/receptor_models/decoy_0263.pdb	200085	60ea7731c62fb13486b71a90d0212a2cd3f6415fa2eb32266f806b87b4d1c757		Sequence verified; complete discovery scores retained; frozen selections copied exactly
data/work/receptor_models/decoy_0264.pdb	201205	63e613eee9eec0f340c7e8406326d7d683faaa5349a555492f011c9f9e6e5162		Sequence verified; complete discovery scores retained; frozen selections copied exactly
data/work/receptor_models/decoy_0265.pdb	200405	f56cc66aaafd5bf480ea27dc93e1a0747d42e0bf858d961348c0b1f65c89acdc		Sequence verified; complete discovery scores retained; frozen selections copied exactly
data/work/receptor_models/decoy_0266.pdb	201525	07edccc647a4408d42f949aae89d5fc7d25d194a30aa04d1b6a94932cee6909b		Sequence verified; complete discovery scores retained; frozen selections copied exactly
data/work/receptor_models/decoy_0267.pdb	198405	46101a2efbaef5aa3213871462ac3986df1ae4fba21282fda1fb67e06d8e1215		Sequence verified; complete discovery scores retained; frozen selections copied exactly
data/work/receptor_models/decoy_0268.pdb	200725	e542c173c09e50432b245bfcd2273749c383b2835b46535721836fff3b8d23b2		Sequence verified; complete discovery scores retained; frozen selections copied exactly
data/work/receptor_models/decoy_0269.pdb	201125	ebb41faf91ca7fa206a4fac07d5f3d72ad98d6062a76aa6d68efdefee795f037		Sequence verified; complete discovery scores retained; frozen selections copied exactly
data/work/receptor_models/decoy_0270.pdb	200085	69ded34bb5277bf4a607a6347806bb5ff6a349e8416a952a4fc46eafab3f919d		Sequence verified; complete discovery scores retained; frozen selections copied exactly
data/work/receptor_models/decoy_0271.pdb	199525	cbd075258e2d1c2dc6054e55e8ef7a152acfb9a455d4b62e7e979dd00fab81b6		Sequence verified; complete discovery scores retained; frozen selections copied exactly
data/work/receptor_models/decoy_0272.pdb	200805	12dadce0a309ca056bf1ddb209d7da0c22dd00ba2d77fb8dbc149b8185bb001e		Sequence verified; complete discovery scores retained; frozen selections copied exactly
data/work/receptor_models/decoy_0273.pdb	199765	2449831f74cf2f799ad00e91ded04d314b1066d61420f64cf34c78260ad4a6b9		Sequence verified; complete discovery scores retained; frozen selections copied exactly
data/work/receptor_models/decoy_0274.pdb	200725	ecef1100265b50a9482adec2ec535e9d76d7cd7f3a54dd43fc86bcc0cb90886a		Sequence verified; complete discovery scores retained; frozen selections copied exactly
data/work/receptor_models/decoy_0275.pdb	200645	3a05d687a55743617d98aa4f21f4fc7a54016fb108add4c9fa85973eb234d4b0		Sequence verified; complete discovery scores retained; frozen selections copied exactly
data/work/receptor_models/decoy_0276.pdb	200325	e98b6967c19f790902346fd77577025527aa547ea871cc62d7f9ce9e7263651a		Sequence verified; complete discovery scores retained; frozen selections copied exactly
data/work/receptor_models/decoy_0277.pdb	198565	fbe769d4f4a124c574256b15e61c2bdc04b889b99fccbd914ef788279d31fd7f		Sequence verified; complete discovery scores retained; frozen selections copied exactly
data/work/receptor_models/decoy_0278.pdb	199285	24323da880e90d0f27a552df8fa13894edca120364551cadc42f7c3ab5ad147c		Sequence verified; complete discovery scores retained; frozen selections copied exactly
data/work/receptor_models/decoy_0279.pdb	200165	61fccd9e8431c705bf90b4c576b8e3ec62d6a41672b041fbc127c729b9c57706		Sequence verified; complete discovery scores retained; frozen selections copied exactly
data/work/receptor_models/decoy_0280.pdb	200565	639d6acd83a2e656d334a33b413cda9b39325a4d4dcf079063ced595b476c89b		Sequence verified; complete discovery scores retained; frozen selections copied exactly
data/work/receptor_models/decoy_0281.pdb	201845	86ab99b640ff7f6a9650ea80f374a944f75da0ce66323a843b2f67a74bb1b7f3		Sequence verified; complete discovery scores retained; frozen selections copied exactly
data/work/receptor_models/decoy_0282.pdb	199285	1f3a846ec912b27ab975ee89b2c47a2a0c94bdea162453b1ffee2af66095db6b		Sequence verified; complete discovery scores retained; frozen selections copied exactly
data/work/receptor_models/decoy_0283.pdb	200245	6f275b08f812c6e406ac0d7961a2b0a9337aac6f8df6ee898b07f6d707a63917		Sequence verified; complete discovery scores retained; frozen selections copied exactly
data/work/receptor_models/decoy_0284.pdb	200725	c4ee3c55aff1748bd7174b5334da7909d5315f6b987153018fa1093dd2e127cf		Sequence verified; complete discovery scores retained; frozen selections copied exactly
data/work/receptor_models/decoy_0285.pdb	200645	30ec791e242aa8902f324d6efe521f572a4f53e4638625c59fd6a91b91fd638b		Sequence verified; complete discovery scores retained; frozen selections copied exactly
data/work/receptor_models/decoy_0286.pdb	199765	2d6a4702afb04bd63670fd26822998d9c7c8515749e06aa13135c393e8e97930		Sequence verified; complete discovery scores retained; frozen selections copied exactly
data/work/receptor_models/decoy_0287.pdb	200405	0562d9aa41bd01a1cd045292c032aa2a53b0d249fa5eebe38087c84126805f2a		Sequence verified; complete discovery scores retained; frozen selections copied exactly
data/work/receptor_models/decoy_0288.pdb	199525	630b6a53732184d85bde290e9d868376eb148800a30686977895fb91566eef23		Sequence verified; complete discovery scores retained; frozen selections copied exactly
data/work/receptor_models/decoy_0289.pdb	198325	356abf6e2e1cd7c688824faef8f2747c94a653a2be3242e916562900f8e93784		Sequence verified; complete discovery scores retained; frozen selections copied exactly
data/work/receptor_models/decoy_0290.pdb	197845	26365e38661ee68cd7e0ac0e7acf22c245fbee5de14634db182a0e158adf02c2		Sequence verified; complete discovery scores retained; frozen selections copied exactly
data/work/receptor_models/decoy_0291.pdb	201285	924d98b8cc5d365fe6655ecb3aae87ab7f137482bcf8268caaeb2e14f54b640a		Sequence verified; complete discovery scores retained; frozen selections copied exactly
data/work/receptor_models/decoy_0292.pdb	200005	5bf389082205a8794cbdcf7ccca102828bdc000b792b348ed795a1f4a53bc52c		Sequence verified; complete discovery scores retained; frozen selections copied exactly
data/work/receptor_models/decoy_0293.pdb	199685	0b9f1cf4dd68d596c2d6f0de6fec5c3bdeeff38c56f9eb06280b55d5882a9cf8		Sequence verified; complete discovery scores retained; frozen selections copied exactly
data/work/receptor_models/decoy_0294.pdb	199525	9cae4e123d73081b353b9a6bf428f471e0da185c8c33c23042ca5a1a0aa21093		Sequence verified; complete discovery scores retained; frozen selections copied exactly
data/work/receptor_models/decoy_0295.pdb	201125	a93a937f4eb48cb453c86cad5e1f8a2e691d9359d11c2aa2d24fa69e23deb32f		Sequence verified; complete discovery scores retained; frozen selections copied exactly
data/work/receptor_models/decoy_0296.pdb	199285	105f9e3bfda3c50c97d97a911d8a91bc41df85fcf34eddde311db5ab6b9930d8		Sequence verified; complete discovery scores retained; frozen selections copied exactly
data/work/receptor_models/decoy_0297.pdb	198885	1186af5dbe3c7c9c29cc7a0406584c39f7b14833a2e8694c20b1d1eafc59fe56		Sequence verified; complete discovery scores retained; frozen selections copied exactly
data/work/receptor_models/decoy_0298.pdb	199445	5faa0c335bbe6d97bc897e0c0db864ae3b8e4e008ac134510916d994f2a2f3ce		Sequence verified; complete discovery scores retained; frozen selections copied exactly
data/work/receptor_models/decoy_0299.pdb	199125	b712cebf3e0118423b0511c9ed54c15fd8ca1eca6606462a45439c244a9bd8c1		Sequence verified; complete discovery scores retained; frozen selections copied exactly
data/work/receptor_models/decoy_0300.pdb	201285	64054540c0d7868a5f441782b53c45f95734adbb9c7fc65f896d0d9607618f86		Sequence verified; complete discovery scores retained; frozen selections copied exactly
data/work/receptor_models/decoy_0301.pdb	199925	b1b0d90bc9d1b23ce84a806e31d047fc81bb573f0292ea3096547902138d8adc		Sequence verified; complete discovery scores retained; frozen selections copied exactly
data/work/receptor_models/decoy_0302.pdb	200245	2c91f74190228072ba0e2cfe2f57405a24c56b69ae5f211649425e7b1ca1eddd		Sequence verified; complete discovery scores retained; frozen selections copied exactly
data/work/receptor_models/decoy_0303.pdb	201205	00762f47a52188cd05abff30c55074ac38e51b7489f971b9f0d4937e942f13c3		Sequence verified; complete discovery scores retained; frozen selections copied exactly
data/work/receptor_models/decoy_0304.pdb	201845	e2303baf2d86c278da8721fe23aea8620746595dc48d6d89766d91788c5e8ae7		Sequence verified; complete discovery scores retained; frozen selections copied exactly
data/work/receptor_models/decoy_0305.pdb	200245	2ab877047c157dba98134a7813123f409fd61c572be22ddfbcb14434536bf1b0		Sequence verified; complete discovery scores retained; frozen selections copied exactly
data/work/receptor_models/decoy_0306.pdb	199605	010935903a8be9e8c26bf32f664259d913df6d41b290e301a13765a338a5402d		Sequence verified; complete discovery scores retained; frozen selections copied exactly
data/work/receptor_models/decoy_0307.pdb	200005	6074bec06a10155acfd3db60cfc871db4b34385bdf17c013454880fad68af589		Sequence verified; complete discovery scores retained; frozen selections copied exactly
data/work/receptor_models/decoy_0308.pdb	200885	386a06b5cf09cfdd8ba124e766b498092a6ca34fe3fec285e7e690f5ed653a03		Sequence verified; complete discovery scores retained; frozen selections copied exactly
data/work/receptor_models/decoy_0309.pdb	200885	fdb57e16b799492deb3ffe30c4f31e16e44887160cfff3a8812a82b5414222b9		Sequence verified; complete discovery scores retained; frozen selections copied exactly
data/work/receptor_models/decoy_0310.pdb	200645	a7b1d91db6a10125ce7455494a5fb8a7aa37494f1e2eabf3664b6b6fc738e6a1		Sequence verified; complete discovery scores retained; frozen selections copied exactly
data/work/receptor_models/decoy_0311.pdb	199925	0806b7637f6d13cedb7fbcf7026be5bf90cb71ec611ff854eab4d72663fe6195		Sequence verified; complete discovery scores retained; frozen selections copied exactly
data/work/receptor_models/decoy_0312.pdb	199605	c53505ac3d6a54d8db5c4469642d693c68df55581a33622aa9c16a16bc884d3e		Sequence verified; complete discovery scores retained; frozen selections copied exactly
data/work/receptor_models/decoy_0313.pdb	200725	bf8a3ecf9b35f4a904e350d276ea75742d3a06dee509d6f1b571931edee3c563		Sequence verified; complete discovery scores retained; frozen selections copied exactly
data/work/receptor_models/decoy_0314.pdb	200805	f9ff05a0b84d07c490bd00669a576f98e15396c8d921fedb753f9fc64e82cc68		Sequence verified; complete discovery scores retained; frozen selections copied exactly
data/work/receptor_models/decoy_0315.pdb	201845	ce4af2eabc7d6f3613380e650165894ad4314dcf6328597df306e2d96c65c226		Sequence verified; complete discovery scores retained; frozen selections copied exactly
data/work/receptor_models/decoy_0316.pdb	201125	1ba3b12d08aa2b6690b9b0dca5b4f07a2530219ff4d7e6050c6a4dd6afcfc443		Sequence verified; complete discovery scores retained; frozen selections copied exactly
data/work/receptor_models/decoy_0317.pdb	199285	8f266c6d07ed60ddb9ac7deacc367924542a95e9eed444fcacfa3212ff285dcd		Sequence verified; complete discovery scores retained; frozen selections copied exactly
data/work/receptor_models/decoy_0318.pdb	199605	975b69a4a254fbdbdfabd093478f0796e3ae6fedba79962b56dca00a500e888c		Sequence verified; complete discovery scores retained; frozen selections copied exactly
data/work/receptor_models/decoy_0319.pdb	199605	11807ebccf5ad92e59d5b38a64f72f8af7436fd27d3149b96edf9dd5dcc2b72c		Sequence verified; complete discovery scores retained; frozen selections copied exactly
data/work/receptor_models/decoy_0320.pdb	200165	7e8b0e7eca7a873d63cb57c2f20a593b11e6febce18f2dcdc1ff8177dba7b8e5		Sequence verified; complete discovery scores retained; frozen selections copied exactly
data/work/receptor_models/decoy_0321.pdb	201285	083909f41be12155f0233db8b57fe289ad0ed8435239210a5436c2029c3d249e		Sequence verified; complete discovery scores retained; frozen selections copied exactly
data/work/receptor_models/decoy_0322.pdb	200245	bf6fe0331f447917269f22543c6c774c7f271bcea7e7267bd483230d5ed8f0ea		Sequence verified; complete discovery scores retained; frozen selections copied exactly
data/work/receptor_models/decoy_0323.pdb	200565	7693e13054586b44a919f65b7c60e27f1100e8dbc3a30f57c02183c46edf0005		Sequence verified; complete discovery scores retained; frozen selections copied exactly
data/work/receptor_models/decoy_0324.pdb	200725	138c1479e15c3e5de586226b109281b9155e1361623e0c71830bf7131e9443fa		Sequence verified; complete discovery scores retained; frozen selections copied exactly
data/work/receptor_models/decoy_0325.pdb	199445	5a8a7b37259cd305b3ad12cc09a72bb42cf25e6b9f4e1f3815315bf372a6e1af		Sequence verified; complete discovery scores retained; frozen selections copied exactly
data/work/receptor_models/decoy_0326.pdb	200005	200a1796f244e875fcb96909003fea639dc0113816e47baa35426ab48c8b29ab		Sequence verified; complete discovery scores retained; frozen selections copied exactly
data/work/receptor_models/decoy_0327.pdb	200805	457eb4f804de39287b4b4b1694902f719126aa199e911f9b04810efc82e23917		Sequence verified; complete discovery scores retained; frozen selections copied exactly
data/work/receptor_models/decoy_0328.pdb	200405	7a421ac31aea301b2b2e7be209534ec8ad15196a886a86c433fa8267b85abac9		Sequence verified; complete discovery scores retained; frozen selections copied exactly
data/work/receptor_models/decoy_0329.pdb	199445	061fcf8b5125a68f5b1a96802cb3fec23f96524304e1f9e3b0a4ec2b7aea8696		Sequence verified; complete discovery scores retained; frozen selections copied exactly
data/work/receptor_models/decoy_0330.pdb	200325	fa4131c0b98b4cafc3ba21961490cc7738ccf1e028598ceedf6bbcc4139b1073		Sequence verified; complete discovery scores retained; frozen selections copied exactly
data/work/receptor_models/decoy_0331.pdb	200245	df89553dd12d68b9c18b7391cf70f61c0ac58914b418fa9c209fd308fff1eb55		Sequence verified; complete discovery scores retained; frozen selections copied exactly
data/work/receptor_models/decoy_0332.pdb	200725	7fc2f8d6cd105dba316ac00298644ca2d002e477bcc5ec208b494dd45cba4e8c		Sequence verified; complete discovery scores retained; frozen selections copied exactly
data/work/receptor_models/decoy_0333.pdb	200165	c463d1f42c8aca00bb2da0c62c010af621b19fcf5ae7030d0713c8fdba83b85b		Sequence verified; complete discovery scores retained; frozen selections copied exactly
data/work/receptor_models/decoy_0334.pdb	201125	1176d4d5140e0f1344293b052a03b6638bef1f9f2a787328ce52c593c7fafed0		Sequence verified; complete discovery scores retained; frozen selections copied exactly
data/work/receptor_models/decoy_0335.pdb	199605	53b651401e9dfa9f045366062f8f25b294f5c462615b6bb13def78e089d3e27f		Sequence verified; complete discovery scores retained; frozen selections copied exactly
data/work/receptor_models/decoy_0336.pdb	200165	763b6f7e502eeb208712b7bf8c33e1e99a520722d6d80db11d7ee054182351f5		Sequence verified; complete discovery scores retained; frozen selections copied exactly
data/work/receptor_models/decoy_0337.pdb	199925	782efd8092f28b26f5f90f7e33e7ea56ecef7d884d15b6de57c72266c7ea344f		Sequence verified; complete discovery scores retained; frozen selections copied exactly
data/work/receptor_models/decoy_0338.pdb	199205	c5fdc3c8652ab7ed967fc7690a68a46ac773210586a632fa7adb3b953b8978fb		Sequence verified; complete discovery scores retained; frozen selections copied exactly
data/work/receptor_models/decoy_0339.pdb	200085	5550a862598c36fe4230c9d5fdfdcef2b5fd5063818091a87f215e9f5b98b9cf		Sequence verified; complete discovery scores retained; frozen selections copied exactly
data/work/receptor_models/decoy_0340.pdb	201125	efee6f08bfdae3a471f41903a397f26cc68145a5780573a8b2965fc2cd71a42e		Sequence verified; complete discovery scores retained; frozen selections copied exactly
data/work/receptor_models/decoy_0341.pdb	197925	ef9c361e380dca74230a67cd8be1078cd170d282788b9790ad128fca94445bf8		Sequence verified; complete discovery scores retained; frozen selections copied exactly
data/work/receptor_models/decoy_0342.pdb	200725	400323b160bff446fae2ccf3fb11f0677574aa31ad6ea33d5ce23d93d222ffd9		Sequence verified; complete discovery scores retained; frozen selections copied exactly
data/work/receptor_models/decoy_0343.pdb	199845	04ebb701023d8729072d0ec71c5d7d4195569eafb147bbad4295c57347b418ae		Sequence verified; complete discovery scores retained; frozen selections copied exactly
data/work/receptor_models/decoy_0344.pdb	200645	0acf89c9aa120ce4a66f872503e9fb18bc85fd2ccfbdf6bcc0911fff6ccf085a		Sequence verified; complete discovery scores retained; frozen selections copied exactly
data/work/receptor_models/decoy_0345.pdb	199685	f86cd0b80dbc4eab2d3d7e2b71fa081fffd2959cdf657ef3d51969d97902b577		Sequence verified; complete discovery scores retained; frozen selections copied exactly
data/work/receptor_models/decoy_0346.pdb	201925	0008c7f7a6ad277b732a165dd553aff602a6b577cebe891b6c3a0a7e31632e03		Sequence verified; complete discovery scores retained; frozen selections copied exactly
data/work/receptor_models/decoy_0347.pdb	200725	03aee2a52df2ecaac7a06d6edf714154e206f882c47c80dd3cd91b3561170931		Sequence verified; complete discovery scores retained; frozen selections copied exactly
data/work/receptor_models/decoy_0348.pdb	201045	af5cfa40a83713d2f789c84eeb88426db3518774bb19658859d0e018b5b0cfa2		Sequence verified; complete discovery scores retained; frozen selections copied exactly
data/work/receptor_models/decoy_0349.pdb	201445	b3acc057f50a431deee39a0771e51f1761120e39a5fe060d736f88ca4e30e4ee		Sequence verified; complete discovery scores retained; frozen selections copied exactly
data/work/receptor_models/decoy_0350.pdb	200965	82d6888295997ff12a2ba232a8fb5c6c8edf58d73c3a777924bd10350ac0d7d9		Sequence verified; complete discovery scores retained; frozen selections copied exactly
data/work/receptor_models/decoy_0351.pdb	200885	842f7a924434e2e2336ddd4226296506f27a502ced7e9542b3b88ef375f2902b		Sequence verified; complete discovery scores retained; frozen selections copied exactly
data/work/receptor_models/decoy_0352.pdb	199765	2a34377f840c4122d69abb056dd338725a9d778d486912812c0199d1e7cf1236		Sequence verified; complete discovery scores retained; frozen selections copied exactly
data/work/receptor_models/decoy_0353.pdb	201125	fc4c6ac57ecedcac99cd7c1a0cada7f1240fc712824d15db670f0983777b2ab8		Sequence verified; complete discovery scores retained; frozen selections copied exactly
data/work/receptor_models/decoy_0354.pdb	198725	d4939c749a9e20889ea526d1e4a5b206cceebcfe61f7d72ae452fbcb3e2e1e65		Sequence verified; complete discovery scores retained; frozen selections copied exactly
data/work/receptor_models/decoy_0355.pdb	200405	ff06e05b8a126e9727dbf716c288b1eb66e083213acf23e44576d567300812c9		Sequence verified; complete discovery scores retained; frozen selections copied exactly
data/work/receptor_models/decoy_0356.pdb	198565	9112078e8189846bb4656d33644b8d4dbbb0d2d41bedd3aba0a062b8dd8db073		Sequence verified; complete discovery scores retained; frozen selections copied exactly
data/work/receptor_models/decoy_0357.pdb	201205	bddd51eec05fca05f26fb02936296991d416bcedf2d59e1b2c7f4e5925061ebe		Sequence verified; complete discovery scores retained; frozen selections copied exactly
data/work/receptor_models/decoy_0358.pdb	199765	46e13b94f35900fa0c51d656875cc9d8a32239a9cd4f4900c4471edd0011270e		Sequence verified; complete discovery scores retained; frozen selections copied exactly
data/work/receptor_models/decoy_0359.pdb	200245	ce882aca15272091eb2ecf04eee39eb4d12243027c5fcc732cd43f377b252da6		Sequence verified; complete discovery scores retained; frozen selections copied exactly
data/work/receptor_models/decoy_0360.pdb	201285	20af396d3db685fd3d440b2eef0a80a012fa99f6fb58a653a7db592d07cf5aff		Sequence verified; complete discovery scores retained; frozen selections copied exactly
data/work/receptor_models/decoy_0361.pdb	201285	d2bb8542adf648edb3ba7e9dd14b411e19fe1e005269a45d9d0b654fbfacc428		Sequence verified; complete discovery scores retained; frozen selections copied exactly
data/work/receptor_models/decoy_0362.pdb	200485	8d4237ece44ef02f410fc6eff0620a5cc5c078b1b8a6e5ce597da0d617b8d408		Sequence verified; complete discovery scores retained; frozen selections copied exactly
data/work/receptor_models/decoy_0363.pdb	200645	592e35a69e2a882d67218c8c794b3954d4f5d19fb0e30d18346a58a5a590621c		Sequence verified; complete discovery scores retained; frozen selections copied exactly
data/work/receptor_models/decoy_0364.pdb	199765	6aada346a3b39ba385803b407c865a41ef7eb9e44f3f07880b7d32d05d9c6a52		Sequence verified; complete discovery scores retained; frozen selections copied exactly
data/work/receptor_models/decoy_0365.pdb	201525	697f2561ebea1f29e41fc317098b9daef5a8d451a1b84cd495e13066dfb86f12		Sequence verified; complete discovery scores retained; frozen selections copied exactly
data/work/receptor_models/decoy_0366.pdb	200005	d8d273a73392e7e2006cbb54a9f9c577579bc8d30d030a961d2835ff3418884c		Sequence verified; complete discovery scores retained; frozen selections copied exactly
data/work/receptor_models/decoy_0367.pdb	200965	5e970710dbc1f0d39c344d403e21768186dc6ff63da42503324abd81c90480f5		Sequence verified; complete discovery scores retained; frozen selections copied exactly
data/work/receptor_models/decoy_0368.pdb	199685	8bc823b34ced1473a4fff05fc9382a86c98b8ac9266dce4ed3944d6aac468557		Sequence verified; complete discovery scores retained; frozen selections copied exactly
data/work/receptor_models/decoy_0369.pdb	201045	1bbc39502d308337531b843b84abd885a83d2f1fef028caf997d2f36e051399e		Sequence verified; complete discovery scores retained; frozen selections copied exactly
data/work/receptor_models/decoy_0370.pdb	200885	e651e6f549c04181a539db12ae0125c30920d220a046397b418190e750a7d816		Sequence verified; complete discovery scores retained; frozen selections copied exactly
data/work/receptor_models/decoy_0371.pdb	200085	d813579f27394a67e29a19156785cdf8ce3302d4ea973e8497b8ebf20375c78c		Sequence verified; complete discovery scores retained; frozen selections copied exactly
data/work/receptor_models/decoy_0372.pdb	200085	2559b6b0ce5cee7c6a18dc8d478b2990a2f000d6ef5843223790a09784adc54a		Sequence verified; complete discovery scores retained; frozen selections copied exactly
data/work/receptor_models/decoy_0373.pdb	198885	c136df571d63de7991d3962935e890759e6828dfd7b35a43097204676985caac		Sequence verified; complete discovery scores retained; frozen selections copied exactly
data/work/receptor_models/decoy_0374.pdb	199685	450f16a3aeb14906e3d8dff7e06819a44597577d6c9c1904ac287565f182843b		Sequence verified; complete discovery scores retained; frozen selections copied exactly
data/work/receptor_models/decoy_0375.pdb	199365	07d4f288c6562fb16a96a25ec4b97cad80f90e4a24f716f568de76fc57f4957f		Sequence verified; complete discovery scores retained; frozen selections copied exactly
data/work/receptor_models/decoy_0376.pdb	200645	82b60497239035d0ee1c62b7dc7866a25d105cf33d8d1e365d895fbcc409a4b7		Sequence verified; complete discovery scores retained; frozen selections copied exactly
data/work/receptor_models/decoy_0377.pdb	200085	02cc9a20fb5ec8207176bd2e1053a34a3efcfe00771c55682a573f541d324a11		Sequence verified; complete discovery scores retained; frozen selections copied exactly
data/work/receptor_models/decoy_0378.pdb	200165	dfc929c4742ad3675e58896a259cf16496f8e58595e937490532d8922a1ffe40		Sequence verified; complete discovery scores retained; frozen selections copied exactly
data/work/receptor_models/decoy_0379.pdb	201125	1b95470d3e5f4c172e7a3dae1e2afc2a0c6f9c6314bd2b0702ad64973572aabc		Sequence verified; complete discovery scores retained; frozen selections copied exactly
data/work/receptor_models/decoy_0380.pdb	199765	86bb72f9ff4c98f50628f800065ed5a0dd16316db8604c9a268803ae0b956269		Sequence verified; complete discovery scores retained; frozen selections copied exactly
data/work/receptor_models/decoy_0381.pdb	200165	7c6ead80cd016e3506ad979ab460e9e34357ab71dbdf6e854ef5e542f5842474		Sequence verified; complete discovery scores retained; frozen selections copied exactly
data/work/receptor_models/decoy_0382.pdb	196245	fe767bff441acd4c14797c4001a8cea35e550e3a857c15d59c6f4365095c7e86		Sequence verified; complete discovery scores retained; frozen selections copied exactly
data/work/receptor_models/decoy_0383.pdb	194245	75d026659c6369b46f968a5d8d8b36d48a190d7a3a827e63c0698396cca23132		Sequence verified; complete discovery scores retained; frozen selections copied exactly
data/work/receptor_models/decoy_0384.pdb	198325	c30d3f9e4aa4fe53861eaaf9302691a344511f64cb619bbc550303933ee19cd3		Sequence verified; complete discovery scores retained; frozen selections copied exactly
data/work/receptor_models/decoy_0385.pdb	195765	bac7875d38fee1960341956dcfa0493b4ba70d97f2a314aee614762a24e939d2		Sequence verified; complete discovery scores retained; frozen selections copied exactly
data/work/receptor_models/decoy_0386.pdb	197285	c3cc2afe3119ba2ea746113b72d8c02b0b723060c98a641693feec45ffe33995	data/processed/frozen_candidates/decoy_0386.pdb	Sequence verified; complete discovery scores retained; frozen selections copied exactly
data/work/receptor_models/decoy_0387.pdb	196245	82575c0075aaf4e95ca02109cdab3810b5b7965ebfa0cc38bc4a639a1425d974		Sequence verified; complete discovery scores retained; frozen selections copied exactly
data/work/receptor_models/decoy_0388.pdb	198325	0d33a20e0a4950ccbbec169abc5f7bebdad853d2e3672882413148a3d0032378		Sequence verified; complete discovery scores retained; frozen selections copied exactly
data/work/receptor_models/decoy_0389.pdb	198485	aab84c7d6893b68c3a7368d8798b9cede28d89d1addcd85edbd82e703cb96dc0		Sequence verified; complete discovery scores retained; frozen selections copied exactly
data/work/receptor_models/decoy_0390.pdb	198325	7e1e1581da71c082f148d67fdf51bb8bdaa0b002eeeeae7d6383afc35ff9cb65		Sequence verified; complete discovery scores retained; frozen selections copied exactly
data/work/receptor_models/decoy_0391.pdb	198005	c8094cfed37c1a64adfbd7f6e4b0996784ae2c3d07f13d62080561406c9d31a9		Sequence verified; complete discovery scores retained; frozen selections copied exactly
data/work/receptor_models/decoy_0392.pdb	196245	2b08a9f31d552f0bf2a579a3c05c6c17290965da226b3da9e3c12974f1339d88		Sequence verified; complete discovery scores retained; frozen selections copied exactly
data/work/receptor_models/decoy_0393.pdb	197205	8de8640988619285471116a62b1ec827796c92800ab34a2275ff641034dffbc8		Sequence verified; complete discovery scores retained; frozen selections copied exactly
data/work/receptor_models/decoy_0394.pdb	198885	bc7a98dd1c10875570435bbda9c474dab18e8464ada88709df8e2e44f3d6428d		Sequence verified; complete discovery scores retained; frozen selections copied exactly
data/work/receptor_models/decoy_0395.pdb	198485	3693981bd2c08e249e35960ebefc555e2c590b3e2a0faaaf497bac43911b81bd		Sequence verified; complete discovery scores retained; frozen selections copied exactly
data/work/receptor_models/decoy_0396.pdb	197605	cb3a357f74b0a29cc36cb3a6376a9f36b2c85096a75228eab51099dc0aab8961		Sequence verified; complete discovery scores retained; frozen selections copied exactly
data/work/receptor_models/decoy_0397.pdb	199605	59054f754a2ac2fe0c48dd4608091e53856fb923ee5b943c06a87178fad5f0ae		Sequence verified; complete discovery scores retained; frozen selections copied exactly
data/work/receptor_models/decoy_0398.pdb	198005	ee7c97d252c4c3a6cfaea0f714c1ea6bcba3eb7de8e44e8f94806a9388f349c1		Sequence verified; complete discovery scores retained; frozen selections copied exactly
data/work/receptor_models/decoy_0399.pdb	197845	497d4737e27dfc3fe278a060ea36849aeca14471a8e3a40ba2bb413f4193c66c		Sequence verified; complete discovery scores retained; frozen selections copied exactly
data/work/receptor_models/decoy_0400.pdb	199285	fb021e89b7e06f3db145355c951a0eeca7483485a236aaca3cb0b3d5019ddf72		Sequence verified; complete discovery scores retained; frozen selections copied exactly
data/work/receptor_models/decoy_0401.pdb	195205	5b99b92bad52d17f08a70e94eb87350d83e750038847502d82d6948f8952ea49		Sequence verified; complete discovery scores retained; frozen selections copied exactly
data/work/receptor_models/decoy_0402.pdb	193925	25038ad7ffc0dc3af064b77bbfe3ede774f87fc7e8d6013283d60c56a839dc25		Sequence verified; complete discovery scores retained; frozen selections copied exactly
data/work/receptor_models/decoy_0403.pdb	198005	523ccc789318149cb5492c0e849d3674a44bd6230482676b86880445fbbc9259		Sequence verified; complete discovery scores retained; frozen selections copied exactly
data/work/receptor_models/decoy_0404.pdb	194165	754addbf715b74d74bc22c633583775a67f9136e4ce8f9f99751693b00a11277		Sequence verified; complete discovery scores retained; frozen selections copied exactly
data/work/receptor_models/decoy_0405.pdb	198565	4f05346a879bc9d8c3cbb73aa2720b8d282270aa4b4655982af8a8f60d4653ee	data/processed/frozen_candidates/decoy_0405.pdb	Sequence verified; complete discovery scores retained; frozen selections copied exactly
data/work/receptor_models/decoy_0406.pdb	197445	3a9bb0302503ee17334092ba8c44851c13a094d6c66a8e53a0377c0431821ad2		Sequence verified; complete discovery scores retained; frozen selections copied exactly
data/work/receptor_models/decoy_0407.pdb	199125	bff318ce0116958e2b63807e1a807b94cb00893d239134bfea21345abb28670b		Sequence verified; complete discovery scores retained; frozen selections copied exactly
data/work/receptor_models/decoy_0408.pdb	198245	3a2a7fc9ea06e5f80f11babc6b9959be1955f1c83ca1c6e0ee3bc9913c506d71		Sequence verified; complete discovery scores retained; frozen selections copied exactly
data/work/receptor_models/decoy_0409.pdb	198565	9b08d4ac27c5be87fa3aab5d6e03d313cb9a707121a17e64f749ea3a2391393c		Sequence verified; complete discovery scores retained; frozen selections copied exactly
data/work/receptor_models/decoy_0410.pdb	197685	5e541e5842065316d1a54e7f57591a175ec9aa69d03ebef2e1d414834764c34c		Sequence verified; complete discovery scores retained; frozen selections copied exactly
data/work/receptor_models/decoy_0411.pdb	198005	019b3d9616dcb8904617d8a28b087ee721068d9ddddd41c5d0925990d8bb9d52		Sequence verified; complete discovery scores retained; frozen selections copied exactly
data/work/receptor_models/decoy_0412.pdb	198405	74d4262d172b5c8e3195c11477b19d8e5a7dbcfc2565287b0ab3dac5daee4537		Sequence verified; complete discovery scores retained; frozen selections copied exactly
data/work/receptor_models/decoy_0413.pdb	196325	be4197450d8485beeb0094591de9c8d19012e554bc1afe536f601873fee1701c		Sequence verified; complete discovery scores retained; frozen selections copied exactly
data/work/receptor_models/decoy_0414.pdb	198805	62110d9abc193f242fc3342954211ca9e379f670da4e9af0f6109a4c831b4178		Sequence verified; complete discovery scores retained; frozen selections copied exactly
data/work/receptor_models/decoy_0415.pdb	198805	efabc6aabc77a0684529f6458bb56be111181ed8e25b888194a889ee3e2f7b02		Sequence verified; complete discovery scores retained; frozen selections copied exactly
data/work/receptor_models/decoy_0416.pdb	199045	ff99e3ebddef8c69e1653390a68938254d908e2206e8728ab90f8f94d62b3bd3		Sequence verified; complete discovery scores retained; frozen selections copied exactly
data/work/receptor_models/decoy_0417.pdb	197445	a1c2a87ae41edb9a0ad55f235cc93d7322d35ed482a1b4b9fee79f94f2b36fcd		Sequence verified; complete discovery scores retained; frozen selections copied exactly
data/work/receptor_models/decoy_0418.pdb	197365	8949356ba4ce56576a3a75ed0ae5d2249710000dc055660a0e77b609cb7cde38		Sequence verified; complete discovery scores retained; frozen selections copied exactly
data/work/receptor_models/decoy_0419.pdb	199925	9c49c3193a0dabf42b6016eecb912c670b006d6f8513bfabdfef6e5062c26fc6		Sequence verified; complete discovery scores retained; frozen selections copied exactly
data/work/receptor_models/decoy_0420.pdb	197125	69d4603f38387535182bfd691377175a072c3e265e7c99132662b0dfd7effa1e		Sequence verified; complete discovery scores retained; frozen selections copied exactly
data/work/receptor_models/decoy_0421.pdb	196965	9855c98e53d8d39591f69cf791187cf1ba57c890e2b223149b803a4f97f1561e		Sequence verified; complete discovery scores retained; frozen selections copied exactly
data/work/receptor_models/decoy_0422.pdb	196085	9109b428461ff0adfc7d3ecb5607521b224287dcd0c1a3e46f03daf35c2a3f78		Sequence verified; complete discovery scores retained; frozen selections copied exactly
data/work/receptor_models/decoy_0423.pdb	198005	28f2cb3a80adfd0a745f3eb9156ff4c92634a1e602689fc9a82021ba69ceb0c6		Sequence verified; complete discovery scores retained; frozen selections copied exactly
data/work/receptor_models/decoy_0424.pdb	197685	3bd6b9bacf4f732f35ffcbd079e293cba8adb3d60435f2731b95953662a1f0b4		Sequence verified; complete discovery scores retained; frozen selections copied exactly
data/work/receptor_models/decoy_0425.pdb	198405	2add53f9a0a483a801bbdada9d0c8c7893b278fcaddf46024256d5728fd3648b		Sequence verified; complete discovery scores retained; frozen selections copied exactly
data/work/receptor_models/decoy_0426.pdb	199205	bbf4766039f08ca853ab1e524d57463027315208035987b055212e0731a8143a		Sequence verified; complete discovery scores retained; frozen selections copied exactly
data/work/receptor_models/decoy_0427.pdb	198725	322c89c3701779fbfae311ff95bd3b3db9d6e1198c7a45d69f73939fe4490017		Sequence verified; complete discovery scores retained; frozen selections copied exactly
data/work/receptor_models/decoy_0428.pdb	199525	3c9f3fb21c03e696e37d883d9ababe657c62e415bba677f7212c2558cc441be5		Sequence verified; complete discovery scores retained; frozen selections copied exactly
data/work/receptor_models/decoy_0429.pdb	196085	f8f5b2a13d4d6d3324a58b0236fc95e6e9c70aacb4adee902cddda4fecf8cce0		Sequence verified; complete discovery scores retained; frozen selections copied exactly
data/work/receptor_models/decoy_0430.pdb	194645	cab451c2f1e4b6c964a78da0d3366a7d9dc4ef5bddc14c69374bafe6afcdd2cd		Sequence verified; complete discovery scores retained; frozen selections copied exactly
data/work/receptor_models/decoy_0431.pdb	198005	0331726ffe724065a0141aa5c2dd1d1341dc8601d8b48bafb086c7a3823266f1		Sequence verified; complete discovery scores retained; frozen selections copied exactly
data/work/receptor_models/decoy_0432.pdb	197365	ba5923901c01322671f33b04aa7727e2922da104c172ad0c61f02cda1e75dd6a		Sequence verified; complete discovery scores retained; frozen selections copied exactly
data/work/receptor_models/decoy_0433.pdb	197285	915769e1cd1b7ab472d14e9e82170728dd9839e632064b3ac0784a1ccab300a6		Sequence verified; complete discovery scores retained; frozen selections copied exactly
data/work/receptor_models/decoy_0434.pdb	198485	af47bdb445ee2f8d1354ce6a3204027d6873261e277bde6e80a108bcb78ba9da		Sequence verified; complete discovery scores retained; frozen selections copied exactly
data/work/receptor_models/decoy_0435.pdb	198485	b4567c88f11554555e6a166e1292633cdb78ea61dce9866a03b032775d7a55ae		Sequence verified; complete discovery scores retained; frozen selections copied exactly
data/work/receptor_models/decoy_0436.pdb	198245	d8001b879472be9b6165898ced68d533a8dd9768a208110cbefca157aed3776b		Sequence verified; complete discovery scores retained; frozen selections copied exactly
data/work/receptor_models/decoy_0437.pdb	197925	e71c42475d838ad868062294ab0b370236d5a80bcac4226b7e5c312924368f46		Sequence verified; complete discovery scores retained; frozen selections copied exactly
data/work/receptor_models/decoy_0438.pdb	199685	16f9066fc1738d7dafb89ee18657eaef1c83089a8d0870e5c2f417087695edd9		Sequence verified; complete discovery scores retained; frozen selections copied exactly
data/work/receptor_models/decoy_0439.pdb	195765	33377875790eaf272e90a19abeffff4e3ec98e3fa9c373e9ad33681388820608		Sequence verified; complete discovery scores retained; frozen selections copied exactly
data/work/receptor_models/decoy_0440.pdb	197605	3c11ce5dff8448b6635b7cda330fbd24e4ea157695e310f8844fb3f58f4e5f2c		Sequence verified; complete discovery scores retained; frozen selections copied exactly
data/work/receptor_models/decoy_0441.pdb	197605	f368a558404626c079714dc0c00dfa63a08cb0ce673eca5ec7ba50c9be18fa7a	data/processed/frozen_candidates/decoy_0441.pdb	Sequence verified; complete discovery scores retained; frozen selections copied exactly
data/work/receptor_models/decoy_0442.pdb	196885	8ef2a9f4658c5a31a53742e6bc2bd7b2b347f6ac863f4f1ca77ca2b9aad0da1a		Sequence verified; complete discovery scores retained; frozen selections copied exactly
data/work/receptor_models/decoy_0443.pdb	195285	522bb19fd92fa0d7a5aac8dac68e2c859c97e68e62c95a410b0f62409b5c6e41		Sequence verified; complete discovery scores retained; frozen selections copied exactly
data/work/receptor_models/decoy_0444.pdb	198725	d3e36e6a391b30ded5094bfe6743b9fcc5868991bb96aedfe19d989703161b77		Sequence verified; complete discovery scores retained; frozen selections copied exactly
data/work/receptor_models/decoy_0445.pdb	199605	e19e147576276c879dbc6a47de04c9dc49fd133770534873f5dc9b023de5ed64		Sequence verified; complete discovery scores retained; frozen selections copied exactly
data/work/receptor_models/decoy_0446.pdb	196965	d2c29519c60d611c7875bd1288878eaf70a46bf1234d3e42db3a050ba76f7fff		Sequence verified; complete discovery scores retained; frozen selections copied exactly
data/work/receptor_models/decoy_0447.pdb	197045	53efe34ef555e5435c4b74647682aee1e4e3529123ca3c29ceb661f12c60ac3b		Sequence verified; complete discovery scores retained; frozen selections copied exactly
data/work/receptor_models/decoy_0448.pdb	197685	62f16172f49f7c0ca66fa4267f7a04ae4c93686f2db3fe1d420ca01a2501bbf6		Sequence verified; complete discovery scores retained; frozen selections copied exactly
data/work/receptor_models/decoy_0449.pdb	197605	e34b6a11e32d5fdb6d5264dfd9e2f81f86e724d056861140e50e1bda7e9f5bb9		Sequence verified; complete discovery scores retained; frozen selections copied exactly
data/work/receptor_models/decoy_0450.pdb	197525	85ce70f8ba16808781c65374be04b8d37f5c8c4157691346551c8b717da8f4b7		Sequence verified; complete discovery scores retained; frozen selections copied exactly
data/work/receptor_models/decoy_0451.pdb	197125	cfa1fe91482b6592a171bfd4e66cc562e4b3a4d3f0f296d2631101a0a5ad922c		Sequence verified; complete discovery scores retained; frozen selections copied exactly
data/work/receptor_models/decoy_0452.pdb	198085	f1a80c37467aa36195a0d7e99f4245ab1bf208457ff553daf21e995f914643c9		Sequence verified; complete discovery scores retained; frozen selections copied exactly
data/work/receptor_models/decoy_0453.pdb	198325	a108c42dd4205ce8659e4203657720691c0deb74a9a5062ebea6da1eb9f264ce		Sequence verified; complete discovery scores retained; frozen selections copied exactly
data/work/receptor_models/decoy_0454.pdb	197205	79be25188644eea9812b55944ef30608b2eb40a77e0be74e4fa9fa5d09b6f54b		Sequence verified; complete discovery scores retained; frozen selections copied exactly
data/work/receptor_models/decoy_0455.pdb	197765	48f6b94b34a514480c1bfdbbefc808637a42ead03463923ae1ddb064b7cb10c1		Sequence verified; complete discovery scores retained; frozen selections copied exactly
data/work/receptor_models/decoy_0456.pdb	198805	d4073790144c08cf432ff95965dc82ec0cea0fa2a863730e29f81afa41632766		Sequence verified; complete discovery scores retained; frozen selections copied exactly
data/work/receptor_models/decoy_0457.pdb	195925	8cd7f3bad10e51e346032d39fce4ddca8057984e2f684d887f63779650141d5c		Sequence verified; complete discovery scores retained; frozen selections copied exactly
data/work/receptor_models/decoy_0458.pdb	198485	399ee62fdf650d6f00c645f63ce20a590f15e6a55e481f8a68b73c3835ac27c0		Sequence verified; complete discovery scores retained; frozen selections copied exactly
data/work/receptor_models/decoy_0459.pdb	196965	90728c24a5161370ff20ea3c7475fdd1ffe7d13e296fa9c96da001826dcefc87		Sequence verified; complete discovery scores retained; frozen selections copied exactly
data/work/receptor_models/decoy_0460.pdb	196405	01d19a3ffb3f22d8ce7b15452050f99353c59e2bfcda9167f16d4c3ec9be62e7		Sequence verified; complete discovery scores retained; frozen selections copied exactly
data/work/receptor_models/decoy_0461.pdb	195525	632eb8f99f560910aa6f21b1e2983c6b48a4f86b6a8667da0943482ab6a77ca4		Sequence verified; complete discovery scores retained; frozen selections copied exactly
data/work/receptor_models/decoy_0462.pdb	199685	cda5c857550d6c8bb44b9c0b5eae5bc6798b3590c6f00df08199e4bb40a3b928		Sequence verified; complete discovery scores retained; frozen selections copied exactly
data/work/receptor_models/decoy_0463.pdb	195205	16a19141b0de08fe14ae932a6f28ac9bc05e5f9b1540cc822008da6354bd03f5		Sequence verified; complete discovery scores retained; frozen selections copied exactly
data/work/receptor_models/decoy_0464.pdb	198405	46d4ee84d0a46dba414bb56168b7e0e4ec679439a967ba6a71e23d227b58fedd		Sequence verified; complete discovery scores retained; frozen selections copied exactly
data/work/receptor_models/decoy_0465.pdb	198805	7878105acd467a1733d44d881d1b227deb538fc2db05d485eb1830a81ebb3403		Sequence verified; complete discovery scores retained; frozen selections copied exactly
data/work/receptor_models/decoy_0466.pdb	195685	2f5cd824f2ee88886ae7521486860e7f0da1fff886c6fad8a955170374e5a40c		Sequence verified; complete discovery scores retained; frozen selections copied exactly
data/work/receptor_models/decoy_0467.pdb	194885	0a1bd4cc1603031a7764738f5aedd3854929e19b9a66d4273b6105f6b732c53c		Sequence verified; complete discovery scores retained; frozen selections copied exactly
data/work/receptor_models/decoy_0468.pdb	198005	48d7965b03f7732d1e897016e5673d6d7e9d3b4dea5134069417185048719792		Sequence verified; complete discovery scores retained; frozen selections copied exactly
data/work/receptor_models/decoy_0469.pdb	198245	a522661ba46cfb647ed399472ce375b121d0481c981ab1152a6f8428a68e5a7e		Sequence verified; complete discovery scores retained; frozen selections copied exactly
data/work/receptor_models/decoy_0470.pdb	198485	cbb92509594ce0bbe4009b5d5c30876992877430370023776de641de3b22115e		Sequence verified; complete discovery scores retained; frozen selections copied exactly
data/work/receptor_models/decoy_0471.pdb	198405	46cf584f80b08b9bedb85aae33d16e2b47d16fb2e65cc0576c22d14d0b47a16c		Sequence verified; complete discovery scores retained; frozen selections copied exactly
data/work/receptor_models/decoy_0472.pdb	197125	2ecf30f75068ead08effeb254dfae61c68245ae3062c5bd788e42ad0dd73dcdf		Sequence verified; complete discovery scores retained; frozen selections copied exactly
data/work/receptor_models/decoy_0473.pdb	195045	fd198d44b1b111069bde4f1a90c0ea0f93ecd02888649e79a84b4684149b5609		Sequence verified; complete discovery scores retained; frozen selections copied exactly
data/work/receptor_models/decoy_0474.pdb	197845	68ca7e102ba06773368858371f1abbacd0775386836580f52af0c39dc1232dcd		Sequence verified; complete discovery scores retained; frozen selections copied exactly
data/work/receptor_models/decoy_0475.pdb	196245	36476bf7d1d29a84c20ec51e35dc3eb331366d8f0f0d01193df792f7d91ac071		Sequence verified; complete discovery scores retained; frozen selections copied exactly
data/work/receptor_models/decoy_0476.pdb	200005	65b46634c2f0ce7c4b90f0114d9661c274af85f7343a8c855ab2a20544386600	data/processed/frozen_candidates/decoy_0476.pdb	Sequence verified; complete discovery scores retained; frozen selections copied exactly
data/work/receptor_models/decoy_0477.pdb	198565	e278b7e367529eb04d111f4eacf64919e9d099313631e16daaef991092492f3d		Sequence verified; complete discovery scores retained; frozen selections copied exactly
data/work/receptor_models/decoy_0478.pdb	197445	28521b8321929659412d71f322a84117ed8f9bc9a222de0f5e4355563559908c		Sequence verified; complete discovery scores retained; frozen selections copied exactly
data/work/receptor_models/decoy_0479.pdb	195285	bd3ab5688b74eb32f819428e192ae32bcaaddcddde3d870df7e19cf5c79e98b6		Sequence verified; complete discovery scores retained; frozen selections copied exactly
data/work/receptor_models/decoy_0480.pdb	194565	f5b04da7ae72ebc980ccb284481b0e6c7e6072af5fd1c4946cacb30cd82af29b		Sequence verified; complete discovery scores retained; frozen selections copied exactly
data/work/receptor_models/decoy_0481.pdb	198085	0f0dd72d9dd6df2035c290fe81f52a0843247cf7ec3f9c1fadd9e4acbb81278a	data/processed/frozen_candidates/decoy_0481.pdb	Sequence verified; complete discovery scores retained; frozen selections copied exactly
data/work/receptor_models/decoy_0482.pdb	194645	e5735eb132deea5f333b7abf9e420c25de8ac1fd4a3bcc496ff68c5df1aa164b		Sequence verified; complete discovery scores retained; frozen selections copied exactly
data/work/receptor_models/decoy_0483.pdb	197925	84ada6a8d86dba838ccecce542fe0efa5572fcd2f50e0c4366f9b3e761c9dc4d		Sequence verified; complete discovery scores retained; frozen selections copied exactly
data/work/receptor_models/decoy_0484.pdb	198885	8a0c28a34a640eb7d07ff37303c30c99d001328a00a87abb2d7a57c3e1ba2b16		Sequence verified; complete discovery scores retained; frozen selections copied exactly
data/work/receptor_models/decoy_0485.pdb	195205	f5eb145438e64c0676760762934f32f27e6ed5b5c8e0fafe4f3b8293534df8ce		Sequence verified; complete discovery scores retained; frozen selections copied exactly
data/work/receptor_models/decoy_0486.pdb	194085	9869f5d9787c6716d2aaeaf5f0869fac75709bb2b99fe3f9c1a1595957d32149		Sequence verified; complete discovery scores retained; frozen selections copied exactly
data/work/receptor_models/decoy_0487.pdb	196565	a7da012ba703e33d46e29dbd1440799cf7636b8be88e218421c33a9bc33e985e		Sequence verified; complete discovery scores retained; frozen selections copied exactly
data/work/receptor_models/decoy_0488.pdb	194725	14f78f201a0bb2962741c9688dcafa5c8913d1ced6b7df6d13ee3d56c9c4bff4		Sequence verified; complete discovery scores retained; frozen selections copied exactly
data/work/receptor_models/decoy_0489.pdb	198245	ae5b9dda7f0aac649c9df95c7c7a2834f8846d8f609732afa0f0fdd9ef311847		Sequence verified; complete discovery scores retained; frozen selections copied exactly
data/work/receptor_models/decoy_0490.pdb	198485	71b6913a923860b62c2349b3c586f7c7706552921ec6d88eee81b4761d2066fa		Sequence verified; complete discovery scores retained; frozen selections copied exactly
data/work/receptor_models/decoy_0491.pdb	194965	172e6320f2a15f274b41fdcc42b550d4b745bbc728f093f5027f6d63df2ba573		Sequence verified; complete discovery scores retained; frozen selections copied exactly
data/work/receptor_models/decoy_0492.pdb	197925	a793650a9366bdbc7378bc99dc20c8daee5a3747e0b6b2562e8f14ce177b3216		Sequence verified; complete discovery scores retained; frozen selections copied exactly
data/work/receptor_models/decoy_0493.pdb	196805	4c8db97ecfa33bd7927097173c79969786d6b6412bcc8c68385c74f041187a21		Sequence verified; complete discovery scores retained; frozen selections copied exactly
data/work/receptor_models/decoy_0494.pdb	197045	9905f595c07c68da0637a24fdfc8f2ed3a4f65d9f41e8296de353208ae6f8b82		Sequence verified; complete discovery scores retained; frozen selections copied exactly
data/work/receptor_models/decoy_0495.pdb	199365	acac29adfff8c75458b12e445bac98898d389858fbb568bb8b5b9176a1dc80ef		Sequence verified; complete discovery scores retained; frozen selections copied exactly
data/work/receptor_models/decoy_0496.pdb	198005	59c0105aef99da4f498418db7abe5126e8cba37a5b7b2da85d7c94a2c210c756		Sequence verified; complete discovery scores retained; frozen selections copied exactly
data/work/receptor_models/decoy_0497.pdb	195045	585749d3935184392d921cb7814984cdbbb1d81eb00de23f203f1524848e1d92		Sequence verified; complete discovery scores retained; frozen selections copied exactly
data/work/receptor_models/decoy_0498.pdb	199845	235c9e864354ada5d30fff6387752257733a5af61d97b0c16b4e3b5da75a8543		Sequence verified; complete discovery scores retained; frozen selections copied exactly
data/work/receptor_models/decoy_0499.pdb	199365	0d62ba379912f5efae9f3561f5b4dab551ab2b6451cf0bcb27d9fa7ccbdd92c4		Sequence verified; complete discovery scores retained; frozen selections copied exactly
data/work/receptor_models/decoy_0500.pdb	197365	ee2a1684b31bcf03b5d494486894c7842f09e0fe243157e8ce0b2021edc8c3e4		Sequence verified; complete discovery scores retained; frozen selections copied exactly
data/work/receptor_models/decoy_0501.pdb	199285	dc1509671994b054dd94a7ff423380d8ca6de499ad05bafba8a56b719e5fbc6a		Sequence verified; complete discovery scores retained; frozen selections copied exactly
data/work/receptor_models/decoy_0502.pdb	196005	e6bb5d9b3de80331a5be202185fcd903438976158286e78777e16fdfe8b59ed7		Sequence verified; complete discovery scores retained; frozen selections copied exactly
data/work/receptor_models/decoy_0503.pdb	195845	1bb99ed3dd3f5304082c1f93ffc37bf71057eb05be898f24cb5cfa307c33f8cb		Sequence verified; complete discovery scores retained; frozen selections copied exactly
data/work/receptor_models/decoy_0504.pdb	198085	26a184094444a93c9aaeee329a9db8e5f79f15daf845618629df2cbf35c9cba4		Sequence verified; complete discovery scores retained; frozen selections copied exactly
data/work/receptor_models/decoy_0505.pdb	195525	cdd308626f5bbf9e6bbf2c3dbbf47d0cdbb370b818442187a74ea2e940f83de0		Sequence verified; complete discovery scores retained; frozen selections copied exactly
data/work/receptor_models/decoy_0506.pdb	198965	639e8e0146e630eecc542d4cb054124718e18d01e8ba5db9db6b3c4d412a71f1		Sequence verified; complete discovery scores retained; frozen selections copied exactly
data/work/receptor_models/decoy_0507.pdb	197445	053e38cd16cc99c714a9eb3587a3144844b042efef127fe416324243441b455b		Sequence verified; complete discovery scores retained; frozen selections copied exactly
data/work/receptor_models/decoy_0508.pdb	197285	8b8216ff02e8b487627d2d544423acf22f1f9aa2ee61177f374cf1454d6613b3		Sequence verified; complete discovery scores retained; frozen selections copied exactly
data/work/receptor_models/decoy_0509.pdb	197845	054bd2a16db7532dbe891bee0127879829c28f4afa55f18a6df55fdd9a12a912		Sequence verified; complete discovery scores retained; frozen selections copied exactly
data/work/receptor_models/decoy_0510.pdb	197045	97939a0ca448c176a10c7ccd0f45fcf56566f796cf6e9dfb8410034fb6ce9649		Sequence verified; complete discovery scores retained; frozen selections copied exactly
data/work/receptor_models/decoy_0511.pdb	194965	827f8370f120a53b9d5cb2177f17d0481bff97a460989280478a96c3c23649d8		Sequence verified; complete discovery scores retained; frozen selections copied exactly
data/work/receptor_models/decoy_0512.pdb	199605	bbda35f42990142643e249463a7d66c3ce0d923e8a52a576c7f21e10be2df6de		Sequence verified; complete discovery scores retained; frozen selections copied exactly
data/work/receptor_models/decoy_0513.pdb	198405	99ecde84b61160d66de0583cabfd40cdf355bce81e1f2a83799293de0053a6f5		Sequence verified; complete discovery scores retained; frozen selections copied exactly
data/work/receptor_models/decoy_0514.pdb	198725	6c51c40ec4e0a6965f7afa7ca2e0c4ab47585daf37320d7b3e01ed5ecc448ac2		Sequence verified; complete discovery scores retained; frozen selections copied exactly
data/work/receptor_models/decoy_0515.pdb	199045	fd7cf71daaa2b57980737d3f46a0c083a51ba67679ed8f0e2b3e32d6a5be0bd9		Sequence verified; complete discovery scores retained; frozen selections copied exactly
data/work/receptor_models/decoy_0516.pdb	195285	8a6a76028487bb11339409d28558ce0b951e1c66c65a9e260796988eaa5ef23c		Sequence verified; complete discovery scores retained; frozen selections copied exactly
data/work/receptor_models/decoy_0517.pdb	198885	5990779a73fc2e631e01f3141cba60a46355552177a43dded85fb8809f3d7575		Sequence verified; complete discovery scores retained; frozen selections copied exactly
data/work/receptor_models/decoy_0518.pdb	198405	1a79f6f472a8f4127ede2656076d296a85e7c4a8c46abeeca6c137a9135af256		Sequence verified; complete discovery scores retained; frozen selections copied exactly
data/work/receptor_models/decoy_0519.pdb	197205	a5857525c462ec6ad885642e50c7e1f288057d9ae3b081a532d2a3f971d2a05e		Sequence verified; complete discovery scores retained; frozen selections copied exactly
data/work/receptor_models/decoy_0520.pdb	199285	24c1a32b75073e0ada1b1d28a6bd773e4578ea9f0ca954194bb0e328de6f6473		Sequence verified; complete discovery scores retained; frozen selections copied exactly
data/work/receptor_models/decoy_0521.pdb	196405	e262f59de207040db7c7231c5c45400d1d47827f37eebea8caf6e4475c6d261d		Sequence verified; complete discovery scores retained; frozen selections copied exactly
data/work/receptor_models/decoy_0522.pdb	196005	54ac113eb70cd38806544d5dd903449807a3d6ea3ebd16350ed050af98fdf13c		Sequence verified; complete discovery scores retained; frozen selections copied exactly
data/work/receptor_models/decoy_0523.pdb	198325	24e27998a96ae882d39b0dd9c2f8cb6bdda35e1a9fe69ba908c4359bb3215688	data/processed/frozen_candidates/decoy_0523.pdb	Sequence verified; complete discovery scores retained; frozen selections copied exactly
data/work/receptor_models/decoy_0524.pdb	195765	595d5991b0d0b7a3c3a157da2c70db0b1afb4fe64caaaa02e04e5229f6caf5aa		Sequence verified; complete discovery scores retained; frozen selections copied exactly
data/work/receptor_models/decoy_0525.pdb	199205	e5f9600c84d708ca441c4d7cb618eed252e5cde0eb0f1a8cb366c0864cf460c9		Sequence verified; complete discovery scores retained; frozen selections copied exactly
data/work/receptor_models/decoy_0526.pdb	195685	4385796a98d12b46272763f13ada78b436e3aec8de062f6e3447e4e5e7786186		Sequence verified; complete discovery scores retained; frozen selections copied exactly
data/work/receptor_models/decoy_0527.pdb	198165	64ea22e2dde403ee2b341e4618698b45519fa4e3470e8fb5035c0bd795e4e790		Sequence verified; complete discovery scores retained; frozen selections copied exactly
data/work/receptor_models/decoy_0528.pdb	198565	e1dc10ae08c876e407146f2d2245ce5b1bb5516fa4e3c64a51f7202a2566653e		Sequence verified; complete discovery scores retained; frozen selections copied exactly
data/work/receptor_models/decoy_0529.pdb	197045	561f07e74dffa7e74435c27e6edbd5e5647b2d3dfcb03ba259d058694a0e203a		Sequence verified; complete discovery scores retained; frozen selections copied exactly
data/work/receptor_models/decoy_0530.pdb	194965	eb611eb2919bc68301769b61918563d2337d2ccc7474bcedf91007fce797709f		Sequence verified; complete discovery scores retained; frozen selections copied exactly
data/work/receptor_models/decoy_0531.pdb	199285	7a868a1a3087f15c1507f0950d29163f838bfedb59f19cc3e9e79a039aa025f7		Sequence verified; complete discovery scores retained; frozen selections copied exactly
data/work/receptor_models/decoy_0532.pdb	198165	86072c0eb79547bccd2616f58965b96f9c0468b4ac623f883a5ccf1c72993b24		Sequence verified; complete discovery scores retained; frozen selections copied exactly
data/work/receptor_models/decoy_0533.pdb	198005	64b14cdde45685f30df8226f4ea3406d56ff925eff53e17952c93e344a97b05e		Sequence verified; complete discovery scores retained; frozen selections copied exactly
data/work/receptor_models/decoy_0534.pdb	199765	2b1af7f55eedeeca6f6e46341708bce0749a1906a06c4c42c4e9a015d29a8ba2		Sequence verified; complete discovery scores retained; frozen selections copied exactly
data/work/receptor_models/decoy_0535.pdb	196165	a72650ec69f1e1ba5b72a2aee2063c436d0f260a227a531fb68d572c6caa49ae		Sequence verified; complete discovery scores retained; frozen selections copied exactly
data/work/receptor_models/decoy_0536.pdb	194165	88d9c61fdd26cc4bc8738190e57114a7d3309a1f474a66f65b34cc9ea6781199		Sequence verified; complete discovery scores retained; frozen selections copied exactly
data/work/receptor_models/decoy_0537.pdb	197125	8dc00b5d48ba6dbd261f78efd9c60194f17b8d6a43929482570339655a2d0218		Sequence verified; complete discovery scores retained; frozen selections copied exactly
data/work/receptor_models/decoy_0538.pdb	199365	7dc723cf61f0c3ae98acc721d106c2e75ba85cd5a0872b29efe47f201c098f32		Sequence verified; complete discovery scores retained; frozen selections copied exactly
data/work/receptor_models/decoy_0539.pdb	197925	137389f8d45cf927e1542bae4c730e8501105f7e4584d3bed1f4a691f42a658c		Sequence verified; complete discovery scores retained; frozen selections copied exactly
data/work/receptor_models/decoy_0540.pdb	196885	edc4374b63d165a44baa0da4b5d669b1f6354a549f20507902f5f10a09608f07		Sequence verified; complete discovery scores retained; frozen selections copied exactly
data/work/receptor_models/decoy_0541.pdb	198485	6594ae39cf3fa9d551e8dbe3c3a6b61b4372d4cfa383a03e6746c88efa679825		Sequence verified; complete discovery scores retained; frozen selections copied exactly
data/work/receptor_models/decoy_0542.pdb	195605	b7060ad9748098b06fdde8df47f3911beb7e0b40ff4ecf7344ebd1aa4027e100		Sequence verified; complete discovery scores retained; frozen selections copied exactly
data/work/receptor_models/decoy_0543.pdb	197605	6d4eb8a3b93329973998b58249c611d3e5d8a5aec76d777ccc6493b5a40d030f		Sequence verified; complete discovery scores retained; frozen selections copied exactly
data/work/receptor_models/decoy_0544.pdb	197765	d4bc828b390fc804f29befd568fa70cbe4c9d7cf11c44b131795fa7ad588c8e5		Sequence verified; complete discovery scores retained; frozen selections copied exactly
data/work/receptor_models/decoy_0545.pdb	195845	241a37e33230504496eb6e120e36a0dafff5dae42dd3dae9b82ac8778bc2e4ce		Sequence verified; complete discovery scores retained; frozen selections copied exactly
data/work/receptor_models/decoy_0546.pdb	197125	9fa7ef7f409c7c15153680f9124ecb6ad3d52155a3475aeedcfeb8d288697445		Sequence verified; complete discovery scores retained; frozen selections copied exactly
data/work/receptor_models/decoy_0547.pdb	195045	db221b3e94cadfc4da42ff1024f38682eb9ba8bcfabff4b3add7a96f1e45f4e7		Sequence verified; complete discovery scores retained; frozen selections copied exactly
data/work/receptor_models/decoy_0548.pdb	198405	cac0dd74e6726f05a08f60f5188f295e24ada55fb2349e1cb85efb6fafab0dcc		Sequence verified; complete discovery scores retained; frozen selections copied exactly
data/work/receptor_models/decoy_0549.pdb	197525	4ebaec96ebd38339d03670ddb473c3d30ceb0d3017ca3aa54868869060f7842b		Sequence verified; complete discovery scores retained; frozen selections copied exactly
data/work/receptor_models/decoy_0550.pdb	197285	36498af4828054eb8a942ba2938f51d75d1e16cfdf7921cfbda2d770ee8783a2		Sequence verified; complete discovery scores retained; frozen selections copied exactly
data/work/receptor_models/decoy_0551.pdb	194485	5a1d3517e0a9d97b7b520e6c38a290139bfd789a04841fb2f89d18f8cf49af27		Sequence verified; complete discovery scores retained; frozen selections copied exactly
data/work/receptor_models/decoy_0552.pdb	196565	fb351624df4275629ed2cf8a6e2986912b751da3ec38570be7d49d56141d5e6d	data/processed/frozen_candidates/decoy_0552.pdb	Sequence verified; complete discovery scores retained; frozen selections copied exactly
data/work/receptor_models/decoy_0553.pdb	196965	417f612eae1a972d5c3eeeb28cab3dea400f65e05a7cae84bb24a522402d81c2		Sequence verified; complete discovery scores retained; frozen selections copied exactly
data/work/receptor_models/decoy_0554.pdb	197365	87f8cd09f3b8ec30cdceeeeab407028dcb91e301cce90d4a09cd73321bb69595		Sequence verified; complete discovery scores retained; frozen selections copied exactly
data/work/receptor_models/decoy_0555.pdb	197445	fec1c95fca606f3a823083094057e19db88df5cf3bfe1dff743d4e9706959170		Sequence verified; complete discovery scores retained; frozen selections copied exactly
data/work/receptor_models/decoy_0556.pdb	196325	53a5d5f3728dd2ff6cd8e3e4f2461eb6aa9a7a3caf80220d673bae9a84aab177		Sequence verified; complete discovery scores retained; frozen selections copied exactly
data/work/receptor_models/decoy_0557.pdb	199845	54c26f6bfb6b5529045af2dd46fe5b0fc30b83319a4cb70386e2b96a9ff1602f		Sequence verified; complete discovery scores retained; frozen selections copied exactly
data/work/receptor_models/decoy_0558.pdb	195605	bd9a9e0e87ab2006345ee67e0962f036aa2f06a75142aa866b0745dc07156ca2		Sequence verified; complete discovery scores retained; frozen selections copied exactly
data/work/receptor_models/decoy_0559.pdb	197445	a0c3f0d670dfd135f17620ae8768f0373fcee0a758ba92e09f6d5aabe2f5aab0		Sequence verified; complete discovery scores retained; frozen selections copied exactly
data/work/receptor_models/decoy_0560.pdb	196325	f79a4e1b923371889136ac0b65b0485f39e06ab2cb1dd5a247d51b1452065df4		Sequence verified; complete discovery scores retained; frozen selections copied exactly
data/work/receptor_models/decoy_0561.pdb	197045	c8753488f721befc688e7c8733114bfaa0793d5a2b2506ab6c70ae4c40c66b5e		Sequence verified; complete discovery scores retained; frozen selections copied exactly
data/work/receptor_models/decoy_0562.pdb	195765	7c96b444f6556a239450aec22999bae7b95c4946864377cd492d2f9880309078		Sequence verified; complete discovery scores retained; frozen selections copied exactly
data/work/receptor_models/decoy_0563.pdb	196645	81bbfc573ca296ed6292599122124fcf548683ac266f767515c8056bf2576063		Sequence verified; complete discovery scores retained; frozen selections copied exactly
data/work/receptor_models/decoy_0564.pdb	194965	ded239bc0711ed4a0d1b49087a451c14afb453db02abc43d3cf56973eac38ba6		Sequence verified; complete discovery scores retained; frozen selections copied exactly
data/work/receptor_models/decoy_0565.pdb	197605	7494733247b3db1df950b4737f22354f0a7b2942f54ffff195816817519303a3		Sequence verified; complete discovery scores retained; frozen selections copied exactly
data/work/receptor_models/decoy_0566.pdb	196725	d91c477a515aa08ba9ca498f239d3f0affb2845aceb923412397592347208257		Sequence verified; complete discovery scores retained; frozen selections copied exactly
data/work/receptor_models/decoy_0567.pdb	197685	d6687e82ba202b61efafd5a0ad800503800e8232fb62c19d065c32ebba15d6f6		Sequence verified; complete discovery scores retained; frozen selections copied exactly
data/work/receptor_models/decoy_0568.pdb	197285	5e6aaf0e4659bdafafa3790b76f5eca48498247d8f21d19bbc1b527992f46ce3		Sequence verified; complete discovery scores retained; frozen selections copied exactly
data/work/receptor_models/decoy_0569.pdb	197685	a5ec915028964cf862bb16124b4ffa58c93dfdbbdc442636baa4a0e869a67e38		Sequence verified; complete discovery scores retained; frozen selections copied exactly
data/work/receptor_models/decoy_0570.pdb	193845	57c443e757b3b2bb920564258893785bfef55c96930051c3352402feed1947ee		Sequence verified; complete discovery scores retained; frozen selections copied exactly
data/work/receptor_models/decoy_0571.pdb	200245	f25f11893b83d27eb1910f1d90fd2f6923abcb0764ad742f72d2c0ab6be09f40		Sequence verified; complete discovery scores retained; frozen selections copied exactly
data/work/receptor_models/decoy_0572.pdb	198885	80747c59a7e966e7059f10ec39270d590e697901687e314c036ec684a280ef2e		Sequence verified; complete discovery scores retained; frozen selections copied exactly
data/work/receptor_models/decoy_0573.pdb	198565	1dab8fe913875dc909fbf7ebd9a0fa8d3f0ff669aea24cbe68c45b1e258ad156		Sequence verified; complete discovery scores retained; frozen selections copied exactly
data/work/receptor_models/decoy_0574.pdb	198565	e62da938750c06a60d0afce2c673ea8ee99ded72bc502dcc60e0f3c684d4b212		Sequence verified; complete discovery scores retained; frozen selections copied exactly
data/work/receptor_models/decoy_0575.pdb	198485	b743aebc5a4543b73eae59309c6166f088ffa7eedf63c103a3e6114178119f9e		Sequence verified; complete discovery scores retained; frozen selections copied exactly
data/work/receptor_models/decoy_0576.pdb	200085	4fc34de8bda80c36d576d02ca106be7af1aa90091d44f75c6ee36ccbba47b3a4		Sequence verified; complete discovery scores retained; frozen selections copied exactly
data/work/receptor_models/decoy_0577.pdb	198885	60af4112ffcedd6c1e8b2a0c311c7b32523dcce5d51a7093a763415b95a6f5c7		Sequence verified; complete discovery scores retained; frozen selections copied exactly
data/work/receptor_models/decoy_0578.pdb	198405	0cfe50f631565dfb17b62a587da5af907ebe86f966bdc655f9959f9eeaebb901		Sequence verified; complete discovery scores retained; frozen selections copied exactly
data/work/receptor_models/decoy_0579.pdb	200645	11364884074ee44551050bb40a46782d6c15667578a132250beb02fcb51bf070		Sequence verified; complete discovery scores retained; frozen selections copied exactly
data/work/receptor_models/decoy_0580.pdb	198565	7ce51d1f0f76145c0d44ab22f462c22a54c529e31c9751db2a2ae7fdac028731		Sequence verified; complete discovery scores retained; frozen selections copied exactly
data/work/receptor_models/decoy_0581.pdb	199605	d14d477caa732415f94bf8c63fecade4a0561286be0c57c65dad590f3ceef710		Sequence verified; complete discovery scores retained; frozen selections copied exactly
data/work/receptor_models/decoy_0582.pdb	198165	82e051870931c80d3b57510f6a7418ff092dca085449b7193c6561c6c4039660		Sequence verified; complete discovery scores retained; frozen selections copied exactly
data/work/receptor_models/decoy_0583.pdb	199605	008ff6b20b7f80468b7a65c547913541c0a80b125ea43bcd98f85aa52dab2ea4		Sequence verified; complete discovery scores retained; frozen selections copied exactly
data/work/receptor_models/decoy_0584.pdb	198645	4a026b6c020fcd9920d9a37a78624ccf15330b18b30a9462398cd0ac49225d0d		Sequence verified; complete discovery scores retained; frozen selections copied exactly
data/work/receptor_models/decoy_0585.pdb	198885	2b970dd2139f8c7b7581c317442773bba0f621adfd27e00680453692202b1bce		Sequence verified; complete discovery scores retained; frozen selections copied exactly
data/work/receptor_models/decoy_0586.pdb	199205	c31b6c98dc602a6fab372cdc2c28ebd346a7194d603b22ebcfe8f047b57e8955		Sequence verified; complete discovery scores retained; frozen selections copied exactly
data/work/receptor_models/decoy_0587.pdb	200325	93637393dafb76be88c8bb5b45aaaeb34cfa16bd45b46b985d8666e21dcda7f4		Sequence verified; complete discovery scores retained; frozen selections copied exactly
data/work/receptor_models/decoy_0588.pdb	200405	ae67df0bd41b52adfc3e87b9684d22bb260585835a361c0cddbd072604dd9380		Sequence verified; complete discovery scores retained; frozen selections copied exactly
data/work/receptor_models/decoy_0589.pdb	199125	ea8fda67944a30b3731029a5822e45a379553d81ff5caa703b08bb2e84ca612c		Sequence verified; complete discovery scores retained; frozen selections copied exactly
data/work/receptor_models/decoy_0590.pdb	198245	96f28d0c80020a8c8a24112fa5c836acba9642e39a01211b750f5c971bd3bd38		Sequence verified; complete discovery scores retained; frozen selections copied exactly
data/work/receptor_models/decoy_0591.pdb	198885	7e16cb812c82473d013d122c5a941c1193f131f6200168e379264b088e52c676		Sequence verified; complete discovery scores retained; frozen selections copied exactly
data/work/receptor_models/decoy_0592.pdb	197525	865a4876ea3fd0502726d9b194a2a1b47a63a7fae417bad3dc89d0a1de1b4807		Sequence verified; complete discovery scores retained; frozen selections copied exactly
data/work/receptor_models/decoy_0593.pdb	199045	c1849ad6ecfec9544563a61eeb5b89a2370ecce2a81cd00af7810f0a2f97f263		Sequence verified; complete discovery scores retained; frozen selections copied exactly
data/work/receptor_models/decoy_0594.pdb	199845	47cfcb6f374154bc8217249d4c4e739285ff7d736edbdec56886842acf075af2		Sequence verified; complete discovery scores retained; frozen selections copied exactly
data/work/receptor_models/decoy_0595.pdb	200005	9080af6fa297a31c1329e4d84de168f6b723db6397c377c26e15591577effc4e		Sequence verified; complete discovery scores retained; frozen selections copied exactly
data/work/receptor_models/decoy_0596.pdb	199925	857f18c4d9181e216d56c5b5e081a121ecd2a946996bdc8138ee3058a3c646e7		Sequence verified; complete discovery scores retained; frozen selections copied exactly
data/work/receptor_models/decoy_0597.pdb	199285	e30fe55b123dfdccc4247f1bf405832cb9a9777dd6abbd7b8ebce7e9cd13982e		Sequence verified; complete discovery scores retained; frozen selections copied exactly
data/work/receptor_models/decoy_0598.pdb	199925	7a1ae19ecb9b9134e234a7b79ed0f0084a92f82b90f2efd0f06cbc60abcb0285		Sequence verified; complete discovery scores retained; frozen selections copied exactly
data/work/receptor_models/decoy_0599.pdb	198805	43d595412379ea647ead5b40e1911732e00caedf66e3fff01cec1ae62c76dc25		Sequence verified; complete discovery scores retained; frozen selections copied exactly
data/work/receptor_models/decoy_0600.pdb	199685	96f56fd34fb757a77e51960c449420e4188e34fbdc4cc5e4285949271e998525		Sequence verified; complete discovery scores retained; frozen selections copied exactly
data/work/receptor_models/decoy_0601.pdb	199685	9b68b45f20f5bb8a86756d438881a42587e9eb60846df908c1eb9065cfe6ac85		Sequence verified; complete discovery scores retained; frozen selections copied exactly
data/work/receptor_models/decoy_0602.pdb	198885	da74ce3307b5581ee7316b67176df698cfb930a2db2fbd82aad3608332432724		Sequence verified; complete discovery scores retained; frozen selections copied exactly
data/work/receptor_models/decoy_0603.pdb	199125	46b7cab653b78e42b47c656d6da77e9382b5af4fdbbd70d5322709c5c6ddab86		Sequence verified; complete discovery scores retained; frozen selections copied exactly
data/work/receptor_models/decoy_0604.pdb	198485	6224520a5b990a7027b4d0281c58c44f3f892758f0699e24c9b54e11086c4873		Sequence verified; complete discovery scores retained; frozen selections copied exactly
data/work/receptor_models/decoy_0605.pdb	198645	fa00d3e0cb5e3b3cd02ba82ae710d3fcbae0a1c9a90b6339138cff7125e44330		Sequence verified; complete discovery scores retained; frozen selections copied exactly
data/work/receptor_models/decoy_0606.pdb	201205	cab314b5d36a853aa32be733b849822989313396fe486d7f90938e25a718246e		Sequence verified; complete discovery scores retained; frozen selections copied exactly
data/work/receptor_models/decoy_0607.pdb	199125	39e6efc22763990efd98cd8943d672a73fcde5fd1e6f0954eda593727c674f36		Sequence verified; complete discovery scores retained; frozen selections copied exactly
data/work/receptor_models/decoy_0608.pdb	198805	746b9daafd0c7b8d72559cd5484cfe6f27c0ae004349bc5a9d918abde41f98a7		Sequence verified; complete discovery scores retained; frozen selections copied exactly
data/work/receptor_models/decoy_0609.pdb	199845	2ba4fa71541182428221fce4c8c69491fef79df811fbd7d71ac7e24161fc2507		Sequence verified; complete discovery scores retained; frozen selections copied exactly
data/work/receptor_models/decoy_0610.pdb	198965	3f57a30884580b94dbcab3f2640740d4bfa87c7015a213545a8b89b2a0982891		Sequence verified; complete discovery scores retained; frozen selections copied exactly
data/work/receptor_models/decoy_0611.pdb	199845	8c21de84e6b93d793f7c4dde387bd901d81a0d6f5613e8a0ba3387e0cc20d6de		Sequence verified; complete discovery scores retained; frozen selections copied exactly
data/work/receptor_models/decoy_0612.pdb	198725	5cf32c63902106c581eb9f3f986e332a84473fcdf64419618c617790b574ccc3		Sequence verified; complete discovery scores retained; frozen selections copied exactly
data/work/receptor_models/decoy_0613.pdb	199765	478a4976aca4534bb927d5445c53ca0eca156e6dd0654ce949e183de8f2c8249		Sequence verified; complete discovery scores retained; frozen selections copied exactly
data/work/receptor_models/decoy_0614.pdb	199845	686ea0c5adf3bde8dc19e3df47cb0a655c47c3c44fee18c6b84b1474d0c1058b		Sequence verified; complete discovery scores retained; frozen selections copied exactly
data/work/receptor_models/decoy_0615.pdb	198885	c49bc741ced79a015f76df1c08dbcd5fb8d79fb3baf6e27ef4f14000f92814ea		Sequence verified; complete discovery scores retained; frozen selections copied exactly
data/work/receptor_models/decoy_0616.pdb	199525	798522bfe4148d993b4d10c62001ffd49c0ecada4961a812ac6f19bcdb2e698b		Sequence verified; complete discovery scores retained; frozen selections copied exactly
data/work/receptor_models/decoy_0617.pdb	200485	bc7eb5854cf5a5cf67e65f15b222ffe9124084003bb29f9ed28bf79a71b2baea		Sequence verified; complete discovery scores retained; frozen selections copied exactly
data/work/receptor_models/decoy_0618.pdb	198805	fafcd3e7cca3b2277b001911497311c90bf209eba42caae80724ff08619889e7		Sequence verified; complete discovery scores retained; frozen selections copied exactly
data/work/receptor_models/decoy_0619.pdb	199285	bc2fa723d347cff80d8db48493ed191648f66c48fdd7fa0426f5bfd54d92732a		Sequence verified; complete discovery scores retained; frozen selections copied exactly
data/work/receptor_models/decoy_0620.pdb	200405	c569455f77eb4323be85686d3677d4d6077810af26862b46ec7fdda9ba8aa0b8		Sequence verified; complete discovery scores retained; frozen selections copied exactly
data/work/receptor_models/decoy_0621.pdb	199445	a84e11f95ccc53128d57df0bfb9dbda341537356f151d22c092807a6977ed1a5		Sequence verified; complete discovery scores retained; frozen selections copied exactly
data/work/receptor_models/decoy_0622.pdb	198885	56c2acb22a866486babdaa656c63963f5fdcb46ef2d3f3e450c69f32f9b7520e		Sequence verified; complete discovery scores retained; frozen selections copied exactly
data/work/receptor_models/decoy_0623.pdb	200645	d4d159daaea168529c8fd132c48fe8b13aeb8e2f964512648bba0806efc06a4f		Sequence verified; complete discovery scores retained; frozen selections copied exactly
data/work/receptor_models/decoy_0624.pdb	198805	6c35e3152a0180b811aef398f42a761074524da580e3cc925b5f80fa134948e7		Sequence verified; complete discovery scores retained; frozen selections copied exactly
data/work/receptor_models/decoy_0625.pdb	198485	53d697a88503320c5c769ddb5cf1409503255cf42a669e9bc62d0fc6ebd30c9a		Sequence verified; complete discovery scores retained; frozen selections copied exactly
data/work/receptor_models/decoy_0626.pdb	198085	bf7c924aff877e89f1ae791d57b071ba141cb296ae2859bdae283f369cd6a43c		Sequence verified; complete discovery scores retained; frozen selections copied exactly
data/work/receptor_models/decoy_0627.pdb	198885	2f97934ea405100c9a2d4c94699b9a19f9618a397e826045dce5a0197ac93c36		Sequence verified; complete discovery scores retained; frozen selections copied exactly
data/work/receptor_models/decoy_0628.pdb	199925	9ed83cff968c6b601865b59165670f42c037554b06423836114a3c979263ea39		Sequence verified; complete discovery scores retained; frozen selections copied exactly
data/work/receptor_models/decoy_0629.pdb	199045	716213dfbacb205676f1545ddc0c50870d3b7bb37707e03930a9aa57555675bb		Sequence verified; complete discovery scores retained; frozen selections copied exactly
data/work/receptor_models/decoy_0630.pdb	199845	0b7131900b670beebe63fecb4addfc591e848a9f954347a4b80858f2e16b1120		Sequence verified; complete discovery scores retained; frozen selections copied exactly
data/work/receptor_models/decoy_0631.pdb	199365	37b44a0a869f377eff9f385a52b6808217c0ee3dd5d0857afa2a76953eeb7bea		Sequence verified; complete discovery scores retained; frozen selections copied exactly
data/work/receptor_models/decoy_0632.pdb	199205	30da7072709270ac36455db296a76adfc6d9908cb8ea67a19b2d58d7fa9e10fd		Sequence verified; complete discovery scores retained; frozen selections copied exactly
data/work/receptor_models/decoy_0633.pdb	199445	458048dbc6f1ef87a6527097a81f34ad13ca3effa43ea6085e799a9dbc607a26		Sequence verified; complete discovery scores retained; frozen selections copied exactly
data/work/receptor_models/decoy_0634.pdb	197605	0a10ddc44e3e7537fa8701440301712c93437fe8f8d509c1ef3a6a7a332c9b25		Sequence verified; complete discovery scores retained; frozen selections copied exactly
data/work/receptor_models/decoy_0635.pdb	200325	7e28437533a7dc6571d09a6ebf2368e30201e38f088751e60fbe5f718f02723b		Sequence verified; complete discovery scores retained; frozen selections copied exactly
data/work/receptor_models/decoy_0636.pdb	199845	b955a5dd6310cbcc07911a74c1137f0c79a2cbda8c7a93e71e84ed57e56b22d2		Sequence verified; complete discovery scores retained; frozen selections copied exactly
data/work/receptor_models/decoy_0637.pdb	199205	df9e893d83561a9b559dbefbd0bb15301f66384efd6bd84472f80efda13a7168		Sequence verified; complete discovery scores retained; frozen selections copied exactly
data/work/receptor_models/decoy_0638.pdb	199765	caf31465487e63931e29731f6114b5e0364de409a288231d85655844a0de6982		Sequence verified; complete discovery scores retained; frozen selections copied exactly
data/work/receptor_models/decoy_0639.pdb	200405	046587c2dc429966d72036e3b7fb0c0330bef325d1c9800c9fe3f935c308f70e		Sequence verified; complete discovery scores retained; frozen selections copied exactly
data/work/receptor_models/decoy_0640.pdb	199445	b6456a3e296a2d1408aae0e4315cc451a4b0ac8950c24eb77ca97ef27c527227		Sequence verified; complete discovery scores retained; frozen selections copied exactly
data/work/receptor_models/decoy_0641.pdb	198245	e6243052ce30e3c58aee8d7343032b1c174fb48c95d78d579fcbbde51f679f00		Sequence verified; complete discovery scores retained; frozen selections copied exactly
data/work/receptor_models/decoy_0642.pdb	198485	718510a68a4bf66bd0dbbaaa7da4c3f31455c015ea08788851b0f5abd753c45d		Sequence verified; complete discovery scores retained; frozen selections copied exactly
data/work/receptor_models/decoy_0643.pdb	198085	584992847730e6d9cd9c16f5bd1936c08dc952f0b1116b6198724e5d2cc28b29		Sequence verified; complete discovery scores retained; frozen selections copied exactly
data/work/receptor_models/decoy_0644.pdb	198805	4839dc9c16fcfd8d212b117229ce609c1a6965dcefcb3a2048d6b9e320ea203b		Sequence verified; complete discovery scores retained; frozen selections copied exactly
data/work/receptor_models/decoy_0645.pdb	199765	ed77bcc3d0bd9deb8b2f12aab8d20cde3332d088654da1e2d7327fd1f2bc327d		Sequence verified; complete discovery scores retained; frozen selections copied exactly
data/work/receptor_models/decoy_0646.pdb	198645	3c584c91870c898f8379b16a1565fab70b2628e7d818040b64c9ca5c19d17a3c		Sequence verified; complete discovery scores retained; frozen selections copied exactly
data/work/receptor_models/decoy_0647.pdb	199765	2f0bb9931678c1655d26a341e2cbd2a77c3fefe58e7eab4a2d5e674e809e2986		Sequence verified; complete discovery scores retained; frozen selections copied exactly
data/work/receptor_models/decoy_0648.pdb	200085	d3d0a3ca724fa689b082573dfc72c7c3983f55cdbfdd9cde2118f8432bfb1785		Sequence verified; complete discovery scores retained; frozen selections copied exactly
data/work/receptor_models/decoy_0649.pdb	198245	343ece12e178ef6ec412bb82eb21811a0b0502da3fa94df380e2cc8483dffe82		Sequence verified; complete discovery scores retained; frozen selections copied exactly
data/work/receptor_models/decoy_0650.pdb	198805	d987045348cfaa88b750ad788da623842555486c2940ad87eafdf4c8e1ed7c2a		Sequence verified; complete discovery scores retained; frozen selections copied exactly
data/work/receptor_models/decoy_0651.pdb	199125	22934e6347bef5224008824e2d696d22de3f0a7a8cf22b462d48fdba2e1cc241		Sequence verified; complete discovery scores retained; frozen selections copied exactly
data/work/receptor_models/decoy_0652.pdb	199205	295a0daad909070c8fe2e05985b5611800de6a0b96805d2e98debb4d54232650		Sequence verified; complete discovery scores retained; frozen selections copied exactly
data/work/receptor_models/decoy_0653.pdb	199045	9a7b0b9704ee07bc37f913fb5422138893d2b7be2b5a182d8452bb6ab8b9f9b2		Sequence verified; complete discovery scores retained; frozen selections copied exactly
data/work/receptor_models/decoy_0654.pdb	200325	8dae3ce0c9b0a81528376cebec9b326b994b3708a44bc58fe4c5246c68e8902b		Sequence verified; complete discovery scores retained; frozen selections copied exactly
data/work/receptor_models/decoy_0655.pdb	199125	2f4b0c00417656d165d48ab9d2b9b43d4ac23226484add564d3bb76e801e3f25		Sequence verified; complete discovery scores retained; frozen selections copied exactly
data/work/receptor_models/decoy_0656.pdb	200325	aa8be75c11d55b698a26c4eb9c772cd97741037aaa8b592ab14544697a08dd43		Sequence verified; complete discovery scores retained; frozen selections copied exactly
data/work/receptor_models/decoy_0657.pdb	198565	b1ee94d94a786dd20fcedeb0f65819c9626c0927c67f4f713e203106b1c1d334		Sequence verified; complete discovery scores retained; frozen selections copied exactly
data/work/receptor_models/decoy_0658.pdb	198565	8346377695821eeac0abbb66b2bd028650731fe218719fbdcbdf612d8a9025ec		Sequence verified; complete discovery scores retained; frozen selections copied exactly
data/work/receptor_models/decoy_0659.pdb	197925	0f10bbe56d62c3fb8d53041462a6ba2ffda3d37fc3b5b70ad9cc3de5ad6e9063		Sequence verified; complete discovery scores retained; frozen selections copied exactly
data/work/receptor_models/decoy_0660.pdb	200165	36fb1ac7108e609e15b61e3339214b589f2089835c08412abfdf90eec0a5670f		Sequence verified; complete discovery scores retained; frozen selections copied exactly
data/work/receptor_models/decoy_0661.pdb	200165	4b9c2fb45080fd2e3839c9a6c05c1d8f3a5ac3fab963bcb5b5653d32e4080d69		Sequence verified; complete discovery scores retained; frozen selections copied exactly
data/work/receptor_models/decoy_0662.pdb	198085	f40524aaabb990ab9b93b8358ad2cc4a63a8d8e7833cb9ec97196d3215b47031		Sequence verified; complete discovery scores retained; frozen selections copied exactly
data/work/receptor_models/decoy_0663.pdb	199205	5187ad12cbcbec89c76610705fb4cb27d527a70b32d7b973b8eea8f858d3d152		Sequence verified; complete discovery scores retained; frozen selections copied exactly
data/work/receptor_models/decoy_0664.pdb	200325	77752b6d0a43a762f85bf3eea697e29fa45b7c9754f1b21abeca616c7458fd1b		Sequence verified; complete discovery scores retained; frozen selections copied exactly
data/work/receptor_models/decoy_0665.pdb	199765	f636c79ab6421f39a6d601f6e2bd52c3c11615803add3e9f72060029b7e2a3ba		Sequence verified; complete discovery scores retained; frozen selections copied exactly
data/work/receptor_models/decoy_0666.pdb	199365	338f35915c14073d84e9db4ea4ee42faa94c1fd6e6e74881805c304b6065ffa2		Sequence verified; complete discovery scores retained; frozen selections copied exactly
data/work/receptor_models/decoy_0667.pdb	199445	5cac6d9c0966c7a18644ce3bd6815b5494c1777a7e340d3a5e51ae1bc280605e		Sequence verified; complete discovery scores retained; frozen selections copied exactly
data/work/receptor_models/decoy_0668.pdb	199765	6deeef8ef0f9db37d3f1ea26a1353bb8c539966818721f74660f6f31dc49d9e5		Sequence verified; complete discovery scores retained; frozen selections copied exactly
data/work/receptor_models/decoy_0669.pdb	198805	7fdbfcda7463797e17abd6ecd38bdf6af078e60f300df5c8ebcdaeaecfe6244b		Sequence verified; complete discovery scores retained; frozen selections copied exactly
data/work/receptor_models/decoy_0670.pdb	199365	552d2c9d1c7aeffe6b9455f0b0d3e62dd92344b0410ee6dd74651995e9c7532b		Sequence verified; complete discovery scores retained; frozen selections copied exactly
data/work/receptor_models/decoy_0671.pdb	199445	3d4ef57905256c5c6a451f2310a1f28b799c9ef938105bc20c5f7bbf9ad4d319		Sequence verified; complete discovery scores retained; frozen selections copied exactly
data/work/receptor_models/decoy_0672.pdb	198805	5a027a470b4dfabfdba428eaa6c202c652f787d63658f12d635c5e3b962f294c		Sequence verified; complete discovery scores retained; frozen selections copied exactly
data/work/receptor_models/decoy_0673.pdb	199845	942772e67794cca4d5189936b1146c857d5b086639b8bd699e135f0e42582011		Sequence verified; complete discovery scores retained; frozen selections copied exactly
data/work/receptor_models/decoy_0674.pdb	198725	ce2f98b47cb32395568d3ca445b561534d44b47bd75157adc31fe80c7ae5c39f		Sequence verified; complete discovery scores retained; frozen selections copied exactly
data/work/receptor_models/decoy_0675.pdb	200645	e7c16306d12f2dcf6ac8f43caccbc9ff2c83c4ab629dcd0702c2f63a6e50352b		Sequence verified; complete discovery scores retained; frozen selections copied exactly
data/work/receptor_models/decoy_0676.pdb	198485	87fad882c8fa17033afc1210b5a3dd5b151b0c79652122a87481a2a65f575949		Sequence verified; complete discovery scores retained; frozen selections copied exactly
data/work/receptor_models/decoy_0677.pdb	198325	b16fd5107980ba0bde2522fac78195105a0a4af70407bfcf53bc19023f1e8af3		Sequence verified; complete discovery scores retained; frozen selections copied exactly
data/work/receptor_models/decoy_0678.pdb	197765	e782fb38d0f0cecfffcd1ee3298554de43c0b98e18343e88e26b4e1b26d144a9		Sequence verified; complete discovery scores retained; frozen selections copied exactly
data/work/receptor_models/decoy_0679.pdb	199285	cfb5cada1230bda7807f8eccf37472d3adf5a8b97b918b07a704309ae28966b2		Sequence verified; complete discovery scores retained; frozen selections copied exactly
data/work/receptor_models/decoy_0680.pdb	199685	570894e2af91c34a0cdc532d1cbf3cfecfb2b09f85b43b541c8776ee5ed8a25c		Sequence verified; complete discovery scores retained; frozen selections copied exactly
data/work/receptor_models/decoy_0681.pdb	197525	8e410802df144c7f540c72f3a2176b4f29c0b62f1158aa5e17608af0f0653dda		Sequence verified; complete discovery scores retained; frozen selections copied exactly
data/work/receptor_models/decoy_0682.pdb	199205	0a5eae3537ed7eedebb5248374596e81aa07dab1ab70ea2dd15da39e8ff1a780		Sequence verified; complete discovery scores retained; frozen selections copied exactly
data/work/receptor_models/decoy_0683.pdb	199285	1bb61e08c1e1f9fa99abd22f9baf4ff893c5fcda16d92516318ca2caf69d2f0d		Sequence verified; complete discovery scores retained; frozen selections copied exactly
data/work/receptor_models/decoy_0684.pdb	198325	50c3aab601714e8308049cfeba93e80e0a36bb1dbe51ea9c56fbad47392dd319		Sequence verified; complete discovery scores retained; frozen selections copied exactly
data/work/receptor_models/decoy_0685.pdb	200005	797ba8fd5e71d0f003700c5636eb844a95f03e87c6ce0564bb08abd6badbc6ff		Sequence verified; complete discovery scores retained; frozen selections copied exactly
data/work/receptor_models/decoy_0686.pdb	198965	638bcce66b59c07c9da1799a859a0d1aac94ab5bc3792026c251eb254c3e6b98		Sequence verified; complete discovery scores retained; frozen selections copied exactly
data/work/receptor_models/decoy_0687.pdb	198725	1dd55811e6dcf89ae55e44c8f1ad7293e1feb7a28ef8682b25bec475266b729a		Sequence verified; complete discovery scores retained; frozen selections copied exactly
data/work/receptor_models/decoy_0688.pdb	200005	b9e9a3ae8cf6cefc2ccfaa82d97eb7fc42fd610f55f4e8274f2d11a8c5ffcbcd		Sequence verified; complete discovery scores retained; frozen selections copied exactly
data/work/receptor_models/decoy_0689.pdb	199365	c0d29e8d39c69f9a4a378fb47d55e7d820c6948fff715c2edef66a0ef5d55d1a		Sequence verified; complete discovery scores retained; frozen selections copied exactly
data/work/receptor_models/decoy_0690.pdb	198885	ae67c4a1e97928ca2b9185cecfdd4ef2c319dc8b74334f01879f0322d5caedc8		Sequence verified; complete discovery scores retained; frozen selections copied exactly
data/work/receptor_models/decoy_0691.pdb	199205	4dbc4b69997438be7de2b77f4a09fbc7a922c443f30e542b807e642b00e2ebab		Sequence verified; complete discovery scores retained; frozen selections copied exactly
data/work/receptor_models/decoy_0692.pdb	199365	548ccf84ba5085366d6d5596c18fbba87480f370eaf02e16c175c11abac3ad42		Sequence verified; complete discovery scores retained; frozen selections copied exactly
data/work/receptor_models/decoy_0693.pdb	199685	c3d2bf8840771abdc449dd50f67111d9204da70dbca826cea68b3bde6ebc87bb		Sequence verified; complete discovery scores retained; frozen selections copied exactly
data/work/receptor_models/decoy_0694.pdb	198645	169766d7cdc13252f92daf164e0cd15cb3e4ffcde49f8e5edd9e58cd417c6163		Sequence verified; complete discovery scores retained; frozen selections copied exactly
data/work/receptor_models/decoy_0695.pdb	199685	5b1cca09e9f99a0a8b138b0febf64c1160ca853af91cd724a26c0ecc52f6dc0e		Sequence verified; complete discovery scores retained; frozen selections copied exactly
data/work/receptor_models/decoy_0696.pdb	199925	e648da02fb580d59b61c8d1ffddb3ee8cb936856e078602c352a74bae1b8ca05		Sequence verified; complete discovery scores retained; frozen selections copied exactly
data/work/receptor_models/decoy_0697.pdb	198965	dee75df28c2d32ab7250321fd1ecc25e7c4a8d760b119687fd3b9269fce80753		Sequence verified; complete discovery scores retained; frozen selections copied exactly
data/work/receptor_models/decoy_0698.pdb	200805	e87f91cb1709d008237e63fe29b5720b34e46438c82e6bd5c0fbfc1e31ff39b6		Sequence verified; complete discovery scores retained; frozen selections copied exactly
data/work/receptor_models/decoy_0699.pdb	199685	e431632a09e7a8195ef80e96ca3ce89f8f859d9c9662bfc57d802232406801c0		Sequence verified; complete discovery scores retained; frozen selections copied exactly
data/work/receptor_models/decoy_0700.pdb	198485	84daf0faad5250f29a488159e07a33803d2dd709faf303892402e00f34e8ce01		Sequence verified; complete discovery scores retained; frozen selections copied exactly
data/work/receptor_models/decoy_0701.pdb	198965	b81e6b4d6467de5a3c9023311fe206ceac2333d910f04c04e5068108751d1842		Sequence verified; complete discovery scores retained; frozen selections copied exactly
data/work/receptor_models/decoy_0702.pdb	199125	009653a38b5e64ffbea7c64460c7de28b1cfd81253182f50e759e7642300a9eb		Sequence verified; complete discovery scores retained; frozen selections copied exactly
data/work/receptor_models/decoy_0703.pdb	199525	8ddffde8c87026a7809d1fdda25d74624967e6f779e6331bd8b6a4b0838f2fdf		Sequence verified; complete discovery scores retained; frozen selections copied exactly
data/work/receptor_models/decoy_0704.pdb	199445	c2f2c36a7e145e0d5f8cf788e9edf47dcde683124bbb406fcb6722edfd6121c8		Sequence verified; complete discovery scores retained; frozen selections copied exactly
data/work/receptor_models/decoy_0705.pdb	199685	c973e9670cdf831bf96edfb691874e0a9e93e140c1517cbd1fae47b9ca772746		Sequence verified; complete discovery scores retained; frozen selections copied exactly
data/work/receptor_models/decoy_0706.pdb	199285	03e137f8cb743a2664979f9789787784a0cfbed44d419e2d9c57f6aa8cd62ca5		Sequence verified; complete discovery scores retained; frozen selections copied exactly
data/work/receptor_models/decoy_0707.pdb	198885	9cd7c8758ef8bd9877b13d6d129818b44bee1fe4d1a4b88c55f3e0f3065f9242		Sequence verified; complete discovery scores retained; frozen selections copied exactly
data/work/receptor_models/decoy_0708.pdb	198645	e3cbbef1c5e245ed6d02a697ed1af1ad7fa263af36f4154f431399ebd542fbf6		Sequence verified; complete discovery scores retained; frozen selections copied exactly
data/work/receptor_models/decoy_0709.pdb	198885	4927690057179b29e23cadec2c9b3ff8890c23b7d9ef53616812079c2037c38a		Sequence verified; complete discovery scores retained; frozen selections copied exactly
data/work/receptor_models/decoy_0710.pdb	199365	5a7fb74a3287f7a2a4609fc8a237243ea6bfb217046f069232151144cc93960f		Sequence verified; complete discovery scores retained; frozen selections copied exactly
data/work/receptor_models/decoy_0711.pdb	198965	9c59ea86e899ca9877d867eeb07307724b771c02233b4d9a90370c05834e98d0		Sequence verified; complete discovery scores retained; frozen selections copied exactly
data/work/receptor_models/decoy_0712.pdb	197845	6dfcc75ca2e2900cf5f152bb1f4077c4ad79184270ca81cc72dd9b963d19a204		Sequence verified; complete discovery scores retained; frozen selections copied exactly
data/work/receptor_models/decoy_0713.pdb	199285	c56d0da4398a01bccbc453f3c2d9341939efafa9fdcdd32ed68a752aa89aae2f		Sequence verified; complete discovery scores retained; frozen selections copied exactly
data/work/receptor_models/decoy_0714.pdb	197205	ee59a3b41bd530c2e9a6a590d7783ac296ed795e1e7caca4e27e563ddf3b15fb		Sequence verified; complete discovery scores retained; frozen selections copied exactly
data/work/receptor_models/decoy_0715.pdb	199285	6c58ba2d81a014c4bde24ab251d011d17f43bb54c477ba087371701cf8731cda		Sequence verified; complete discovery scores retained; frozen selections copied exactly
data/work/receptor_models/decoy_0716.pdb	199685	a5bc41956bac66cf9bd78a28d5f6cf062d9ab3b518fdc790f7317391a290ac3d		Sequence verified; complete discovery scores retained; frozen selections copied exactly
data/work/receptor_models/decoy_0717.pdb	200965	04363559f83bc1c35a9e98854dc612160023181f7b7e9c44c363cfd0c4b8a9e7		Sequence verified; complete discovery scores retained; frozen selections copied exactly
data/work/receptor_models/decoy_0718.pdb	197765	172530118845e9690dc806e3dd9003f115f409ec909acc009640310f31de38f3		Sequence verified; complete discovery scores retained; frozen selections copied exactly
data/work/receptor_models/decoy_0719.pdb	198165	52e4d62a7717ddba61c784df35b6a220c97362db1a1cb81c402a5e4e0da083fc		Sequence verified; complete discovery scores retained; frozen selections copied exactly
data/work/receptor_models/decoy_0720.pdb	199765	6127f691fe5cabfe24e0cec7c073447706b672a986adabf93ae448a8f5c40856		Sequence verified; complete discovery scores retained; frozen selections copied exactly
data/work/receptor_models/decoy_0721.pdb	198325	74a0f62bce582794176d6c11fbfe70b499b80603bacd2e61af91b5b6b5278b03		Sequence verified; complete discovery scores retained; frozen selections copied exactly
data/work/receptor_models/decoy_0722.pdb	199765	821e0c5c566b7bcce17e1ed98a98586f0d04b888cbbd6487b7bb115d37e8c5aa		Sequence verified; complete discovery scores retained; frozen selections copied exactly
data/work/receptor_models/decoy_0723.pdb	198805	75814470fbf773ad77598f5e708acac55df5a9041dc91d2c12b1c39aae626633		Sequence verified; complete discovery scores retained; frozen selections copied exactly
data/work/receptor_models/decoy_0724.pdb	201365	12c9f7ed5228fe5c1f04655c565b926a09c4ad65337c9e6594dcd8151c5fc103		Sequence verified; complete discovery scores retained; frozen selections copied exactly
data/work/receptor_models/decoy_0725.pdb	198485	62652bb3b7fbe92aa047eefe4512ed719ca3aa7c6d105ef7b3d9b047ad80bccb		Sequence verified; complete discovery scores retained; frozen selections copied exactly
data/work/receptor_models/decoy_0726.pdb	198965	4ad517642a7a5c83dc787e3ec74b33da7404d0b363a41b0eeff558f04059e670		Sequence verified; complete discovery scores retained; frozen selections copied exactly
data/work/receptor_models/decoy_0727.pdb	198885	f1d9b41051ed585ffe3e037a15dc02cf70afcc1b0f23edc50a74660119fcb40c		Sequence verified; complete discovery scores retained; frozen selections copied exactly
data/work/receptor_models/decoy_0728.pdb	200485	7479d24ee478a3dc8ff866d1fa9a8c945ae680e4125a5a6e6632b767377c07ec		Sequence verified; complete discovery scores retained; frozen selections copied exactly
data/work/receptor_models/decoy_0729.pdb	200245	3a2d60ad5eb72acba34e5fc1f7d53290438355ccee95bf88a45b6e0cc34e6af9		Sequence verified; complete discovery scores retained; frozen selections copied exactly
data/work/receptor_models/decoy_0730.pdb	200085	493b8d31c093e42269c1da7b68f4205ebc4a5aa2349f731b8df2d8c83585364b		Sequence verified; complete discovery scores retained; frozen selections copied exactly
data/work/receptor_models/decoy_0731.pdb	200325	ff2f765dd1fe8d668038940b2d3cddd72e77227689b44c91c5164411de658a4d		Sequence verified; complete discovery scores retained; frozen selections copied exactly
data/work/receptor_models/decoy_0732.pdb	199605	9516b2fcd2c835e796061a94da2e240434ccb73e9ad6b90f207bccfecefd85ab		Sequence verified; complete discovery scores retained; frozen selections copied exactly
data/work/receptor_models/decoy_0733.pdb	200165	c321466beeb2233eef3f375626fe52481460b62707dd0373163dfd4d0ff8ae26		Sequence verified; complete discovery scores retained; frozen selections copied exactly
data/work/receptor_models/decoy_0734.pdb	197525	5ab9a199ef8c829c056f672f5b57ce76df9124ce6648e66acacd840ded307fb5		Sequence verified; complete discovery scores retained; frozen selections copied exactly
data/work/receptor_models/decoy_0735.pdb	199685	d79cbda3f6be80295b989fdb5c93a53f07965020b4363fa4efbf7cecbdfbbf36		Sequence verified; complete discovery scores retained; frozen selections copied exactly
data/work/receptor_models/decoy_0736.pdb	197365	4b95389b2ef644e6b1de2d1194b461a1117ed8142443c075d6a0bf00b9be3a70		Sequence verified; complete discovery scores retained; frozen selections copied exactly
data/work/receptor_models/decoy_0737.pdb	197685	5dcba0623a3a05c964224cb035987f1f762a3e152b22da977ae728bac6b157c9		Sequence verified; complete discovery scores retained; frozen selections copied exactly
data/work/receptor_models/decoy_0738.pdb	199205	131ee08da0b1bb1678543451aaae983ec6da215500485103e4d32ec70c865171		Sequence verified; complete discovery scores retained; frozen selections copied exactly
data/work/receptor_models/decoy_0739.pdb	199365	f7f28d85198a947b2ee9a059c4827bbd282893da35d4866eb14a9452f8a7d697		Sequence verified; complete discovery scores retained; frozen selections copied exactly
data/work/receptor_models/decoy_0740.pdb	200085	40b3e610555c5352e6e0f22484697e9304db01b6d976c8bcae6bc76aac92c748		Sequence verified; complete discovery scores retained; frozen selections copied exactly
data/work/receptor_models/decoy_0741.pdb	198485	0ec3000ba5d2bf617b4bf926a3641878e49953faf702e5cd0f32cda74a5b67a2		Sequence verified; complete discovery scores retained; frozen selections copied exactly
data/work/receptor_models/decoy_0742.pdb	198805	7b70f8fbe78cd98c93ac6bdb30ed6d92879422cc5a2fde96b59e0639ac12bbc1		Sequence verified; complete discovery scores retained; frozen selections copied exactly
data/work/receptor_models/decoy_0743.pdb	201365	3de423f312977bef693b678abfa7aba70606e3a520254d0f10c332fd88292c60		Sequence verified; complete discovery scores retained; frozen selections copied exactly
data/work/receptor_models/decoy_0744.pdb	198725	5c1918bedc80f1e208ce47bea5e4b58c2bb705b9b533d4af43bbf33e17e9a88c		Sequence verified; complete discovery scores retained; frozen selections copied exactly
data/work/receptor_models/decoy_0745.pdb	199445	a58cd47a04c05bd70fc905469f670ea90466467e4fef41d3d813ba7ad5f5f41a		Sequence verified; complete discovery scores retained; frozen selections copied exactly
data/work/receptor_models/decoy_0746.pdb	199525	2d575513d5a32ef48bc0121be4e7361ec731dd46e93cd6edea8489999f90cc99		Sequence verified; complete discovery scores retained; frozen selections copied exactly
data/work/receptor_models/decoy_0747.pdb	200485	693662159f07aa4dbfaaabb2fd5e2bdec1f8b3eba29f68468dde6e57cdc9b267		Sequence verified; complete discovery scores retained; frozen selections copied exactly
data/work/receptor_models/decoy_0748.pdb	200165	cd1dbf3a9a709b627747773bda92271c577b58bf767c9cc34200e97e1a6ef6c5		Sequence verified; complete discovery scores retained; frozen selections copied exactly
data/work/receptor_models/decoy_0749.pdb	200325	eb6ef9e4cb340c90e9aea6ad142ffa990248c26d2d54026ed98e3e3c9d33fcfd		Sequence verified; complete discovery scores retained; frozen selections copied exactly
data/work/receptor_models/decoy_0750.pdb	199365	5190758d86f9df1bdf8748301ed85d19458a13570a8412396fe1223f68b26954		Sequence verified; complete discovery scores retained; frozen selections copied exactly
data/work/receptor_models/decoy_0751.pdb	199205	8252c9130f0bd6e24176c3c607c61ccdcc565aab4244fc44249de91bc3adcbf9		Sequence verified; complete discovery scores retained; frozen selections copied exactly
data/work/receptor_models/decoy_0752.pdb	200165	9df3fbdd66cbf01972183c0199f4ad75b8ba23848b4f6fb5c5345db533e448c0		Sequence verified; complete discovery scores retained; frozen selections copied exactly
data/work/receptor_models/decoy_0753.pdb	197765	f98e044990831c79111c095e9bf3fc9f1f50ded369a83fa80b2e46b71449f903		Sequence verified; complete discovery scores retained; frozen selections copied exactly
data/work/receptor_models/decoy_0754.pdb	197205	6c245c206223b6039d9d6f0eda09ceb546e02f0d0d074234e354d6deda7ccf8e		Sequence verified; complete discovery scores retained; frozen selections copied exactly
data/work/receptor_models/decoy_0755.pdb	198085	2c3aa80c2d3075ebf0aaedbc20e5d313e744445fd76d9e47450456203460b98c		Sequence verified; complete discovery scores retained; frozen selections copied exactly
data/work/receptor_models/decoy_0756.pdb	198405	71e6417360d7ef8322554d5e95cdb52f4671f39f1187f5faa94cf4fd5531f0dd		Sequence verified; complete discovery scores retained; frozen selections copied exactly
data/work/receptor_models/decoy_0757.pdb	198965	ed0aa44a663b111c8e67f7e229e7b714adc4d65be2e0e2e43ec32af0b499c5c3		Sequence verified; complete discovery scores retained; frozen selections copied exactly
data/work/receptor_models/decoy_0758.pdb	199125	60fe0f99400f988c3a8a836eba3f9c918bc10bbf8bfd5ed29b85984f7d4ce010		Sequence verified; complete discovery scores retained; frozen selections copied exactly
data/work/receptor_models/decoy_0759.pdb	199925	73bf40e5407676d2fea489ae797ccd78066d2a19defd4e88c9415d294a6d3ebd		Sequence verified; complete discovery scores retained; frozen selections copied exactly
data/work/receptor_models/decoy_0760.pdb	197365	c82cb108a7be0169b572eb987d1df6c6e34c0b95f8276061711e6805f7f0e691		Sequence verified; complete discovery scores retained; frozen selections copied exactly
data/work/receptor_models/wild_type.pdb	198005	6acbc194983985496582a95b47c05232228c54d304af9bca56c19ff0889976db	data/processed/humanized_repaired.pdb	Sequence verified; complete discovery scores retained; frozen selections copied exactly
data/work/evo/22192/decoy_0441_monomer.pdb	68807	2beacbbb718a41fbaecff3a361e4c1be85fc0138b974904ee7bc891e860063a5		Disposable chain extraction for completed monomer scoring; biophysics table retained
data/work/evo/22192/decoy_0481_monomer.pdb	69299	aa04f8b58085c427f223d2986aaaacba366fab49e7b6a31ef03bf91389352819		Disposable chain extraction for completed monomer scoring; biophysics table retained
data/work/evo/22192/decoy_0552_monomer.pdb	67741	e774049e91f37c098e82037db1a50ae3a29844a9229c349e05cc484d01bd50e0		Disposable chain extraction for completed monomer scoring; biophysics table retained
data/work/evo/22192/score_complex.pdb	196175	4239e4be0813118f0e5f04819ce9435132c03d0f315d3cc554b686e851c8363b		Disposable recombination input overwritten for each scored state; compact state files retained
data/work/evo/22192/wild_type_monomer.pdb	69217	dea5642cc1b6ae1fc55327ee0746b60fde35f3a50b09a9ce638a4bc4d024b4f7		Disposable chain extraction for completed monomer scoring; biophysics table retained
data/work/evo/24176/decoy_0001_monomer.pdb	70857	65af3cb26b37ce6f79cdf5e6f34e50032c509878771e0f6d703a2e082ab66cf1		Disposable chain extraction for completed monomer scoring; biophysics table retained
data/work/evo/24176/decoy_0002_monomer.pdb	69627	286d76fd3bb1313e2369aa8737ef3f5db1f0e3469985af769c1eb2f2e54ea9ac		Disposable chain extraction for completed monomer scoring; biophysics table retained
data/work/evo/24176/decoy_0004_monomer.pdb	67905	0b9fc1a673b66eb39f4eccd0ba56aedcf4afd57bd9aedac38e95c9a6f17ab540		Disposable chain extraction for completed monomer scoring; biophysics table retained
data/work/evo/24176/decoy_0006_monomer.pdb	70447	16256733f83e6c04627b7454346b38855884476b32cf2a403c7b9e10d1d1e358		Disposable chain extraction for completed monomer scoring; biophysics table retained
data/work/evo/24176/decoy_0008_monomer.pdb	70775	6742fcab34d70989a22f00598de0328d5dd2a0a5e2e178b277ad215b88cf8e29		Disposable chain extraction for completed monomer scoring; biophysics table retained
data/work/evo/24176/decoy_0010_monomer.pdb	71267	2047b99801102d05b177e349d09ef0923013bdc84e3ece542df2be341c3ed4f4		Disposable chain extraction for completed monomer scoring; biophysics table retained
data/work/evo/24176/decoy_0012_monomer.pdb	71021	4cd3897339dc41f3380c64f7bb1296c2d9c129b64e715dc6957802256ca92c9a		Disposable chain extraction for completed monomer scoring; biophysics table retained
data/work/evo/24176/decoy_0015_monomer.pdb	69053	c7a3e509f9cd9bb3df1b9188fe155bd2b2635ccc9e5567e0ffec6103362be287		Disposable chain extraction for completed monomer scoring; biophysics table retained
data/work/evo/24176/decoy_0016_monomer.pdb	67495	5a4e99da286374e855e6d7fc26ccda833a08af487a15cd0a9da0dc4913853647		Disposable chain extraction for completed monomer scoring; biophysics table retained
data/work/evo/24176/decoy_0018_monomer.pdb	68151	c9c2733ec73d7fd9d16db5e4f6e2787d1d50101c8a5ede1fbd8b30d5c46b0bb7		Disposable chain extraction for completed monomer scoring; biophysics table retained
data/work/evo/24176/decoy_0020_monomer.pdb	69135	b3e154f48fb40114ac10b2f977502405e845a0e712e7fc7ce8d03ed88ead9a17		Disposable chain extraction for completed monomer scoring; biophysics table retained
data/work/evo/24176/decoy_0022_monomer.pdb	69053	64ef3f77a10558fb48dfa94b9c51868646ebe285a366ff849fa12deff76207af		Disposable chain extraction for completed monomer scoring; biophysics table retained
data/work/evo/24176/decoy_0024_monomer.pdb	69955	608d7664bac8374bcc435937977ed29cef2cd2022a5ce69f1ce4e7c35c78f310		Disposable chain extraction for completed monomer scoring; biophysics table retained
data/work/evo/24176/decoy_0027_monomer.pdb	68807	5e9354ba81c43ee51bd163dc02e73815412b98eb0cf5f41a4628567332719d09		Disposable chain extraction for completed monomer scoring; biophysics table retained
data/work/evo/24176/decoy_0029_monomer.pdb	71677	53ab1f0a98f97ca78c0b039a186708dc283be5359bc4697bf2cfc49b5552ea54		Disposable chain extraction for completed monomer scoring; biophysics table retained
data/work/evo/24176/decoy_0031_monomer.pdb	68479	1fee0039c0c08597cba23684bd66699cc87d82e9ebfd54855c18925b0f69e20f		Disposable chain extraction for completed monomer scoring; biophysics table retained
data/work/evo/24176/decoy_0033_monomer.pdb	71595	0199bf7327af3f3bcb727a7086a7ca7e43d4d55fb5c594a03a34b6e4713b7530		Disposable chain extraction for completed monomer scoring; biophysics table retained
data/work/evo/24176/decoy_0035_monomer.pdb	67577	4d74276e4b48d5a2e8080b17bd7856d63043bf58de81abf936f26c70e0bde5fe		Disposable chain extraction for completed monomer scoring; biophysics table retained
data/work/evo/24176/decoy_0037_monomer.pdb	69299	8c16044759a2056864acc29fad432a8908374062aee73c216ffb0c02b1284508		Disposable chain extraction for completed monomer scoring; biophysics table retained
data/work/evo/24176/decoy_0039_monomer.pdb	70119	d69185d7fc76d1be929799481e41d70fad41e8e58dd0e8a374a796c488a3c858		Disposable chain extraction for completed monomer scoring; biophysics table retained
data/work/evo/24176/score_complex.pdb	204846	236bbe934097bccad0a4a0b689aaf6f62ebc69624203ede87ad47697994444b1		Disposable recombination input overwritten for each scored state; compact state files retained
data/work/evo/24932/decoy_0001_monomer.pdb	70857	65af3cb26b37ce6f79cdf5e6f34e50032c509878771e0f6d703a2e082ab66cf1		Disposable chain extraction for completed monomer scoring; biophysics table retained
data/work/evo/24932/score_complex.pdb	200415	8610fe6175991ce55f93da120390fb58f5a303287aaef99f4b1a33807bb42d03		Disposable recombination input overwritten for each scored state; compact state files retained
data/work/evo/26052/decoy_0001_monomer.pdb	70857	65af3cb26b37ce6f79cdf5e6f34e50032c509878771e0f6d703a2e082ab66cf1		Disposable chain extraction for completed monomer scoring; biophysics table retained
data/work/evo/26052/decoy_0002_monomer.pdb	69627	286d76fd3bb1313e2369aa8737ef3f5db1f0e3469985af769c1eb2f2e54ea9ac		Disposable chain extraction for completed monomer scoring; biophysics table retained
data/work/evo/26052/decoy_0004_monomer.pdb	67905	0b9fc1a673b66eb39f4eccd0ba56aedcf4afd57bd9aedac38e95c9a6f17ab540		Disposable chain extraction for completed monomer scoring; biophysics table retained
data/work/evo/26052/decoy_0006_monomer.pdb	70447	16256733f83e6c04627b7454346b38855884476b32cf2a403c7b9e10d1d1e358		Disposable chain extraction for completed monomer scoring; biophysics table retained
data/work/evo/26052/decoy_0008_monomer.pdb	70775	6742fcab34d70989a22f00598de0328d5dd2a0a5e2e178b277ad215b88cf8e29		Disposable chain extraction for completed monomer scoring; biophysics table retained
data/work/evo/26052/decoy_0010_monomer.pdb	71267	2047b99801102d05b177e349d09ef0923013bdc84e3ece542df2be341c3ed4f4		Disposable chain extraction for completed monomer scoring; biophysics table retained
data/work/evo/26052/decoy_0012_monomer.pdb	71021	4cd3897339dc41f3380c64f7bb1296c2d9c129b64e715dc6957802256ca92c9a		Disposable chain extraction for completed monomer scoring; biophysics table retained
data/work/evo/26052/decoy_0014_monomer.pdb	71513	abf727447856d1802373bbbc6eb0fc657e89fc44e12f00374af45aa86ff3a089		Disposable chain extraction for completed monomer scoring; biophysics table retained
data/work/evo/26052/decoy_0016_monomer.pdb	67495	5a4e99da286374e855e6d7fc26ccda833a08af487a15cd0a9da0dc4913853647		Disposable chain extraction for completed monomer scoring; biophysics table retained
data/work/evo/26052/decoy_0018_monomer.pdb	68151	c9c2733ec73d7fd9d16db5e4f6e2787d1d50101c8a5ede1fbd8b30d5c46b0bb7		Disposable chain extraction for completed monomer scoring; biophysics table retained
data/work/evo/26052/decoy_0020_monomer.pdb	69135	b3e154f48fb40114ac10b2f977502405e845a0e712e7fc7ce8d03ed88ead9a17		Disposable chain extraction for completed monomer scoring; biophysics table retained
data/work/evo/26052/decoy_0022_monomer.pdb	69053	64ef3f77a10558fb48dfa94b9c51868646ebe285a366ff849fa12deff76207af		Disposable chain extraction for completed monomer scoring; biophysics table retained
data/work/evo/26052/decoy_0024_monomer.pdb	69955	608d7664bac8374bcc435937977ed29cef2cd2022a5ce69f1ce4e7c35c78f310		Disposable chain extraction for completed monomer scoring; biophysics table retained
data/work/evo/26052/decoy_0026_monomer.pdb	69463	af796799a099cecadd035ab1c14d70f1ff66e4933dde7892aa1be4c99735dee5		Disposable chain extraction for completed monomer scoring; biophysics table retained
data/work/evo/26052/decoy_0029_monomer.pdb	71677	53ab1f0a98f97ca78c0b039a186708dc283be5359bc4697bf2cfc49b5552ea54		Disposable chain extraction for completed monomer scoring; biophysics table retained
data/work/evo/26052/decoy_0030_monomer.pdb	70037	57f9413e0d10990fff7685f047c95ed87d18d7b627e85d19fc04a4700b73de46		Disposable chain extraction for completed monomer scoring; biophysics table retained
data/work/evo/26052/decoy_0032_monomer.pdb	70693	e5b2764bd2fcf99aeb8c1dd0cc699f1cf482fea520eae8bf8ca1f0b28a5d3df2		Disposable chain extraction for completed monomer scoring; biophysics table retained
data/work/evo/26052/decoy_0034_monomer.pdb	70939	8c4bccb1eccd29ddb556c9325cdb3298119cb74cfccf927dc7897936e9b6dc47		Disposable chain extraction for completed monomer scoring; biophysics table retained
data/work/evo/26052/decoy_0036_monomer.pdb	68889	1dd0625e086d56339f18e8f01e163f4b5d65d8e38048863c66d89fcb641be12d		Disposable chain extraction for completed monomer scoring; biophysics table retained
data/work/evo/26052/decoy_0038_monomer.pdb	68069	54305acdd05cde8c1823f0c3ce7b69cf26f17849c92fc62b1492eb4b3e0ed6bf		Disposable chain extraction for completed monomer scoring; biophysics table retained
data/work/evo/26052/decoy_0040_monomer.pdb	67823	0aa511e091749a18ebe42a25e41447a51fa85f59ce1d4dea9fbd7780589402e1		Disposable chain extraction for completed monomer scoring; biophysics table retained
data/work/evo/26052/decoy_0042_monomer.pdb	70857	8a4b07bc65bfdbe0be6696fc04970af4887e17035a6002809ac263bf18f07d54		Disposable chain extraction for completed monomer scoring; biophysics table retained
data/work/evo/26052/decoy_0043_monomer.pdb	71349	f1690d41d55c3b28ac117f9a7982974e94d9c1561cf267ce60ed51e4b8d44523		Disposable chain extraction for completed monomer scoring; biophysics table retained
data/work/evo/26052/decoy_0046_monomer.pdb	67167	b0fbafb51083f1193856a2cba310e865936ad8c3303f64d6995ccafa77e69912		Disposable chain extraction for completed monomer scoring; biophysics table retained
data/work/evo/26052/decoy_0048_monomer.pdb	71513	f1f72fede03128187112e590a130fde54a2ae992a2b9ed3595f578d6524b35d0		Disposable chain extraction for completed monomer scoring; biophysics table retained
data/work/evo/26052/decoy_0050_monomer.pdb	72333	a596b0ac745a05e8b3659c7a18b8f59772a422b9e6a7a1718b7cfd49ef16926d		Disposable chain extraction for completed monomer scoring; biophysics table retained
data/work/evo/26052/decoy_0052_monomer.pdb	68971	21a5701cfb0dd2227533d80cc190a2c7e60b5c2e9ad8c70212ef7591bacc97b1		Disposable chain extraction for completed monomer scoring; biophysics table retained
data/work/evo/26052/decoy_0054_monomer.pdb	71595	91e9d6fd4834e288b9567cc09e53a2338dc1182545451cd4b532f0981524e59f		Disposable chain extraction for completed monomer scoring; biophysics table retained
data/work/evo/26052/decoy_0056_monomer.pdb	70283	3aeb2accd06fa3b2b306327441c4bcf8eb6fc945bb0ff6c6b7309fca1ca7b8a4		Disposable chain extraction for completed monomer scoring; biophysics table retained
data/work/evo/26052/decoy_0058_monomer.pdb	72005	c550dc2ade3e13c5c13c18bc363ca7212be1074e34104a580aa6be0272c95127		Disposable chain extraction for completed monomer scoring; biophysics table retained
data/work/evo/26052/decoy_0060_monomer.pdb	64051	cfd1545cf1daf0a2c8c9542df221b86a5f0a25484c3a61329119cf3b074450cc		Disposable chain extraction for completed monomer scoring; biophysics table retained
data/work/evo/26052/decoy_0062_monomer.pdb	71349	e8f0c34beb8f65fa0c42f5af11f737004c015d6fadf22742e30ff2e1626955fc		Disposable chain extraction for completed monomer scoring; biophysics table retained
data/work/evo/26052/decoy_0064_monomer.pdb	70119	605e9d0b89bf7707600260ab2f51913dcc47cfa0845b28301ec8465734493b22		Disposable chain extraction for completed monomer scoring; biophysics table retained
data/work/evo/26052/decoy_0066_monomer.pdb	68561	571e9f34e6dde30cfa7705e220648cff0828c94c5eaf028ed45ccc338fc0e6f5		Disposable chain extraction for completed monomer scoring; biophysics table retained
data/work/evo/26052/decoy_0068_monomer.pdb	68151	df90de70313c3554d0ff1db842ce6af481c327a7ef1ad4e92c98554b5ba0c758		Disposable chain extraction for completed monomer scoring; biophysics table retained
data/work/evo/26052/decoy_0070_monomer.pdb	68971	a22e5f12b0877a1b97a91492173f093d0d5336eabebb2e54399467e68b2f0af6		Disposable chain extraction for completed monomer scoring; biophysics table retained
data/work/evo/26052/decoy_0072_monomer.pdb	71595	977c811894ea377d2eabf7753095974a3d4376293bba7412e531be6c1a119446		Disposable chain extraction for completed monomer scoring; biophysics table retained
data/work/evo/26052/decoy_0074_monomer.pdb	68889	7a8c4b709cf2edfc5564f53ba58b7b750350e6bb6328f6043b52dd46d7bbc5e3		Disposable chain extraction for completed monomer scoring; biophysics table retained
data/work/evo/26052/decoy_0076_monomer.pdb	72497	34beaea6d687973f569caad678e92ec88bdb34069a47094245516450c49b9ae1		Disposable chain extraction for completed monomer scoring; biophysics table retained
data/work/evo/26052/decoy_0078_monomer.pdb	69545	fafc35270997f9217d6e49b41d3c99909747898dd4ebb24ffea21e1d74c2571a		Disposable chain extraction for completed monomer scoring; biophysics table retained
data/work/evo/26052/decoy_0080_monomer.pdb	67577	a7667032f3852e21506e77d8b8c20446289fec1ae601c84b8767e880b6dc6a83		Disposable chain extraction for completed monomer scoring; biophysics table retained
data/work/evo/26052/decoy_0082_monomer.pdb	66757	597946fcc3516f18f9fb0a4bfd432e2251e1f0f28eb8c33b5c14a2faac38d01a		Disposable chain extraction for completed monomer scoring; biophysics table retained
data/work/evo/26052/decoy_0084_monomer.pdb	69627	6baffc5bff827f280da9b48b55966ae54264676d685860f1079d6be9fdd0b5b6		Disposable chain extraction for completed monomer scoring; biophysics table retained
data/work/evo/26052/decoy_0086_monomer.pdb	67577	7afc2f017084f942888e69c8ee1a98ab9822cfdaef65d752c8183942f3e1dbc8		Disposable chain extraction for completed monomer scoring; biophysics table retained
data/work/evo/26052/decoy_0088_monomer.pdb	70365	2a44d8c847b8fee4ae187cf4141c3e53c29329411382e2b19cc8f7d3876223c9		Disposable chain extraction for completed monomer scoring; biophysics table retained
data/work/evo/26052/decoy_0090_monomer.pdb	67905	cb912f70a607dc4b84786f5ef2950ffc841eda3d33070ba739e96333e1f8015a		Disposable chain extraction for completed monomer scoring; biophysics table retained
data/work/evo/26052/decoy_0092_monomer.pdb	67659	4104e882575d84686cde19ef389bad43730f9c19abd76c8462419ad67972dd10		Disposable chain extraction for completed monomer scoring; biophysics table retained
data/work/evo/26052/decoy_0094_monomer.pdb	69873	42008c2cdc87c42dbc518240dd0e1753547f49d4ef119036f0a228b0c5f55049		Disposable chain extraction for completed monomer scoring; biophysics table retained
data/work/evo/26052/decoy_0096_monomer.pdb	72087	c4e1d57ecb4dbd507fc66a4168e9ce7fcde1faf33aed7ec11abfeeafa6068ddd		Disposable chain extraction for completed monomer scoring; biophysics table retained
data/work/evo/26052/decoy_0098_monomer.pdb	68807	c137ce57917160259744fee1922fbc0eb31887fcc6efc0aafdf12274b75ff5dd		Disposable chain extraction for completed monomer scoring; biophysics table retained
data/work/evo/26052/decoy_0100_monomer.pdb	67741	820b3afd3a8ff3b23e34f4ddb9fad00ce8edd1e949ec301f8e7609ecafe6b271		Disposable chain extraction for completed monomer scoring; biophysics table retained
data/work/evo/26052/decoy_0102_monomer.pdb	67085	4da9cae4d0a6ef998803b8b6c198ae3e3bb38809c3d8d413354a19172c15c6ff		Disposable chain extraction for completed monomer scoring; biophysics table retained
data/work/evo/26052/decoy_0104_monomer.pdb	70611	b3f0c7ec95e38effb127ed8d8dd3ec24d6d8cc185d04a1e7b9c014dd3fdffe76		Disposable chain extraction for completed monomer scoring; biophysics table retained
data/work/evo/26052/decoy_0105_monomer.pdb	68397	f18d03094358d048389d0a481157026c532080c92e2aaf3afa88f01d9a93b01e		Disposable chain extraction for completed monomer scoring; biophysics table retained
data/work/evo/26052/decoy_0107_monomer.pdb	70529	46aabcfd7ee7598c0cd133fe7f844f6a5a8211fe6a2c27d47bb83834cc96d0d9		Disposable chain extraction for completed monomer scoring; biophysics table retained
data/work/evo/26052/decoy_0110_monomer.pdb	69545	ea91a63d497ca7b90404d7bda02a102cb103174f39e7bb5160a21dfa1c915071		Disposable chain extraction for completed monomer scoring; biophysics table retained
data/work/evo/26052/decoy_0111_monomer.pdb	67577	c74494d41970a471b6be465e2c182b3eea3198007b4d849aa6309a7022a3d862		Disposable chain extraction for completed monomer scoring; biophysics table retained
data/work/evo/26052/decoy_0113_monomer.pdb	70201	0608e291d9aad5556e69c1e079939db2df289788b0a796ea6864ac7f4c0c96f4		Disposable chain extraction for completed monomer scoring; biophysics table retained
data/work/evo/26052/decoy_0115_monomer.pdb	70283	63b5e1b6fa24ed6266f8bab813adb8d3e556320c81e1817bb5a42428cfd9eed2		Disposable chain extraction for completed monomer scoring; biophysics table retained
data/work/evo/26052/decoy_0117_monomer.pdb	68151	daefd0587586687c311f1968b3f50ccbe68faa102d735aa698a2c82e89fbacac		Disposable chain extraction for completed monomer scoring; biophysics table retained
data/work/evo/26052/decoy_0119_monomer.pdb	71841	069705731deea4d0d1aa5237f2ac8819121c6dc70a6bfd1750f5deb26048940c		Disposable chain extraction for completed monomer scoring; biophysics table retained
data/work/evo/26052/decoy_0121_monomer.pdb	69217	ffbf98f7855554c264d3730b489dbde2b160a13d83523df018bc48b0686cb617		Disposable chain extraction for completed monomer scoring; biophysics table retained
data/work/evo/26052/decoy_0124_monomer.pdb	67577	1850554b3368cc0745fcde1dce776566231f24c22af6e6f3a3cde8ba4b5e4a90		Disposable chain extraction for completed monomer scoring; biophysics table retained
data/work/evo/26052/decoy_0126_monomer.pdb	72661	eab73aede6408c015a2ff17a7c7f17369750e2842a00129e6dfc10401492e7e5		Disposable chain extraction for completed monomer scoring; biophysics table retained
data/work/evo/26052/decoy_0128_monomer.pdb	69381	efff0c893cc31fc86ec5ca823927b75ea8d0ba4d8426938e12d5421ca68b1438		Disposable chain extraction for completed monomer scoring; biophysics table retained
data/work/evo/26052/decoy_0130_monomer.pdb	69217	c6586a0f0b53b2f6354f1778e9c61aee1544578be0b9c10ab02de23e649c0a7e		Disposable chain extraction for completed monomer scoring; biophysics table retained
data/work/evo/26052/decoy_0131_monomer.pdb	70775	7a0212423905e761c9d42acfced12f14cccadba0f7c4c499582e320c0286b056		Disposable chain extraction for completed monomer scoring; biophysics table retained
data/work/evo/26052/decoy_0133_monomer.pdb	69463	53db21af9407024682ade6dc23589f6e2fccef67ebca9e2e7c61d08c3660137f		Disposable chain extraction for completed monomer scoring; biophysics table retained
data/work/evo/26052/decoy_0135_monomer.pdb	66511	17a70fe5fd973c2d1fd7f2dd6ac0cf210fc4a6aaaee124357a87aa1219d1277e		Disposable chain extraction for completed monomer scoring; biophysics table retained
data/work/evo/26052/decoy_0137_monomer.pdb	71513	c3c8480c563ad3cdb7475b706b82ed4c7a7de560c41bfc31521c24feff88daf5		Disposable chain extraction for completed monomer scoring; biophysics table retained
data/work/evo/26052/decoy_0139_monomer.pdb	70201	b71eb4177098c647b9dad8a9dc4831362575a2c72d7750d472a48cd4a21f8cfa		Disposable chain extraction for completed monomer scoring; biophysics table retained
data/work/evo/26052/decoy_0141_monomer.pdb	69545	ef0f051770da815462bb83555375291ac4a05c5c701208f8edcd3727930c3e50		Disposable chain extraction for completed monomer scoring; biophysics table retained
data/work/evo/26052/decoy_0143_monomer.pdb	68397	b214100736d10526bf988a574730df30e8052aeacd65d63894fb6b1187d8270b		Disposable chain extraction for completed monomer scoring; biophysics table retained
data/work/evo/26052/decoy_0145_monomer.pdb	71759	b3627dc9a23fe3bc2b9660b34430ca4ac358b4c2cb8b6808ab94ad5e5a7e12e1		Disposable chain extraction for completed monomer scoring; biophysics table retained
data/work/evo/26052/decoy_0147_monomer.pdb	68725	f08227ce85d15109393666097f7f4987ac0cd431fc24455fb2694265a59c1883		Disposable chain extraction for completed monomer scoring; biophysics table retained
data/work/evo/26052/decoy_0149_monomer.pdb	66593	8cfa7fca68fcf9504f3fa84694f507299be25dc5befd65c8ef937a5453bf2bbd		Disposable chain extraction for completed monomer scoring; biophysics table retained
data/work/evo/26052/decoy_0151_monomer.pdb	69135	28bbc5fc1e9f5faefa7e0e964bec655ec08e0973323585254ea9eea709a25bc5		Disposable chain extraction for completed monomer scoring; biophysics table retained
data/work/evo/26052/decoy_0153_monomer.pdb	69135	543fdb0b749b728aaa98b1b363faf0af070e401159b8addf39e91110a9ae6cbe		Disposable chain extraction for completed monomer scoring; biophysics table retained
data/work/evo/26052/decoy_0155_monomer.pdb	67905	f558355979b9bced0c4193860a71f327318dbc3124bbd6fc0edb766086d5d569		Disposable chain extraction for completed monomer scoring; biophysics table retained
data/work/evo/26052/decoy_0157_monomer.pdb	69463	89772a98f20b9c59ef9604d7f828d3aa8e2d561ba6db3eef1505e57029ce15b9		Disposable chain extraction for completed monomer scoring; biophysics table retained
data/work/evo/26052/decoy_0159_monomer.pdb	71021	1bce74790ec0f139e55996568208824f1999c922c8d21a65ff1d9aea0b4c65b9		Disposable chain extraction for completed monomer scoring; biophysics table retained
data/work/evo/26052/decoy_0161_monomer.pdb	67167	2fa6bfea7cb855816ce75f399b3d92d74d6720e7f7f380a603e72832dd307f4b		Disposable chain extraction for completed monomer scoring; biophysics table retained
data/work/evo/26052/decoy_0163_monomer.pdb	69873	e7d48406135d176a0d50ff9892d3f4aab061ed396661464411034954de323542		Disposable chain extraction for completed monomer scoring; biophysics table retained
data/work/evo/26052/decoy_0165_monomer.pdb	67167	e41ab8bfe14a5034dce76b9c636736ba908d45a21cb3e9bc9196ea70ad87894a		Disposable chain extraction for completed monomer scoring; biophysics table retained
data/work/evo/26052/decoy_0167_monomer.pdb	68479	bd12ae92c548f9dea54f1e840436fd85002c2bd785ab65403447695ec0fb99ca		Disposable chain extraction for completed monomer scoring; biophysics table retained
data/work/evo/26052/decoy_0169_monomer.pdb	69873	12f2d7bf9ff67fd2936c81d259b4dee5091da41a1eca4e0ae1fbc18ee86e4189		Disposable chain extraction for completed monomer scoring; biophysics table retained
data/work/evo/26052/decoy_0171_monomer.pdb	68889	466761fd29207b614bae5c5bd5975dacd4e704457725d94ab7af2b05b31a56ef		Disposable chain extraction for completed monomer scoring; biophysics table retained
data/work/evo/26052/decoy_0173_monomer.pdb	70611	9eaf2e7ee5f0f6bcdfd6aa33a4a877927f0624fdbf8e0b9c6ff870b1e93a1738		Disposable chain extraction for completed monomer scoring; biophysics table retained
data/work/evo/26052/decoy_0175_monomer.pdb	69299	b124bc6b72d8c9a3c38d93ef00e04c979af575590adc074c7bbf34dc174cd394		Disposable chain extraction for completed monomer scoring; biophysics table retained
data/work/evo/26052/decoy_0177_monomer.pdb	71759	5e99eaaa9f48f9f61c4185a62b2886720568d94d400655a61ef5feb6039236b5		Disposable chain extraction for completed monomer scoring; biophysics table retained
data/work/evo/26052/decoy_0179_monomer.pdb	70529	897f68ade2407a37896eb01f17f9b41e889e87766e72f25df3a74980d84b1f0e		Disposable chain extraction for completed monomer scoring; biophysics table retained
data/work/evo/26052/decoy_0181_monomer.pdb	66675	043dcd743fec5754e8b00dd3ef8cf1ccf1390ba646e830e1edefa8d0b0f2db08		Disposable chain extraction for completed monomer scoring; biophysics table retained
data/work/evo/26052/decoy_0183_monomer.pdb	69053	bc6b3709794ad69423922f5d12de610e957065c8ebffb20c35a4764e0d81598e		Disposable chain extraction for completed monomer scoring; biophysics table retained
data/work/evo/26052/decoy_0185_monomer.pdb	69135	a825a7bd2a99d22a9df5f73803c5b612b02d9b3b56880b0198850bb3fd26c67b		Disposable chain extraction for completed monomer scoring; biophysics table retained
data/work/evo/26052/decoy_0187_monomer.pdb	67249	b7bafa680f19b8ba6b3b18ecb0f9b6fe3aaf4be747097b1958485ba78f6adae5		Disposable chain extraction for completed monomer scoring; biophysics table retained
data/work/evo/26052/decoy_0189_monomer.pdb	71021	3d9a0d945d489b039d7a7f6986558fcac1b2779c870b23bbfd4cdaf596b98c78		Disposable chain extraction for completed monomer scoring; biophysics table retained
data/work/evo/26052/decoy_0191_monomer.pdb	70775	e2305b5054e6aca659f5b83446f603c42ac9b799d53ecb83ce6a7d324a80b876		Disposable chain extraction for completed monomer scoring; biophysics table retained
data/work/evo/26052/decoy_0193_monomer.pdb	71513	8dfabbf0d487cbada64a6e0dad652fae54567843386154cb205b02346d992981		Disposable chain extraction for completed monomer scoring; biophysics table retained
data/work/evo/26052/decoy_0195_monomer.pdb	71677	8d5d004c6fcf3bbe15f55aa700b36806e984da5ab4de71dadca492f8099d5f80		Disposable chain extraction for completed monomer scoring; biophysics table retained
data/work/evo/26052/decoy_0197_monomer.pdb	71349	4719e3f01022033037754c4e49bb60a2eed753caf12f96d751f6a5a9f0859b22		Disposable chain extraction for completed monomer scoring; biophysics table retained
data/work/evo/26052/decoy_0199_monomer.pdb	72415	d8a9a862f12905bec9993b44e6f45e1d27b074a04fdf040b847fc5e9d0b8a7d6		Disposable chain extraction for completed monomer scoring; biophysics table retained
data/work/evo/26052/decoy_0201_monomer.pdb	71185	a0ab745c0e1349e12dd9794dbbe7efea470dcc9f4d18fe8d14fbc09b62f64450		Disposable chain extraction for completed monomer scoring; biophysics table retained
data/work/evo/26052/decoy_0203_monomer.pdb	71595	33c905e0814a33da5505af7b27f85ffa76159b8206dbea5af0b620a74934655c		Disposable chain extraction for completed monomer scoring; biophysics table retained
data/work/evo/26052/decoy_0205_monomer.pdb	71021	004ed700ce44cf1d9bf9f076aedd430a948abd4c44c4d9a36bc56343cf8c8e08		Disposable chain extraction for completed monomer scoring; biophysics table retained
data/work/evo/26052/decoy_0207_monomer.pdb	72005	7a7ff1bc6effbab8e1289aad052319cf00c3a02a9ba9594008a7fb05affc7aeb		Disposable chain extraction for completed monomer scoring; biophysics table retained
data/work/evo/26052/decoy_0209_monomer.pdb	71923	7a9229a50fa985a46f3bcaf1c321e309126e7de531b2710a06d6c99750b076df		Disposable chain extraction for completed monomer scoring; biophysics table retained
data/work/evo/26052/decoy_0211_monomer.pdb	71349	5046985ceb75d2f331a478195567b1816ceaf1444ce844f12f9e82818ab8d2f4		Disposable chain extraction for completed monomer scoring; biophysics table retained
data/work/evo/26052/decoy_0213_monomer.pdb	71595	52612144aca8f5608c79bdf2a20b703663bc85a12039aefbcd338c8824487b16		Disposable chain extraction for completed monomer scoring; biophysics table retained
data/work/evo/26052/decoy_0215_monomer.pdb	73071	b2d3c30a1e7669a9cf30ab177493c0c40d96e87215add3178610961d644c14c3		Disposable chain extraction for completed monomer scoring; biophysics table retained
data/work/evo/26052/decoy_0217_monomer.pdb	72169	0f92fcc7dca3d79514aff6f179a9fea192199d9b04adc25ced070ad4032f648e		Disposable chain extraction for completed monomer scoring; biophysics table retained
data/work/evo/26052/decoy_0220_monomer.pdb	71841	0a8a0b85f74c160b05cc4c2c1f80360f66e1233717904b62f9a6ee36064d8898		Disposable chain extraction for completed monomer scoring; biophysics table retained
data/work/evo/26052/decoy_0222_monomer.pdb	72169	814c0938b7d6f525c043fa5b853bf6a00719e43356dd6bb9d956c0b4b8cae545		Disposable chain extraction for completed monomer scoring; biophysics table retained
data/work/evo/26052/decoy_0224_monomer.pdb	70857	dca1ddac0a7e5df99dd1cc13525450b22d2396d72b844f77133d9c70f1d4f885		Disposable chain extraction for completed monomer scoring; biophysics table retained
data/work/evo/26052/decoy_0226_monomer.pdb	71595	540a8aa5f6863db6f0d0ae84d03d0e0af510ee1223d90fa28959efee74737172		Disposable chain extraction for completed monomer scoring; biophysics table retained
data/work/evo/26052/decoy_0228_monomer.pdb	71677	793357f33fe3959ede801a6bbcee14db840bac4cc2a98d44cbf650fbc4ec447b		Disposable chain extraction for completed monomer scoring; biophysics table retained
data/work/evo/26052/decoy_0230_monomer.pdb	70447	aa8de2f4d4cf532d38be8e6ec6e65a2731ecb2c70b1d7edd9590fe2d1c73abc4		Disposable chain extraction for completed monomer scoring; biophysics table retained
data/work/evo/26052/decoy_0232_monomer.pdb	71185	ea3fba24dc3588ac5ed284fef60bf79556898649e2ec19ae995366a529c86e91		Disposable chain extraction for completed monomer scoring; biophysics table retained
data/work/evo/26052/decoy_0234_monomer.pdb	71349	8e755f059f0eaa8f8f64e007a65a13d545cf9659d00a3d22bc0d028452f064f2		Disposable chain extraction for completed monomer scoring; biophysics table retained
data/work/evo/26052/decoy_0236_monomer.pdb	71923	63873f0b35923e72e1c16550a3b3faf40b099d1a4c27c41c01b3e7ab0a994ddb		Disposable chain extraction for completed monomer scoring; biophysics table retained
data/work/evo/26052/decoy_0238_monomer.pdb	71349	ba9136790b068d4e3e03e7fdd7410c3d14df6ecf11616bb979e32ae54fb4ee77		Disposable chain extraction for completed monomer scoring; biophysics table retained
data/work/evo/26052/decoy_0240_monomer.pdb	72087	a328102bc4be399d3f40c28b8af3df60a01e820cacdaa3b59c9fb64f60404439		Disposable chain extraction for completed monomer scoring; biophysics table retained
data/work/evo/26052/decoy_0242_monomer.pdb	72497	aed32f1f7798bac988776e3b4940b061ceb7f7c8ab38c92175d144c8ba8dc024		Disposable chain extraction for completed monomer scoring; biophysics table retained
data/work/evo/26052/decoy_0244_monomer.pdb	71595	561c7728db75be2bac0f2cc35a167bfb93c4d38cf0dd2cb37f775c008c1235ac		Disposable chain extraction for completed monomer scoring; biophysics table retained
data/work/evo/26052/decoy_0246_monomer.pdb	71513	354995e8cea2dff635cdf9b83c59578028c4a78c91ecc879a7aa478e802874b6		Disposable chain extraction for completed monomer scoring; biophysics table retained
data/work/evo/26052/decoy_0248_monomer.pdb	72907	5c772d88675ae83b90be10442fc532f7ecfd5f2318478c3c257f33d19b2a07a2		Disposable chain extraction for completed monomer scoring; biophysics table retained
data/work/evo/26052/decoy_0250_monomer.pdb	71431	41269cc3c20b4369969961d905a5b02bfb8816450a5cb0047e8b73c70c1c30b1		Disposable chain extraction for completed monomer scoring; biophysics table retained
data/work/evo/26052/decoy_0252_monomer.pdb	71513	2c934610f7091cd68f898801e6478d5e8e291146207820813e8a48ed0b09bf28		Disposable chain extraction for completed monomer scoring; biophysics table retained
data/work/evo/26052/decoy_0254_monomer.pdb	71021	99a5268fe22a9975d776f7b79b373b3ed7cd2bd7ba98d355f914785fcb3a03f8		Disposable chain extraction for completed monomer scoring; biophysics table retained
data/work/evo/26052/decoy_0256_monomer.pdb	72497	2531365cb001c169196e38ad4e43d75c8f40d5b224c5a14357e86477658af570		Disposable chain extraction for completed monomer scoring; biophysics table retained
data/work/evo/26052/decoy_0258_monomer.pdb	71841	d3e92ef000592ff7107184cac7576990aa2baf6419d5efe26224a7e8de8eb547		Disposable chain extraction for completed monomer scoring; biophysics table retained
data/work/evo/26052/decoy_0261_monomer.pdb	73071	e951366296dce9907572a2c9da16a119922249cdb50632bde16693794c7cde2e		Disposable chain extraction for completed monomer scoring; biophysics table retained
data/work/evo/26052/decoy_0263_monomer.pdb	71349	9ecc579bebf610d38df0c662446063080325a9881fb0430215cc508e464f5021		Disposable chain extraction for completed monomer scoring; biophysics table retained
data/work/evo/26052/decoy_0265_monomer.pdb	71677	ecbb892fc16c231efecf8cb8f86819d22516d2ad2c4442673ae761c7529e6b7c		Disposable chain extraction for completed monomer scoring; biophysics table retained
data/work/evo/26052/decoy_0267_monomer.pdb	69627	02da4bc9a0b7f6e77aa3ae1128eeb91f977f2c7defdc06f866fdcd235fcf4188		Disposable chain extraction for completed monomer scoring; biophysics table retained
data/work/evo/26052/decoy_0269_monomer.pdb	72415	4a5a48d5b091b879be42879375f29b83dd0bfe6f3819bf3d568b2c1ea3639676		Disposable chain extraction for completed monomer scoring; biophysics table retained
data/work/evo/26052/decoy_0270_monomer.pdb	71349	822135aed8b7104198778a8784554b19c526d2cccad7a20a3226d3bddc2976cd		Disposable chain extraction for completed monomer scoring; biophysics table retained
data/work/evo/26052/decoy_0273_monomer.pdb	71021	f3d3ebbf7025cca5fc385f93765bbeaea961630bebaa32f744039bf1c7ecc37a		Disposable chain extraction for completed monomer scoring; biophysics table retained
data/work/evo/26052/decoy_0275_monomer.pdb	71923	d212c4774617e47f679952c3c8771bf1decdcf72cd932e6d542470019e35f676		Disposable chain extraction for completed monomer scoring; biophysics table retained
data/work/evo/26052/decoy_0277_monomer.pdb	69791	fd6da458861cad39c6e968dd9296a8e259f7145e604da983578fa9ff44d06b22		Disposable chain extraction for completed monomer scoring; biophysics table retained
data/work/evo/26052/decoy_0279_monomer.pdb	71431	2a3f990059e7556546fdd2940366e0e7e092f48a3007575506fdef21f083ef52		Disposable chain extraction for completed monomer scoring; biophysics table retained
data/work/evo/26052/decoy_0281_monomer.pdb	73153	62aa8c15110e2adee41e0c49f7af1ce6a33bcf19861dd4b81a252128dab22642		Disposable chain extraction for completed monomer scoring; biophysics table retained
data/work/evo/26052/decoy_0283_monomer.pdb	71513	7e26ae3b7e3e7ee95718b591bd9ede45152fb7effd456d4cd9d774ad98b034d4		Disposable chain extraction for completed monomer scoring; biophysics table retained
data/work/evo/26052/decoy_0285_monomer.pdb	71923	e7b6ed7554a373e8369898d124feaab689ce0c1840baf13166e2b2c676110034		Disposable chain extraction for completed monomer scoring; biophysics table retained
data/work/evo/26052/decoy_0287_monomer.pdb	71677	88eebe0f1741741388d86ec877f74a2b18580a46b80402d4d38e407478963a33		Disposable chain extraction for completed monomer scoring; biophysics table retained
data/work/evo/26052/decoy_0289_monomer.pdb	69545	77c067a89f77b62787b4eb03f35c73c314066bd1b076d5aa50b03d0629db2bcd		Disposable chain extraction for completed monomer scoring; biophysics table retained
data/work/evo/26052/decoy_0291_monomer.pdb	72579	110c903b8ebf8e7e875719d536aade3fa1089fc42bc8b31f357ef9be8bcf7efb		Disposable chain extraction for completed monomer scoring; biophysics table retained
data/work/evo/26052/decoy_0293_monomer.pdb	70939	b52e71e999f6d8df09957b4377ec0f02568284b17476df74d44a68e86457e999		Disposable chain extraction for completed monomer scoring; biophysics table retained
data/work/evo/26052/decoy_0295_monomer.pdb	72415	50c425ad018d13d83d64affc401d0e904b6a9896b23b1722ebbbc9c695b3af23		Disposable chain extraction for completed monomer scoring; biophysics table retained
data/work/evo/26052/decoy_0297_monomer.pdb	70119	f690bad00d48aad06d65215ad9777e389dafa7765ea6a70e34843388e9a58e21		Disposable chain extraction for completed monomer scoring; biophysics table retained
data/work/evo/26052/decoy_0299_monomer.pdb	70365	2908a2305b3b85b0697b8970a2212eacb985a38afedc39ca3e9b37d724540496		Disposable chain extraction for completed monomer scoring; biophysics table retained
data/work/evo/26052/decoy_0301_monomer.pdb	71185	4d38feea199582f8b4363f1bc640a32dcd87a6cb6886fff6600b0f8c57378448		Disposable chain extraction for completed monomer scoring; biophysics table retained
data/work/evo/26052/decoy_0303_monomer.pdb	72497	c7011c70792eb1c921989929b1a91d02d44f39d25613c9fff80c014c35625926		Disposable chain extraction for completed monomer scoring; biophysics table retained
data/work/evo/26052/decoy_0305_monomer.pdb	71513	e8b5ee1d572b7e2538a811f12b952ac0cbb5033f64f2e4927d1ca4fcc99550f8		Disposable chain extraction for completed monomer scoring; biophysics table retained
data/work/evo/26052/decoy_0307_monomer.pdb	71267	703efee951d5c6ffd22e715ec7cdf9a4c07e0fa3487446a807c1aa1a1abe199b		Disposable chain extraction for completed monomer scoring; biophysics table retained
data/work/evo/26052/decoy_0309_monomer.pdb	72169	99307470884560bdd2dc8f8a8a2fd513f86c5dd81ead6612c2afcf91566e20d8		Disposable chain extraction for completed monomer scoring; biophysics table retained
data/work/evo/26052/decoy_0311_monomer.pdb	71185	0764d5205f857e015a94aeda3018d31341cd404d569df66a4fa46dc95a44a3b9		Disposable chain extraction for completed monomer scoring; biophysics table retained
data/work/evo/26052/decoy_0313_monomer.pdb	72005	baa61967e26d967beee4454f613b3e56781a057a13dd5b842f2d1083cf48143a		Disposable chain extraction for completed monomer scoring; biophysics table retained
data/work/evo/26052/decoy_0315_monomer.pdb	73153	9a2d64bbaf28a92869f14334443157f389b1a14413ce9d15b1d4ed700c798c3c		Disposable chain extraction for completed monomer scoring; biophysics table retained
data/work/evo/26052/decoy_0317_monomer.pdb	70529	d4dead46c02f865c05e87836c1b3741cbd54a4b49fbe64099918de777e7472fa		Disposable chain extraction for completed monomer scoring; biophysics table retained
data/work/evo/26052/decoy_0319_monomer.pdb	70857	a1e7f28a257865e2d1184bda128ab345c575b47edf13331f4c2a0fe77f135f88		Disposable chain extraction for completed monomer scoring; biophysics table retained
data/work/evo/26052/decoy_0321_monomer.pdb	72579	6d61a9cc24b58a6ca86980a1f50cabeff978a0509b41b5ecce9f2a428adff407		Disposable chain extraction for completed monomer scoring; biophysics table retained
data/work/evo/26052/decoy_0323_monomer.pdb	71841	7091fbb36f6802ba1dd21b350392a7125a37cb720a58c28a79389aeaa633fb4c		Disposable chain extraction for completed monomer scoring; biophysics table retained
data/work/evo/26052/decoy_0325_monomer.pdb	70693	6a9d4152a57b3cb5b1094eb9d5c5b6bd13b46aff6b2e48c87c0e2a75665f2ca8		Disposable chain extraction for completed monomer scoring; biophysics table retained
data/work/evo/26052/decoy_0327_monomer.pdb	72087	4837a98663bcb230996aeef1d1c457a29c113e4a5a71c43907221779cf1ab8cc		Disposable chain extraction for completed monomer scoring; biophysics table retained
data/work/evo/26052/decoy_0329_monomer.pdb	70693	2340800bb2c216e2b3542c38f14090eaf466dca8027a4e9d1d9434daf0857124		Disposable chain extraction for completed monomer scoring; biophysics table retained
data/work/evo/26052/decoy_0331_monomer.pdb	71513	3b8a1dacc622d4c8dbb8f9cfa8ffd9e100e42864d14d218b2c364ec0d34914e4		Disposable chain extraction for completed monomer scoring; biophysics table retained
data/work/evo/26052/decoy_0333_monomer.pdb	71431	89e864fe67c214a760ed95300a655173f9fa540a8053dc1bf8741657ca9bfbb8		Disposable chain extraction for completed monomer scoring; biophysics table retained
data/work/evo/26052/decoy_0335_monomer.pdb	70857	8e37965b11da2d6ad3cc9c029c3e597addd8fdd09b0c27195a8e7ded3e3e4c6b		Disposable chain extraction for completed monomer scoring; biophysics table retained
data/work/evo/26052/decoy_0337_monomer.pdb	71185	53a50e6de8d93e0c512f2a39873fc7465d68c7e392dee13c8d69c2df0ce4d683		Disposable chain extraction for completed monomer scoring; biophysics table retained
data/work/evo/26052/decoy_0339_monomer.pdb	71349	df2ccce1a8600354b27e7dc0e08676cec66211d4f4f6e6a10d1e8ddbf9135039		Disposable chain extraction for completed monomer scoring; biophysics table retained
data/work/evo/26052/decoy_0341_monomer.pdb	69135	042f8cd2f8102ccc9bb65657c313e214e08e1c382f1a623674d4b62a2e9db67d		Disposable chain extraction for completed monomer scoring; biophysics table retained
data/work/evo/26052/decoy_0343_monomer.pdb	71103	d3a4157e78ab2e7524bcf1a3e6c6af9c817b83d7f83479f6fa15a2f167cf7725		Disposable chain extraction for completed monomer scoring; biophysics table retained
data/work/evo/26052/decoy_0345_monomer.pdb	70939	9ea6802078453171e64a5f5b1481fa8fbb67c0d707b23d8835b91029fb242162		Disposable chain extraction for completed monomer scoring; biophysics table retained
data/work/evo/26052/decoy_0347_monomer.pdb	72005	02a80b64000af8abe16803eec80010a4bec543eb7ecbf17f2f0de3ee174496f3		Disposable chain extraction for completed monomer scoring; biophysics table retained
data/work/evo/26052/decoy_0349_monomer.pdb	72743	95683760c4e1ac3113330a2c2533a9e54f18abd955194566ec6c76f28bca8e24		Disposable chain extraction for completed monomer scoring; biophysics table retained
data/work/evo/26052/decoy_0351_monomer.pdb	72169	6df52e3f9292336db38680b5465ed7fe532e37c66b3526b4a0244f24f3289a18		Disposable chain extraction for completed monomer scoring; biophysics table retained
data/work/evo/26052/decoy_0353_monomer.pdb	72415	9478277fa89724991117ff9b3c4244716bb03bc0703d06808af70f891a21fb7d		Disposable chain extraction for completed monomer scoring; biophysics table retained
data/work/evo/26052/decoy_0355_monomer.pdb	71677	304b4b761b285c6c23aed316ef8cb5854df97bcc78142d4b9da1133d417835ff		Disposable chain extraction for completed monomer scoring; biophysics table retained
data/work/evo/26052/decoy_0357_monomer.pdb	72497	35b4b6193695385f6ef178e579054783fe03bc38d0661dad63a3aab677661022		Disposable chain extraction for completed monomer scoring; biophysics table retained
data/work/evo/26052/decoy_0359_monomer.pdb	71513	176be944b6f8d1bf72cc64bbe41d85adb821f548b57f2b7b582492b81d325437		Disposable chain extraction for completed monomer scoring; biophysics table retained
data/work/evo/26052/decoy_0361_monomer.pdb	72579	ea5c0fe92b1cdab4648581cd310cf782eadbbf133c9a79c236166390e87773b5		Disposable chain extraction for completed monomer scoring; biophysics table retained
data/work/evo/26052/decoy_0363_monomer.pdb	71923	d04bba1bda032fa8d626c4842fa9da11865709ae985aac1ba8753c29c938ef84		Disposable chain extraction for completed monomer scoring; biophysics table retained
data/work/evo/26052/decoy_0365_monomer.pdb	72825	0e806dba186d5d4e6022b042eb38a26393526b7901a7fd770e66e14cd8b01840		Disposable chain extraction for completed monomer scoring; biophysics table retained
data/work/evo/26052/decoy_0367_monomer.pdb	72251	f6bc0995b5f9369b802a991d764c9df0148c03f6354e92a07f48fc9c610a1446		Disposable chain extraction for completed monomer scoring; biophysics table retained
data/work/evo/26052/decoy_0369_monomer.pdb	72333	5407740cfce8d270ed1a1cf9ddeb8d2aa4f5594c10d2ebdab87c639cea3564db		Disposable chain extraction for completed monomer scoring; biophysics table retained
data/work/evo/26052/decoy_0371_monomer.pdb	71349	5c427eb76273357e79a03e8d22572ea1ae10ce6ac0e769d0c450225789bea664		Disposable chain extraction for completed monomer scoring; biophysics table retained
data/work/evo/26052/decoy_0373_monomer.pdb	70119	829ac637b813dad90ba607a434212e4f6ce924a799d884badce88e489e830f4d		Disposable chain extraction for completed monomer scoring; biophysics table retained
data/work/evo/26052/decoy_0375_monomer.pdb	70611	a6b2e24a865ffe45d8755dca0a9c23c4adb2a1bb0e90b4970bc42edc4631318e		Disposable chain extraction for completed monomer scoring; biophysics table retained
data/work/evo/26052/decoy_0377_monomer.pdb	71349	6f4d298dacd626ef11b078e394403b1ac9e7b22976f08a940f8108b9912cac8b		Disposable chain extraction for completed monomer scoring; biophysics table retained
data/work/evo/26052/decoy_0379_monomer.pdb	72415	8a395e129b06c416a85332f77cbfca2933659e1b0a67005d1c710399d87c126b		Disposable chain extraction for completed monomer scoring; biophysics table retained
data/work/evo/26052/decoy_0381_monomer.pdb	71431	926552fb9aeecdf91fadf9940196e85e2816376a3f512abfc3ebd995a0820ff2		Disposable chain extraction for completed monomer scoring; biophysics table retained
data/work/evo/26052/decoy_0383_monomer.pdb	65363	018996ffddcafcd52156df52b46ec033a5e1fa037a5654fa70d9803e003172c3		Disposable chain extraction for completed monomer scoring; biophysics table retained
data/work/evo/26052/decoy_0385_monomer.pdb	66921	9b8a3051102ced470fabdcb340263a6c8149260d33fd5ce07ab7ff6c1e07ff13		Disposable chain extraction for completed monomer scoring; biophysics table retained
data/work/evo/26052/decoy_0387_monomer.pdb	67413	2c42329c845f83aa9f1763ddaab09a10998ba73db49041ea856f8c67e5780841		Disposable chain extraction for completed monomer scoring; biophysics table retained
data/work/evo/26052/decoy_0389_monomer.pdb	69709	ea7d9de86be1220aa5eb45eedb43e6cc037a53411b21ab156ddf6eaf59234f7a		Disposable chain extraction for completed monomer scoring; biophysics table retained
data/work/evo/26052/decoy_0391_monomer.pdb	69217	11e5a1cc51b4c892f4320efa075bd059495ce1fd5e994b99a1beb5ef0acf5406		Disposable chain extraction for completed monomer scoring; biophysics table retained
data/work/evo/26052/decoy_0393_monomer.pdb	68397	05292d71967b58c4f732e6f675350a1c3db1b5df9cf7698374304e6bd8248f16		Disposable chain extraction for completed monomer scoring; biophysics table retained
data/work/evo/26052/decoy_0395_monomer.pdb	69709	5984138b643208fe45c286a1f95b0abba7283ee39a56bfcb1659e10aa0a022db		Disposable chain extraction for completed monomer scoring; biophysics table retained
data/work/evo/26052/decoy_0397_monomer.pdb	70857	741f1d76300b25aa09cc6666acadb48d4d7f30a0bda69f0631594ef03d43612f		Disposable chain extraction for completed monomer scoring; biophysics table retained
data/work/evo/26052/decoy_0399_monomer.pdb	69053	4c2a08cd0ee4ebc2f6f94cf0f1ae97cec7ff5f9f7198ae76297d024fb47d23a9		Disposable chain extraction for completed monomer scoring; biophysics table retained
data/work/evo/26052/decoy_0401_monomer.pdb	66347	ebaddb6dc03528dbe2bd14c994eb0e9d02f510db925d4858473e3ae618ebb25c		Disposable chain extraction for completed monomer scoring; biophysics table retained
data/work/evo/26052/decoy_0403_monomer.pdb	69217	7c0e1f3cf72681ee98395c5c36790d7345b9c0bd702459dd42afdb0c6cc76a4d		Disposable chain extraction for completed monomer scoring; biophysics table retained
data/work/evo/26052/decoy_0405_monomer.pdb	69791	7f496e9c78123656e6ed4c3c6e036497c4583cf830703cf1a59e9f4cc600ecd0		Disposable chain extraction for completed monomer scoring; biophysics table retained
data/work/evo/26052/decoy_0407_monomer.pdb	70365	24a05880786da71beabf6c433227d84aead9ad6bbc5a650db2fdc17d1978cdd2		Disposable chain extraction for completed monomer scoring; biophysics table retained
data/work/evo/26052/decoy_0409_monomer.pdb	69791	46b2eb42b00a26f54b1a3cdb5b647efffae37658dcf9f5d9660b920990bc1ba8		Disposable chain extraction for completed monomer scoring; biophysics table retained
data/work/evo/26052/decoy_0411_monomer.pdb	69217	863fa8d454b2d5bc0673636ff49971404c77450e690876a618181e0e3f13685a		Disposable chain extraction for completed monomer scoring; biophysics table retained
data/work/evo/26052/decoy_0413_monomer.pdb	67495	c811e61b544e849e4cf402df61a675e85fa12a30066a8998e8a1f002605cd19c		Disposable chain extraction for completed monomer scoring; biophysics table retained
data/work/evo/26052/decoy_0415_monomer.pdb	70037	92cd7f1f1f03f536860fd63bdc9a27996e01d20a3c89b1ac8e76d0e3b6564259		Disposable chain extraction for completed monomer scoring; biophysics table retained
data/work/evo/26052/decoy_0417_monomer.pdb	68643	eb816095fbd968d88c058129e97a30961b5ab399fbd6437348dc4fd74d2a6010		Disposable chain extraction for completed monomer scoring; biophysics table retained
data/work/evo/26052/decoy_0419_monomer.pdb	71185	57578fc75a65605ceaf00cf8eba3653d6ab93f2269c4f97ae667706d0861c71b		Disposable chain extraction for completed monomer scoring; biophysics table retained
data/work/evo/26052/decoy_0421_monomer.pdb	68151	476b85cb381fca675083cda2ffe470c74eb4b3b07f1e9d92360fe197fe3b7a8a		Disposable chain extraction for completed monomer scoring; biophysics table retained
data/work/evo/26052/decoy_0423_monomer.pdb	69217	6f8065a8b1c3b108f18894ef6adc4b641790ca6b8a6371dc84cd2b2320024e4f		Disposable chain extraction for completed monomer scoring; biophysics table retained
data/work/evo/26052/decoy_0425_monomer.pdb	69627	a902cf9b4becd81bae838230f7c9d0e8d30a2ce9a4dfc812d080befad432b9af		Disposable chain extraction for completed monomer scoring; biophysics table retained
data/work/evo/26052/decoy_0427_monomer.pdb	69955	d66c3cfb2cfccc4e8c602db1d8d5c407ba7da1e730cf55a49b9a2bb296840f22		Disposable chain extraction for completed monomer scoring; biophysics table retained
data/work/evo/26052/decoy_0429_monomer.pdb	67249	634bec1618246aad1830952a68565d7485253904ac6c035dbdaf59608813b6dd		Disposable chain extraction for completed monomer scoring; biophysics table retained
data/work/evo/26052/decoy_0431_monomer.pdb	69217	18b8ee48432c26ca090a84fdd07bc12db5e8d5385db7516c05ac0a5bdb8c5083		Disposable chain extraction for completed monomer scoring; biophysics table retained
data/work/evo/26052/decoy_0433_monomer.pdb	68479	1fb620e81d40ae5be4dabdd0767b3f20aadd6e38ce25bf19aeba9fef84acf398		Disposable chain extraction for completed monomer scoring; biophysics table retained
data/work/evo/26052/decoy_0435_monomer.pdb	69709	eee43eba8b45839841fb9e3d401f1c9cb48e895154eece59c7eb6bc2b884045f		Disposable chain extraction for completed monomer scoring; biophysics table retained
data/work/evo/26052/decoy_0437_monomer.pdb	69135	0b23d44bc7327b90ba284a27c3e49ed5f688d36caa50929733f3f2ae2cf3307e		Disposable chain extraction for completed monomer scoring; biophysics table retained
data/work/evo/26052/decoy_0439_monomer.pdb	66921	a890b6889d06aef43ef76ed8d635ad5704144023f64c25f20498d3e59fac48e9		Disposable chain extraction for completed monomer scoring; biophysics table retained
data/work/evo/26052/decoy_0441_monomer.pdb	68807	2beacbbb718a41fbaecff3a361e4c1be85fc0138b974904ee7bc891e860063a5		Disposable chain extraction for completed monomer scoring; biophysics table retained
data/work/evo/26052/decoy_0443_monomer.pdb	66429	9bab32ef19df9a0309b61d2dd9a5402bb347576c19a400ca08c7cdf4b61f496b		Disposable chain extraction for completed monomer scoring; biophysics table retained
data/work/evo/26052/decoy_0445_monomer.pdb	70857	afbacbb804c9fda4b2792b0009172037cf21bc3df13007d7972ae5061c3d807d		Disposable chain extraction for completed monomer scoring; biophysics table retained
data/work/evo/26052/decoy_0447_monomer.pdb	68233	ade3ebcbf526dbb9ea5bdd76ff6efbf593e9a12825b2a7e0d73aebdcc17fd42d		Disposable chain extraction for completed monomer scoring; biophysics table retained
data/work/evo/26052/decoy_0449_monomer.pdb	68807	d8a310e2bd2521b53031a36f57896333f378a20b2325ce0f7f498a0dbf16ec3c		Disposable chain extraction for completed monomer scoring; biophysics table retained
data/work/evo/26052/decoy_0451_monomer.pdb	68315	a4bf409ee5dec295fe0cff44be049746830cb47cfcf76eb8ce127f833b38cd56		Disposable chain extraction for completed monomer scoring; biophysics table retained
data/work/evo/26052/decoy_0453_monomer.pdb	69545	eede7ee5047ed27f6101e5d87b036ea1526c1a5eb2c4f0beec1037093b3ca027		Disposable chain extraction for completed monomer scoring; biophysics table retained
data/work/evo/26052/decoy_0455_monomer.pdb	68971	90e7f3bd43bcc643b4f5e06af20913e584ff0c69a5eb305263701c2f8cb9fcab		Disposable chain extraction for completed monomer scoring; biophysics table retained
data/work/evo/26052/decoy_0457_monomer.pdb	67085	de2305f2c5cc5c4c7689fd4401429a5329521dfb2356f9e1b8ea1ab3b4fe00dc		Disposable chain extraction for completed monomer scoring; biophysics table retained
data/work/evo/26052/decoy_0459_monomer.pdb	68151	cf0545315b44f90d6826f1eea27883fbcb5ffeb208d112f8934c40c28383f61f		Disposable chain extraction for completed monomer scoring; biophysics table retained
data/work/evo/26052/decoy_0461_monomer.pdb	66675	9a3ce67319b15203a5e77632404571daa9a72a984b8eddda530df30738c459a5		Disposable chain extraction for completed monomer scoring; biophysics table retained
data/work/evo/26052/decoy_0463_monomer.pdb	66347	61a52f70accf39700c5a3e48d5db8e15c678dc7e51ee5d6e6cf4fa91b21d4f18		Disposable chain extraction for completed monomer scoring; biophysics table retained
data/work/evo/26052/decoy_0465_monomer.pdb	70037	2c34606edacfcb6b494a7d452bced5b7092d1f11cb5ad3036f47fbe81be1af99		Disposable chain extraction for completed monomer scoring; biophysics table retained
data/work/evo/26052/decoy_0467_monomer.pdb	66019	30735ba4d86605ec8429d4fd2722e95c6b9ab24714d8587a3bd32b2beeb14924		Disposable chain extraction for completed monomer scoring; biophysics table retained
data/work/evo/26052/decoy_0469_monomer.pdb	69463	950f3aee0a4b88dd6128186dde93af29e32fcac534b7eed21a7c750d14ca4334		Disposable chain extraction for completed monomer scoring; biophysics table retained
data/work/evo/26052/decoy_0471_monomer.pdb	69627	03bbef4bb9aec43b1e2095c10b17c7d9790f3426b315e596be449bed98003406		Disposable chain extraction for completed monomer scoring; biophysics table retained
data/work/evo/26052/decoy_0473_monomer.pdb	66183	0507c9e3d429298f7d2dc32dd598b0d712e465a5a3fd58947cbd5418cb236768		Disposable chain extraction for completed monomer scoring; biophysics table retained
data/work/evo/26052/decoy_0475_monomer.pdb	67413	391e0c55b690dcebd12b29cc930705bddcfb346c89dab8f580a06c2119acaf4e		Disposable chain extraction for completed monomer scoring; biophysics table retained
data/work/evo/26052/decoy_0476_monomer.pdb	71267	8822a6771fca035d4552db68f553a82e3dd833f39cd3b7ee2da15008fb496604		Disposable chain extraction for completed monomer scoring; biophysics table retained
data/work/evo/26052/decoy_0478_monomer.pdb	68643	cdc09163c9807ed2ecf27351eaab5feea6f7a680ea4240c5eac1cd5f1db0e3a4		Disposable chain extraction for completed monomer scoring; biophysics table retained
data/work/evo/26052/decoy_0480_monomer.pdb	65691	7ceb09b4544dbc7080afe58816e6c5177667cc921c02bdfb360d5fa3ecac9eb2		Disposable chain extraction for completed monomer scoring; biophysics table retained
data/work/evo/26052/decoy_0482_monomer.pdb	65773	2d61469423ed2967ec397b385f2949279d8f56a2f15a94635d310d88f3b8d2f7		Disposable chain extraction for completed monomer scoring; biophysics table retained
data/work/evo/26052/decoy_0484_monomer.pdb	70119	cfb0ad4bc798454eb21dce37bf4b38750e03008f976185320a119a14f0609eb5		Disposable chain extraction for completed monomer scoring; biophysics table retained
data/work/evo/26052/decoy_0486_monomer.pdb	65199	1f7f99878bc6a288d1030d5d038ddaf9caed9da84678bc8725e278b252f71c43		Disposable chain extraction for completed monomer scoring; biophysics table retained
data/work/evo/26052/decoy_0488_monomer.pdb	65855	a5841c6976f07facf23c2dc1ec0cdae4c17c3208fff811f03916869e70eccd3e		Disposable chain extraction for completed monomer scoring; biophysics table retained
data/work/evo/26052/decoy_0490_monomer.pdb	69709	80da66fdf10025e09db7acaf4c7b69e2dce0c0d7f697c4d86115bf7586d00ba3		Disposable chain extraction for completed monomer scoring; biophysics table retained
data/work/evo/26052/decoy_0492_monomer.pdb	69135	50244a830b551a7ba4d9627de3cfd42170474cc8283edea06b6dd081b2a59b8c		Disposable chain extraction for completed monomer scoring; biophysics table retained
data/work/evo/26052/decoy_0494_monomer.pdb	68233	d8b25d033b6e9084f04cc9d19995935a373e3a29257fd7eb98051c4e5f192a32		Disposable chain extraction for completed monomer scoring; biophysics table retained
data/work/evo/26052/decoy_0496_monomer.pdb	69217	fb85eced44f704f17cd7706debad5bd782777cae9bd5ea3ce0265a8cac4f8c81		Disposable chain extraction for completed monomer scoring; biophysics table retained
data/work/evo/26052/decoy_0498_monomer.pdb	71103	0e59b17da7931e5f16c6393ac04e2a1ef4d8fbd2e9a192d58cae019816ce191b		Disposable chain extraction for completed monomer scoring; biophysics table retained
data/work/evo/26052/decoy_0500_monomer.pdb	68561	3a587a3d89c634542c51ba1803d1594385bd94807912bb844a3d8c63a948738f		Disposable chain extraction for completed monomer scoring; biophysics table retained
data/work/evo/26052/decoy_0502_monomer.pdb	67167	7160d996cf89dc837a79fbb004acda277402bb3b6e03412fa288dc663d329d56		Disposable chain extraction for completed monomer scoring; biophysics table retained
data/work/evo/26052/decoy_0504_monomer.pdb	69299	790a3046a3eded2ab492b3ab166165ba5029647233262f8ac55751e5b30ae650		Disposable chain extraction for completed monomer scoring; biophysics table retained
data/work/evo/26052/decoy_0506_monomer.pdb	70201	8d8320ed723ca6f9424747c0b3170c87e6fff452a37cae68e8c052eec6790c03		Disposable chain extraction for completed monomer scoring; biophysics table retained
data/work/evo/26052/decoy_0509_monomer.pdb	69053	8d550df6dd49136657b6f96e77756c5392dc919ec84aa2cceb0ca7e476b5ac57		Disposable chain extraction for completed monomer scoring; biophysics table retained
data/work/evo/26052/decoy_0511_monomer.pdb	66101	3be3afc51e818cc5ca5b930d258c6c5a57701e4382306cff863d935d7d945d6b		Disposable chain extraction for completed monomer scoring; biophysics table retained
data/work/evo/26052/decoy_0513_monomer.pdb	69627	319a11c808a85bf386014f6069de150861420f2c7f855ae2cf03389e22b91be1		Disposable chain extraction for completed monomer scoring; biophysics table retained
data/work/evo/26052/decoy_0514_monomer.pdb	69955	bf31bbe706bdf21201fe4a684de4a87b11d0f56fa4ba0c0d756cd285360e5f50		Disposable chain extraction for completed monomer scoring; biophysics table retained
data/work/evo/26052/decoy_0517_monomer.pdb	70119	93c7385a07751cabd9651bc3d759ae048e9beb54539000ce7a6bf12f2105091c		Disposable chain extraction for completed monomer scoring; biophysics table retained
data/work/evo/26052/decoy_0519_monomer.pdb	68397	e844dd75d1ef198fb5ba93ac33888e9d50e529e0251e143e48c3e40e202fb838		Disposable chain extraction for completed monomer scoring; biophysics table retained
data/work/evo/26052/decoy_0521_monomer.pdb	67577	67d2c11e7510d5a772e243999bdb7fe9c36f7d33c4e89276b52ea4615b8bd3d6		Disposable chain extraction for completed monomer scoring; biophysics table retained
data/work/evo/26052/decoy_0523_monomer.pdb	69545	7ffe460e326c41d54cec8b4ae321d96929f7b4c01a147f8c4b5036a537cd075f		Disposable chain extraction for completed monomer scoring; biophysics table retained
data/work/evo/26052/decoy_0525_monomer.pdb	70447	4c96ce9f9228a9e996770be2a6bcfecfac99162f8b8a985bfb2d2b6725a5929c		Disposable chain extraction for completed monomer scoring; biophysics table retained
data/work/evo/26052/decoy_0527_monomer.pdb	69381	88499c4e999151b53e0df4469d9fce51041cf1bfc6a818311710353ab3735b1a		Disposable chain extraction for completed monomer scoring; biophysics table retained
data/work/evo/26052/decoy_0529_monomer.pdb	68233	ed3b41dce624897b91c107a3a25e85e1dec74ad265387dcafb0cef7882a78307		Disposable chain extraction for completed monomer scoring; biophysics table retained
data/work/evo/26052/decoy_0531_monomer.pdb	70529	7cdd64d24e822128de50244c0bc8090da24c00f692dd4eab9f41836b350d4de7		Disposable chain extraction for completed monomer scoring; biophysics table retained
data/work/evo/26052/decoy_0533_monomer.pdb	69217	9f5df958735eaa5eb0eae87ed4f1cd9770718c86d99cdebe2fe0e201bde4d39c		Disposable chain extraction for completed monomer scoring; biophysics table retained
data/work/evo/26052/decoy_0535_monomer.pdb	67331	ffd5abe1f30130e8534ca4d6e156eaea5550955ea8fbb5ac3e7d584340f0ddda		Disposable chain extraction for completed monomer scoring; biophysics table retained
data/work/evo/26052/decoy_0537_monomer.pdb	68315	ed40bda846a36a5ae19283d1e152538de94acb39cee3823a74b7aada8734e0a7		Disposable chain extraction for completed monomer scoring; biophysics table retained
data/work/evo/26052/decoy_0539_monomer.pdb	69135	f36f37bcfd8c9079601e6baa632a5f1b872b71e5da13ee0733c95aa2cba9a650		Disposable chain extraction for completed monomer scoring; biophysics table retained
data/work/evo/26052/decoy_0541_monomer.pdb	69709	1b2fb06502e0b0a5a9eaafe10d8b902fe654b3a0a0db0d112e64560f8651bd01		Disposable chain extraction for completed monomer scoring; biophysics table retained
data/work/evo/26052/decoy_0543_monomer.pdb	68807	64f993a72437b2a6bee36acba3b9a1a9a03bb28f6f30e21e45863c316d69519a		Disposable chain extraction for completed monomer scoring; biophysics table retained
data/work/evo/26052/decoy_0545_monomer.pdb	67003	351c4bc42f2f40690909e99857b58eb828772adab139ab09e134c2442b6c05af		Disposable chain extraction for completed monomer scoring; biophysics table retained
data/work/evo/26052/decoy_0547_monomer.pdb	66183	715891c3735a0d1cff36ec0e168e95bbde8c3db5a334d4bb231ff8658532e219		Disposable chain extraction for completed monomer scoring; biophysics table retained
data/work/evo/26052/decoy_0549_monomer.pdb	68725	402b80402544bd94f845c3ee999ae319c6066c611b4e985b1304f29ddac5cc9d		Disposable chain extraction for completed monomer scoring; biophysics table retained
data/work/evo/26052/decoy_0551_monomer.pdb	65609	bfb07b5ab7e2b53394249ee275959d76efae26ceb22b78b0a84f275a4334bb37		Disposable chain extraction for completed monomer scoring; biophysics table retained
data/work/evo/26052/decoy_0553_monomer.pdb	68151	0747cc5a42e096a0c2418098235e12cd9114ba22399b77791fac897e890a8ac5		Disposable chain extraction for completed monomer scoring; biophysics table retained
data/work/evo/26052/decoy_0555_monomer.pdb	68643	90b502af1eb136a4e8a155d3dc55e2b5c9ea3c88fae3b0e79a5399d80b16de7f		Disposable chain extraction for completed monomer scoring; biophysics table retained
data/work/evo/26052/decoy_0557_monomer.pdb	71103	f47d39055fb8815993f72c9303d52d18a6415b9f49e24eb503bd605e8bb2ab8a		Disposable chain extraction for completed monomer scoring; biophysics table retained
data/work/evo/26052/decoy_0559_monomer.pdb	68643	4859880e34be5c2e16312e214140e55bd5d60eb99c464141ea7de2a99e88cb91		Disposable chain extraction for completed monomer scoring; biophysics table retained
data/work/evo/26052/decoy_0561_monomer.pdb	68233	1e1c4e491b50fb845f9d28ab0ae53e03dfb1d8c643e38b7c2269c2248fc345d5		Disposable chain extraction for completed monomer scoring; biophysics table retained
data/work/evo/26052/decoy_0562_monomer.pdb	66921	5403d107ac6fd78c4d42ccebcf6bdd81e84c40ecfbf98f6fa3ae596ce66568d2		Disposable chain extraction for completed monomer scoring; biophysics table retained
data/work/evo/26052/decoy_0564_monomer.pdb	66101	64b4d41e0010979699b656ded5896f2048ff222792ae86d0c48f04abb80e0006		Disposable chain extraction for completed monomer scoring; biophysics table retained
data/work/evo/26052/decoy_0566_monomer.pdb	67905	b077a23cf5867e33358badfa122458d867b928a6f5ed2fab9e0f17a0ea44f8d3		Disposable chain extraction for completed monomer scoring; biophysics table retained
data/work/evo/26052/decoy_0568_monomer.pdb	68479	9d41edc725aced07633d9988fbd0b5fb9a6a8bd8a37b1a82cde7f1d1c781eb71		Disposable chain extraction for completed monomer scoring; biophysics table retained
data/work/evo/26052/decoy_0570_monomer.pdb	64953	f2ceeb6c6b298b46bd261cea7cd6dcd89f46ad0b0c3af5abe2959842bd8f6d80		Disposable chain extraction for completed monomer scoring; biophysics table retained
data/work/evo/26052/decoy_0572_monomer.pdb	70119	83e5c877a60f4a6245b65bd25f02ab607340212c1ebf3ad88fdb943537d2f5ed		Disposable chain extraction for completed monomer scoring; biophysics table retained
data/work/evo/26052/decoy_0574_monomer.pdb	69791	cd68d053aec69663f0685ad38bf32f8652886d4baea3fe71034ee99ed4c32466		Disposable chain extraction for completed monomer scoring; biophysics table retained
data/work/evo/26052/decoy_0576_monomer.pdb	71349	a7fe86b682dc43322e575da7f770953ad1df28175ffe5e4f695af5e8e3db8849		Disposable chain extraction for completed monomer scoring; biophysics table retained
data/work/evo/26052/decoy_0578_monomer.pdb	69627	6c63b133226862f1d3d0de19e0f3f84abff45c94d9f4c79600423a2cfeec6cbc		Disposable chain extraction for completed monomer scoring; biophysics table retained
data/work/evo/26052/decoy_0580_monomer.pdb	69791	0f932a589acd80365410ba43e45714f43190516c690155475c145cd4968464db		Disposable chain extraction for completed monomer scoring; biophysics table retained
data/work/evo/26052/decoy_0582_monomer.pdb	69381	c4373b412d6f3607d2cb6e58c08a84a350e3744d4ea434deef947f35d6e55027		Disposable chain extraction for completed monomer scoring; biophysics table retained
data/work/evo/26052/decoy_0584_monomer.pdb	69873	f3c8cbd2edd60cf3372d6c00638adeafec00d5cce6eef378bb112da606e10e4d		Disposable chain extraction for completed monomer scoring; biophysics table retained
data/work/evo/26052/decoy_0586_monomer.pdb	70447	17fdecf9fea7e41424a14913275b256ece239d2e343cc5f16b69ce9b64687653		Disposable chain extraction for completed monomer scoring; biophysics table retained
data/work/evo/26052/decoy_0588_monomer.pdb	71677	1bf41ca160e973b0883cea45af760f4646ece2616f4b4ebba292ca7610b29265		Disposable chain extraction for completed monomer scoring; biophysics table retained
data/work/evo/26052/decoy_0590_monomer.pdb	69463	2034edce3db732578ff25e2d54e3b7822e34c16eb25ff177b8be5f11788138ce		Disposable chain extraction for completed monomer scoring; biophysics table retained
data/work/evo/26052/decoy_0592_monomer.pdb	68725	13adee78c38bb059ae069ce632cf72fad772e93e2d8565f0b8e9569cdd4f4acc		Disposable chain extraction for completed monomer scoring; biophysics table retained
data/work/evo/26052/decoy_0594_monomer.pdb	71103	ce2d21c12ce3a739014963fc25ab6a3bb8e1240af18b5165a6dc1985ac460f0f		Disposable chain extraction for completed monomer scoring; biophysics table retained
data/work/evo/26052/decoy_0596_monomer.pdb	71185	f0115e729d7011eddd8d85779e0c3211d8394cf0ac401627b3f4091eacc0cfeb		Disposable chain extraction for completed monomer scoring; biophysics table retained
data/work/evo/26052/decoy_0598_monomer.pdb	71185	4339cd72b61589dbcd687310333b793e2275eecf1c038b94af2f30d49fc60164		Disposable chain extraction for completed monomer scoring; biophysics table retained
data/work/evo/26052/decoy_0600_monomer.pdb	70939	7c182d3ad3a08ab4b9af7afc83081f8dc36e60eeeff30c81f3f89b26afe90a17		Disposable chain extraction for completed monomer scoring; biophysics table retained
data/work/evo/26052/decoy_0602_monomer.pdb	70119	59341e7a6022a561168b8fe95a93e3934b01c10790ed2565b6602d41bd82b08f		Disposable chain extraction for completed monomer scoring; biophysics table retained
data/work/evo/26052/decoy_0604_monomer.pdb	69709	62edf93e8c6608d448614e279fe4b9e06165e71ef62792c46e6d02e339095b52		Disposable chain extraction for completed monomer scoring; biophysics table retained
data/work/evo/26052/decoy_0606_monomer.pdb	72497	a6331822a58402f0a1152a842d489a837c97f7666f8391897281268839437009		Disposable chain extraction for completed monomer scoring; biophysics table retained
data/work/evo/26052/decoy_0608_monomer.pdb	70037	ddb1fa64e960420e30fb0311895574b1490072965a0df4d72463ad35b347dae5		Disposable chain extraction for completed monomer scoring; biophysics table retained
data/work/evo/26052/decoy_0610_monomer.pdb	70201	f3bed111a00575ad2d095f990305e468f5698100c0a074a5cea625c02e643b41		Disposable chain extraction for completed monomer scoring; biophysics table retained
data/work/evo/26052/decoy_0612_monomer.pdb	69955	33f01ccb6b66d8377837d0cc3bf2f0b9432f7e0afb8aa39cdf9a41ffa1b69d7d		Disposable chain extraction for completed monomer scoring; biophysics table retained
data/work/evo/26052/decoy_0614_monomer.pdb	71103	0663209b9f76f6dc42ff16b56530cbdb8d52e4217b74d7374f82ba6945c3d95a		Disposable chain extraction for completed monomer scoring; biophysics table retained
data/work/evo/26052/decoy_0616_monomer.pdb	70775	8a6d155287ff9720a4c3281e2db8700e6eee395546c39cd887ef4b2a4b8d6563		Disposable chain extraction for completed monomer scoring; biophysics table retained
data/work/evo/26052/decoy_0618_monomer.pdb	70037	ccf54921428f7ab6c1431ada3b225fce22ead4d4254bbb0fefd764b12d048f2c		Disposable chain extraction for completed monomer scoring; biophysics table retained
data/work/evo/26052/decoy_0620_monomer.pdb	71677	4040bffd2efd06bd793fe5365ac6574dfa96e38105627f032dfe80ea2f1d1d29		Disposable chain extraction for completed monomer scoring; biophysics table retained
data/work/evo/26052/decoy_0622_monomer.pdb	70119	5289f1bb3e3956bf91ad14f1ab02e400cee9f3ff8922371020df2fd9d0ada111		Disposable chain extraction for completed monomer scoring; biophysics table retained
data/work/evo/26052/decoy_0624_monomer.pdb	70037	24c068f04fe13759e9971652685b64caf59e55c0c3edb6d791c8f80f514a21fb		Disposable chain extraction for completed monomer scoring; biophysics table retained
data/work/evo/26052/decoy_0626_monomer.pdb	69299	ea162f3af81e7d2c858419cd2ea2c142c141c4f0b69b78ac104f3c3ee268486d		Disposable chain extraction for completed monomer scoring; biophysics table retained
data/work/evo/26052/decoy_0628_monomer.pdb	71185	1215b2b9ca229c3155352d76706619f845cd812e770db50e1c5e1f6fe4059722		Disposable chain extraction for completed monomer scoring; biophysics table retained
data/work/evo/26052/decoy_0630_monomer.pdb	71103	3cdda9003af913fe8a031684262b0011903033535a73448be32646f83fd0e7e7		Disposable chain extraction for completed monomer scoring; biophysics table retained
data/work/evo/26052/decoy_0632_monomer.pdb	70447	330c9f91b7d949c2c57ba1f11f73273ad38dd4b455dc15f9e6e3d0df08fa0db5		Disposable chain extraction for completed monomer scoring; biophysics table retained
data/work/evo/26052/decoy_0634_monomer.pdb	68807	d766a5094db590f57c59805ed77507293e11aeb00316633961fe2fd87c1cd808		Disposable chain extraction for completed monomer scoring; biophysics table retained
data/work/evo/26052/decoy_0636_monomer.pdb	71103	eceb61cbbc4585b3385c3fb4517b357bc036a504a1c90f2e238569755f8b05c2		Disposable chain extraction for completed monomer scoring; biophysics table retained
data/work/evo/26052/decoy_0638_monomer.pdb	71021	0d393dc0b91a43fbc81f1ed491365abd5b2317a5b471360578ed43e98cdd730d		Disposable chain extraction for completed monomer scoring; biophysics table retained
data/work/evo/26052/decoy_0640_monomer.pdb	70693	90014529dd4c725a734474a03a1518286f936fac04c7e6320e6a068bf2410cc4		Disposable chain extraction for completed monomer scoring; biophysics table retained
data/work/evo/26052/decoy_0642_monomer.pdb	69709	ed6f3a441e577a414b0fea899245fdd2f510b9da6268acee6270d14335712da9		Disposable chain extraction for completed monomer scoring; biophysics table retained
data/work/evo/26052/decoy_0644_monomer.pdb	70037	b2dc63ce526bf894b1cc764d6997f97be5f1f3535ab61bf859c2e10cf89d1d0a		Disposable chain extraction for completed monomer scoring; biophysics table retained
data/work/evo/26052/decoy_0646_monomer.pdb	69873	170071954cb4ddc47b5f3c1139edaed66aa163df4054b14dfd0838670c2c87aa		Disposable chain extraction for completed monomer scoring; biophysics table retained
data/work/evo/26052/decoy_0648_monomer.pdb	71349	a1e9b94341fe1debd877e4b65d7e38b0bf71449cc3a309cf24e99301cbde6983		Disposable chain extraction for completed monomer scoring; biophysics table retained
data/work/evo/26052/decoy_0650_monomer.pdb	70037	d9e7e6f02c11995f1996cf21a4c7b5880acf5b4b48b5893e1fe232b498162338		Disposable chain extraction for completed monomer scoring; biophysics table retained
data/work/evo/26052/decoy_0652_monomer.pdb	70447	d32bf50683410f895cb35d020863ef3662fcc9925d8efe1fe4718d624ed6e028		Disposable chain extraction for completed monomer scoring; biophysics table retained
data/work/evo/26052/decoy_0654_monomer.pdb	71595	7c491ee7ce9fba689103f2e589dcc6a4d1329962babe2ae59a48fcfadcd893db		Disposable chain extraction for completed monomer scoring; biophysics table retained
data/work/evo/26052/decoy_0656_monomer.pdb	71595	59985c9f3a2b8db4392d0dc1bfcc32d8c1afd91fe07013e40fcb7bba94897150		Disposable chain extraction for completed monomer scoring; biophysics table retained
data/work/evo/26052/decoy_0658_monomer.pdb	69791	b492af288391415772b12347a1ce05bed5699289b7fca3b4526896cb285801f5		Disposable chain extraction for completed monomer scoring; biophysics table retained
data/work/evo/26052/decoy_0660_monomer.pdb	71431	db12a3aee96a50accdb2a24d67a3e3dd34ec3c3b439df16118ef1ce88ea24de6		Disposable chain extraction for completed monomer scoring; biophysics table retained
data/work/evo/26052/decoy_0662_monomer.pdb	69299	45d0a46857ac490c7ea3cab11d26cac2fc2793fd9d50c15b7d59789cdc81c79e		Disposable chain extraction for completed monomer scoring; biophysics table retained
data/work/evo/26052/decoy_0664_monomer.pdb	71595	6614fa17df787aa7c9f156e4b18deaa1aaa5f197f1e07570d030d52d0c4b60a7		Disposable chain extraction for completed monomer scoring; biophysics table retained
data/work/evo/26052/decoy_0666_monomer.pdb	70611	74c8a31462f25fe31edd6b1f5499eb7ddebdcd9bff8c0530c255348c4970e9c0		Disposable chain extraction for completed monomer scoring; biophysics table retained
data/work/evo/26052/decoy_0668_monomer.pdb	71021	7d55c7392432ceb707cc3b8d79a875e62668e48bf42195a843d33564c763fa09		Disposable chain extraction for completed monomer scoring; biophysics table retained
data/work/evo/26052/decoy_0670_monomer.pdb	70611	0debab4092be38cc2b72eb3efb1e4f0e18d6f40fd75d15a570af7cf978ec55ad		Disposable chain extraction for completed monomer scoring; biophysics table retained
data/work/evo/26052/decoy_0672_monomer.pdb	70037	0c2f016fd16f4710e265632dad4f55813b5f9c77e34c7f5b4e1f4665f1a313d0		Disposable chain extraction for completed monomer scoring; biophysics table retained
data/work/evo/26052/decoy_0674_monomer.pdb	69955	70d69912c1901f51cbd7c7521b906c852337901c244ddb400bdd8fb6bdda31cc		Disposable chain extraction for completed monomer scoring; biophysics table retained
data/work/evo/26052/decoy_0676_monomer.pdb	69709	e4ac7bea47e8cbe6765077cc71387838dce01898e8b069c8547d4f9041e36f50		Disposable chain extraction for completed monomer scoring; biophysics table retained
data/work/evo/26052/decoy_0678_monomer.pdb	68971	de5f8670b90193e7bd10b82d2523e3c65adf1acc260824a187355071607f3fc4		Disposable chain extraction for completed monomer scoring; biophysics table retained
data/work/evo/26052/decoy_0680_monomer.pdb	70939	3cf4bada09a8422b6793091f70e7c053441ff1a84af9ec73d5d5513b60033876		Disposable chain extraction for completed monomer scoring; biophysics table retained
data/work/evo/26052/decoy_0682_monomer.pdb	70447	9fa50a3a9cd0d9cdb48ec751beac735dacd2b78fc79f4cc42d25b365c0a5945e		Disposable chain extraction for completed monomer scoring; biophysics table retained
data/work/evo/26052/decoy_0684_monomer.pdb	69545	9264ca70f2a44b3312c15d9206c44f7b4981c18eb7f48e66acd699df57f6aead		Disposable chain extraction for completed monomer scoring; biophysics table retained
data/work/evo/26052/decoy_0686_monomer.pdb	70201	db85a6c1aa0c87c6eb82e6cb41966e1cb93d1c02078206a56e43224b5dca7d69		Disposable chain extraction for completed monomer scoring; biophysics table retained
data/work/evo/26052/decoy_0688_monomer.pdb	71267	c64ae650746aec4593c487950e298a161588f0732eab4db9c0c1c2927eaf6af3		Disposable chain extraction for completed monomer scoring; biophysics table retained
data/work/evo/26052/decoy_0690_monomer.pdb	70119	e0be81478de85aedc626fd3267af326d26731b7fc4a01b50c2e9e8f79be6b15f		Disposable chain extraction for completed monomer scoring; biophysics table retained
data/work/evo/26052/decoy_0692_monomer.pdb	70611	b6ac53881a7cf5d5c7e88e21c6224f943c2e7d3df0c93e77cb0fd5b8cd98e312		Disposable chain extraction for completed monomer scoring; biophysics table retained
data/work/evo/26052/decoy_0694_monomer.pdb	69873	0e74de6c5c36695d2793e864b13f69f1dc821eac306cb0992f9c952c5c54cae4		Disposable chain extraction for completed monomer scoring; biophysics table retained
data/work/evo/26052/decoy_0696_monomer.pdb	71185	f4c16b4d4ab6319b73d4028dfce57bf2557a6b25a989d543e117c6a229101fb9		Disposable chain extraction for completed monomer scoring; biophysics table retained
data/work/evo/26052/decoy_0698_monomer.pdb	72087	43ad54f4332743387f4d9f6d9755a5fc88b98b411870a8e465e77c5193b835be		Disposable chain extraction for completed monomer scoring; biophysics table retained
data/work/evo/26052/decoy_0700_monomer.pdb	69709	ee184cb44cd741fceb56194465997e24bc63d4cd6a20f70d93ce251899132f7e		Disposable chain extraction for completed monomer scoring; biophysics table retained
data/work/evo/26052/decoy_0702_monomer.pdb	70365	48dd882141e85bf7f0a7c508e6c2cb2f0b4870510a4f90f785ab312d50f0c91d		Disposable chain extraction for completed monomer scoring; biophysics table retained
data/work/evo/26052/decoy_0704_monomer.pdb	70693	7effdafc273582fbe4cbf3db751242a560b28f86f21c30eeb226daff00824d56		Disposable chain extraction for completed monomer scoring; biophysics table retained
data/work/evo/26052/decoy_0706_monomer.pdb	70529	8f24ca0a25c55e1c493df86c433584ba1ae4add3e52b6d0584a40ccca4d93795		Disposable chain extraction for completed monomer scoring; biophysics table retained
data/work/evo/26052/decoy_0708_monomer.pdb	69873	a9c24ba6f182cb648cf1efc218ce308976ebe57b511ec4f33d3e452d464fab90		Disposable chain extraction for completed monomer scoring; biophysics table retained
data/work/evo/26052/decoy_0710_monomer.pdb	70611	188716dc67bded6008a9a560f6e07b95429eb034eb02573e8e65f824e3248358		Disposable chain extraction for completed monomer scoring; biophysics table retained
data/work/evo/26052/decoy_0712_monomer.pdb	69053	07370cbfee920c33cedc1b8806340d704ea28024f19c04c69e613627d8940aae		Disposable chain extraction for completed monomer scoring; biophysics table retained
data/work/evo/26052/decoy_0714_monomer.pdb	68397	b499752b5acc3f8dc6c39a0b6c147b620696ff272b7b8b07d96d1cc43cc9c45e		Disposable chain extraction for completed monomer scoring; biophysics table retained
data/work/evo/26052/decoy_0716_monomer.pdb	70939	0387ab1f4a946665b7a6bf4f8a6553c24cf032eba56620c514bb7a2f6518b34d		Disposable chain extraction for completed monomer scoring; biophysics table retained
data/work/evo/26052/decoy_0718_monomer.pdb	68971	88b8d1e1e79b938dfb46950963f1354a8ecfb588b45dda221e1daaa480b7926a		Disposable chain extraction for completed monomer scoring; biophysics table retained
data/work/evo/26052/decoy_0720_monomer.pdb	71021	fbe6a9c090d46383264c83b2e47cfd77cea5320a581f4d694d33ef05058b01f0		Disposable chain extraction for completed monomer scoring; biophysics table retained
data/work/evo/26052/decoy_0722_monomer.pdb	71021	3ade13f58f7bef5285607840e47ae4963b0d447e9babe81ead66b2941d075d4e		Disposable chain extraction for completed monomer scoring; biophysics table retained
data/work/evo/26052/decoy_0724_monomer.pdb	72661	c10c2be77d4a875f05519b24790f2a74a7c8e1b4af2734ec3c32120fdacb7554		Disposable chain extraction for completed monomer scoring; biophysics table retained
data/work/evo/26052/decoy_0726_monomer.pdb	70201	60419e98c84beb6984332e599efcfd83f43d53424978e9a6bf552c32c5f6ec7f		Disposable chain extraction for completed monomer scoring; biophysics table retained
data/work/evo/26052/decoy_0728_monomer.pdb	71759	342e0cd727499fd492a6cea024f163cefdea642f4e104d2f2c7b8d36f694ebb6		Disposable chain extraction for completed monomer scoring; biophysics table retained
data/work/evo/26052/decoy_0730_monomer.pdb	71349	2b0cbfc2f0e1681d1382c0830e1076897f401daab675b1b3f066f9bf3743e9e4		Disposable chain extraction for completed monomer scoring; biophysics table retained
data/work/evo/26052/decoy_0732_monomer.pdb	70857	531ae43a3862d6c100e6b42617548ff33434f6c73a59bf4b20eb09d9377d8aba		Disposable chain extraction for completed monomer scoring; biophysics table retained
data/work/evo/26052/decoy_0734_monomer.pdb	68725	dbe93c8727039f041026c5af16a1f8dc51e95c4b4f86e43f7ab45ee6935fbd29		Disposable chain extraction for completed monomer scoring; biophysics table retained
data/work/evo/26052/decoy_0736_monomer.pdb	68561	0edf049490892440b57c4f27c3ca7f6e03aebf3b98cec673965549ca00b1a26a		Disposable chain extraction for completed monomer scoring; biophysics table retained
data/work/evo/26052/decoy_0738_monomer.pdb	70447	4b8c5fa0ff7005be05d598cb5856d90e66d2f1ad1c9ba816fefa7eaf06d7cde5		Disposable chain extraction for completed monomer scoring; biophysics table retained
data/work/evo/26052/decoy_0740_monomer.pdb	71349	ad1e2a31f2903f4adad295ad499a094c8bbb0aa801b3e96628e6e8d904e7cc1b		Disposable chain extraction for completed monomer scoring; biophysics table retained
data/work/evo/26052/decoy_0742_monomer.pdb	70037	a849f66973a670b92434417d3fb7a908bb65d27d0b3762be588a3f0869e7de12		Disposable chain extraction for completed monomer scoring; biophysics table retained
data/work/evo/26052/decoy_0744_monomer.pdb	69955	cf8f06eab88b99e7672fbd4ad9c9a8d9edeeff90d17e09ac477f402cedaf2dea		Disposable chain extraction for completed monomer scoring; biophysics table retained
data/work/evo/26052/decoy_0746_monomer.pdb	70775	4d7d083ddc7c7891227fbcec4e1d51921ac6117d44e1d4eeed6bc489196c77cb		Disposable chain extraction for completed monomer scoring; biophysics table retained
data/work/evo/26052/decoy_0748_monomer.pdb	71431	ee5158e99d668fb29a9d5ef189481f48f47fb4d548c0146bb8be1db44878ca1f		Disposable chain extraction for completed monomer scoring; biophysics table retained
data/work/evo/26052/decoy_0750_monomer.pdb	70611	8cbe91fcd196aaac74d398e51bbdb89aaa96f4e56a0f63c9e44a971595793129		Disposable chain extraction for completed monomer scoring; biophysics table retained
data/work/evo/26052/decoy_0752_monomer.pdb	71431	782e5f89179c738e2ac6d744203a5f13f50b261991a0164026416e26686a269c		Disposable chain extraction for completed monomer scoring; biophysics table retained
data/work/evo/26052/decoy_0754_monomer.pdb	68397	ad876de01118ebe301de81b87d21f5375939c0163cd88bc22f1d11ab2c9c2ef2		Disposable chain extraction for completed monomer scoring; biophysics table retained
data/work/evo/26052/decoy_0756_monomer.pdb	69627	9540806c92a2b50fc48ee46b35cac4c9e79c3f57a0f98c573b4a764a4a315b09		Disposable chain extraction for completed monomer scoring; biophysics table retained
data/work/evo/26052/decoy_0758_monomer.pdb	70365	7afc0c14193195a943d5c950d07032ccd2528f6efec2d521622309bfd88745ad		Disposable chain extraction for completed monomer scoring; biophysics table retained
data/work/evo/26052/decoy_0760_monomer.pdb	68561	6ac4b17b58934e21fbb36c064607eca4239507d95b282b5acbde923277477639		Disposable chain extraction for completed monomer scoring; biophysics table retained
data/work/evo/26052/score_complex.pdb	198175	34d0e6a016b971c3cc5e4899061dad2884708be92c9fe21cb2189d223ad0f614		Disposable recombination input overwritten for each scored state; compact state files retained
data/work/evo/28436/decoy_0001_monomer.pdb	70857	65af3cb26b37ce6f79cdf5e6f34e50032c509878771e0f6d703a2e082ab66cf1		Disposable chain extraction for completed monomer scoring; biophysics table retained
data/work/evo/28436/score_complex.pdb	199535	d6ddcdc869cf0cd8a50194c1f8ad35cd58105c82462b925e09ca63ea12ac5c3b		Disposable recombination input overwritten for each scored state; compact state files retained
data/work/evo/28436/wild_type_monomer.pdb	69217	dea5642cc1b6ae1fc55327ee0746b60fde35f3a50b09a9ce638a4bc4d024b4f7		Disposable chain extraction for completed monomer scoring; biophysics table retained
data/work/evo/29980/decoy_0003_monomer.pdb	69791	1a7bd3da6b80b672528dc8a756ee526563748719f0ab0cc4f72c6dcd7b368c89		Disposable chain extraction for completed monomer scoring; biophysics table retained
data/work/evo/29980/decoy_0005_monomer.pdb	70037	e0dc9891e4a044815aa1ad663621e2063eb41d860851777b20ddb031fc1852ba		Disposable chain extraction for completed monomer scoring; biophysics table retained
data/work/evo/29980/decoy_0007_monomer.pdb	66839	c63b23a269e1c2e2a03732fc5b4b6ae509e430295714bdd430234de9aefdd31e		Disposable chain extraction for completed monomer scoring; biophysics table retained
data/work/evo/29980/decoy_0009_monomer.pdb	71759	7bd7bfd18e4bc592616b2432e04e62b728bbb576cff53e2bdb45e2d6250ad7e7		Disposable chain extraction for completed monomer scoring; biophysics table retained
data/work/evo/29980/decoy_0011_monomer.pdb	69463	53cd2c2125f673bf64b9f934fac323f90af0ab9ff07def09878e98139f677ec7		Disposable chain extraction for completed monomer scoring; biophysics table retained
data/work/evo/29980/decoy_0013_monomer.pdb	71021	6a23019c89874798d4b2aa9273a1e3077f74531ca318b1f9cc14d68875ac3524		Disposable chain extraction for completed monomer scoring; biophysics table retained
data/work/evo/29980/decoy_0014_monomer.pdb	71513	abf727447856d1802373bbbc6eb0fc657e89fc44e12f00374af45aa86ff3a089		Disposable chain extraction for completed monomer scoring; biophysics table retained
data/work/evo/29980/decoy_0017_monomer.pdb	68561	87f7f9624e5ab9e9a1d4c163edbbcb6e61a7664f500aae5eef692ac09776b8db		Disposable chain extraction for completed monomer scoring; biophysics table retained
data/work/evo/29980/decoy_0019_monomer.pdb	70201	7b1e9f3671d52d84d39ceb2b9eb3d65a5f8fdc3286cca9053ac025596a2f74d0		Disposable chain extraction for completed monomer scoring; biophysics table retained
data/work/evo/29980/decoy_0021_monomer.pdb	67987	4d7984a69ddaf730694f0a6fdcbfa690fd286db18039163645d4fa58aee3b34e		Disposable chain extraction for completed monomer scoring; biophysics table retained
data/work/evo/29980/decoy_0023_monomer.pdb	69545	876c44ca771d8177613aa651d5109c1edfd45f739d4e6527e4f04f12f005c54c		Disposable chain extraction for completed monomer scoring; biophysics table retained
data/work/evo/29980/decoy_0025_monomer.pdb	71185	1cc990047be7031dc80b7a7dd43ac0d5d0504a6b724af1a97aa5a125ac0731a9		Disposable chain extraction for completed monomer scoring; biophysics table retained
data/work/evo/29980/decoy_0026_monomer.pdb	69463	af796799a099cecadd035ab1c14d70f1ff66e4933dde7892aa1be4c99735dee5		Disposable chain extraction for completed monomer scoring; biophysics table retained
data/work/evo/29980/decoy_0028_monomer.pdb	70611	e44c8af027cf8825802409d43f78205af6b6fd3a8cbfdec73b27e0143c3466ae		Disposable chain extraction for completed monomer scoring; biophysics table retained
data/work/evo/29980/decoy_0030_monomer.pdb	70037	57f9413e0d10990fff7685f047c95ed87d18d7b627e85d19fc04a4700b73de46		Disposable chain extraction for completed monomer scoring; biophysics table retained
data/work/evo/29980/decoy_0032_monomer.pdb	70693	e5b2764bd2fcf99aeb8c1dd0cc699f1cf482fea520eae8bf8ca1f0b28a5d3df2		Disposable chain extraction for completed monomer scoring; biophysics table retained
data/work/evo/29980/decoy_0034_monomer.pdb	70939	8c4bccb1eccd29ddb556c9325cdb3298119cb74cfccf927dc7897936e9b6dc47		Disposable chain extraction for completed monomer scoring; biophysics table retained
data/work/evo/29980/decoy_0036_monomer.pdb	68889	1dd0625e086d56339f18e8f01e163f4b5d65d8e38048863c66d89fcb641be12d		Disposable chain extraction for completed monomer scoring; biophysics table retained
data/work/evo/29980/decoy_0038_monomer.pdb	68069	54305acdd05cde8c1823f0c3ce7b69cf26f17849c92fc62b1492eb4b3e0ed6bf		Disposable chain extraction for completed monomer scoring; biophysics table retained
data/work/evo/29980/decoy_0040_monomer.pdb	67823	0aa511e091749a18ebe42a25e41447a51fa85f59ce1d4dea9fbd7780589402e1		Disposable chain extraction for completed monomer scoring; biophysics table retained
data/work/evo/29980/decoy_0042_monomer.pdb	70857	8a4b07bc65bfdbe0be6696fc04970af4887e17035a6002809ac263bf18f07d54		Disposable chain extraction for completed monomer scoring; biophysics table retained
data/work/evo/29980/decoy_0043_monomer.pdb	71349	f1690d41d55c3b28ac117f9a7982974e94d9c1561cf267ce60ed51e4b8d44523		Disposable chain extraction for completed monomer scoring; biophysics table retained
data/work/evo/29980/decoy_0044_monomer.pdb	70775	bbe7c976bba23d24248b3095a558f0c4148b96f46faebf30e2259333d78070f0		Disposable chain extraction for completed monomer scoring; biophysics table retained
data/work/evo/29980/decoy_0045_monomer.pdb	71349	bf0cd7b4b5d27f6bf2b35aa604b37c0b67ab0f0005e64567fa84691b2563f4b0		Disposable chain extraction for completed monomer scoring; biophysics table retained
data/work/evo/29980/decoy_0046_monomer.pdb	67167	b0fbafb51083f1193856a2cba310e865936ad8c3303f64d6995ccafa77e69912		Disposable chain extraction for completed monomer scoring; biophysics table retained
data/work/evo/29980/decoy_0047_monomer.pdb	71431	e8fd709657769a13cd788177da8a0ce5c6e8497d871f2ad5d914f6d42d74ccd5		Disposable chain extraction for completed monomer scoring; biophysics table retained
data/work/evo/29980/score_complex.pdb	205502	e9de468677c2366dbd627eea878c75c41a68ee10a2d308b9fe1bd24d0d869f7a		Disposable recombination input overwritten for each scored state; compact state files retained
data/work/evo/29980/wild_type_monomer.pdb	69217	dea5642cc1b6ae1fc55327ee0746b60fde35f3a50b09a9ce638a4bc4d024b4f7		Disposable chain extraction for completed monomer scoring; biophysics table retained
data/work/evo/31872/decoy_0001_monomer.pdb	70857	65af3cb26b37ce6f79cdf5e6f34e50032c509878771e0f6d703a2e082ab66cf1		Disposable chain extraction for completed monomer scoring; biophysics table retained
data/work/evo/31872/score_complex.pdb	205584	ab7d728967a9faa59d26941856f122aa645982550d5742162c827130115e6a3d		Disposable recombination input overwritten for each scored state; compact state files retained
data/work/evo/32752/decoy_0003_monomer.pdb	69791	1a7bd3da6b80b672528dc8a756ee526563748719f0ab0cc4f72c6dcd7b368c89		Disposable chain extraction for completed monomer scoring; biophysics table retained
data/work/evo/32752/decoy_0005_monomer.pdb	70037	e0dc9891e4a044815aa1ad663621e2063eb41d860851777b20ddb031fc1852ba		Disposable chain extraction for completed monomer scoring; biophysics table retained
data/work/evo/32752/decoy_0007_monomer.pdb	66839	c63b23a269e1c2e2a03732fc5b4b6ae509e430295714bdd430234de9aefdd31e		Disposable chain extraction for completed monomer scoring; biophysics table retained
data/work/evo/32752/decoy_0009_monomer.pdb	71759	7bd7bfd18e4bc592616b2432e04e62b728bbb576cff53e2bdb45e2d6250ad7e7		Disposable chain extraction for completed monomer scoring; biophysics table retained
data/work/evo/32752/decoy_0011_monomer.pdb	69463	53cd2c2125f673bf64b9f934fac323f90af0ab9ff07def09878e98139f677ec7		Disposable chain extraction for completed monomer scoring; biophysics table retained
data/work/evo/32752/decoy_0013_monomer.pdb	71021	6a23019c89874798d4b2aa9273a1e3077f74531ca318b1f9cc14d68875ac3524		Disposable chain extraction for completed monomer scoring; biophysics table retained
data/work/evo/32752/decoy_0015_monomer.pdb	69053	c7a3e509f9cd9bb3df1b9188fe155bd2b2635ccc9e5567e0ffec6103362be287		Disposable chain extraction for completed monomer scoring; biophysics table retained
data/work/evo/32752/decoy_0017_monomer.pdb	68561	87f7f9624e5ab9e9a1d4c163edbbcb6e61a7664f500aae5eef692ac09776b8db		Disposable chain extraction for completed monomer scoring; biophysics table retained
data/work/evo/32752/decoy_0019_monomer.pdb	70201	7b1e9f3671d52d84d39ceb2b9eb3d65a5f8fdc3286cca9053ac025596a2f74d0		Disposable chain extraction for completed monomer scoring; biophysics table retained
data/work/evo/32752/decoy_0021_monomer.pdb	67987	4d7984a69ddaf730694f0a6fdcbfa690fd286db18039163645d4fa58aee3b34e		Disposable chain extraction for completed monomer scoring; biophysics table retained
data/work/evo/32752/decoy_0023_monomer.pdb	69545	876c44ca771d8177613aa651d5109c1edfd45f739d4e6527e4f04f12f005c54c		Disposable chain extraction for completed monomer scoring; biophysics table retained
data/work/evo/32752/decoy_0025_monomer.pdb	71185	1cc990047be7031dc80b7a7dd43ac0d5d0504a6b724af1a97aa5a125ac0731a9		Disposable chain extraction for completed monomer scoring; biophysics table retained
data/work/evo/32752/decoy_0027_monomer.pdb	68807	5e9354ba81c43ee51bd163dc02e73815412b98eb0cf5f41a4628567332719d09		Disposable chain extraction for completed monomer scoring; biophysics table retained
data/work/evo/32752/decoy_0028_monomer.pdb	70611	e44c8af027cf8825802409d43f78205af6b6fd3a8cbfdec73b27e0143c3466ae		Disposable chain extraction for completed monomer scoring; biophysics table retained
data/work/evo/32752/decoy_0031_monomer.pdb	68479	1fee0039c0c08597cba23684bd66699cc87d82e9ebfd54855c18925b0f69e20f		Disposable chain extraction for completed monomer scoring; biophysics table retained
data/work/evo/32752/decoy_0033_monomer.pdb	71595	0199bf7327af3f3bcb727a7086a7ca7e43d4d55fb5c594a03a34b6e4713b7530		Disposable chain extraction for completed monomer scoring; biophysics table retained
data/work/evo/32752/decoy_0035_monomer.pdb	67577	4d74276e4b48d5a2e8080b17bd7856d63043bf58de81abf936f26c70e0bde5fe		Disposable chain extraction for completed monomer scoring; biophysics table retained
data/work/evo/32752/decoy_0037_monomer.pdb	69299	8c16044759a2056864acc29fad432a8908374062aee73c216ffb0c02b1284508		Disposable chain extraction for completed monomer scoring; biophysics table retained
data/work/evo/32752/decoy_0039_monomer.pdb	70119	d69185d7fc76d1be929799481e41d70fad41e8e58dd0e8a374a796c488a3c858		Disposable chain extraction for completed monomer scoring; biophysics table retained
data/work/evo/32752/decoy_0041_monomer.pdb	68233	733ce24be576b05d3a802d3b73e2671b69696edd2216bc38f5268f9dc22d43a0		Disposable chain extraction for completed monomer scoring; biophysics table retained
data/work/evo/32752/decoy_0044_monomer.pdb	70775	bbe7c976bba23d24248b3095a558f0c4148b96f46faebf30e2259333d78070f0		Disposable chain extraction for completed monomer scoring; biophysics table retained
data/work/evo/32752/decoy_0045_monomer.pdb	71349	bf0cd7b4b5d27f6bf2b35aa604b37c0b67ab0f0005e64567fa84691b2563f4b0		Disposable chain extraction for completed monomer scoring; biophysics table retained
data/work/evo/32752/decoy_0047_monomer.pdb	71431	e8fd709657769a13cd788177da8a0ce5c6e8497d871f2ad5d914f6d42d74ccd5		Disposable chain extraction for completed monomer scoring; biophysics table retained
data/work/evo/32752/decoy_0049_monomer.pdb	69135	5718db1a9de29c567c31572aacb12470cee7d5f47d76cf3ea66e9548144d0985		Disposable chain extraction for completed monomer scoring; biophysics table retained
data/work/evo/32752/decoy_0051_monomer.pdb	67905	47084c727020594f4eccee865ccaa1f919dc0eac2c9b8c79bfdf11c74c9b2565		Disposable chain extraction for completed monomer scoring; biophysics table retained
data/work/evo/32752/decoy_0053_monomer.pdb	71431	716ff561e2721c0d21bf9b8b43c76a68077d16bcf8b17da4e7dc2edc0e6b4f20		Disposable chain extraction for completed monomer scoring; biophysics table retained
data/work/evo/32752/decoy_0055_monomer.pdb	71349	a26552ea7163148cd660c61a7d2c446323e4c925c519d2f98d788c20c19cc4ba		Disposable chain extraction for completed monomer scoring; biophysics table retained
data/work/evo/32752/decoy_0057_monomer.pdb	72497	de4760a1b92189ce39c7704042260a7f5be6ce9468452ae9d1604ba9312b9c71		Disposable chain extraction for completed monomer scoring; biophysics table retained
data/work/evo/32752/decoy_0059_monomer.pdb	66921	a3c02e0be2876626d275a531b2bf17572776a6e5dc1c691cc19b06f463aec7ad		Disposable chain extraction for completed monomer scoring; biophysics table retained
data/work/evo/32752/decoy_0061_monomer.pdb	71841	098b64f3935c4cbf8f783476e7db1f8a537e341cb8cf0b6a69ae26d72137dec6		Disposable chain extraction for completed monomer scoring; biophysics table retained
data/work/evo/32752/decoy_0063_monomer.pdb	70693	6baef9a570f94895c53b14bc0c07b7b411cb729726f5be7a587bdfac91be7de9		Disposable chain extraction for completed monomer scoring; biophysics table retained
data/work/evo/32752/decoy_0065_monomer.pdb	67167	ae32efb1afb14d93f8f7e0dc9daab4d2d2207407eb48bd2bd9dfb0126c02f8bd		Disposable chain extraction for completed monomer scoring; biophysics table retained
data/work/evo/32752/decoy_0067_monomer.pdb	70529	2a32c2fd76732e179e4332e30e47624fa0a1500b7d62f2eba1fa6ade0cfeba0c		Disposable chain extraction for completed monomer scoring; biophysics table retained
data/work/evo/32752/decoy_0069_monomer.pdb	67659	93e09310aa8874db21124ee3c2a8b445fcc1ce0f17665abf91a3312482796d9e		Disposable chain extraction for completed monomer scoring; biophysics table retained
data/work/evo/32752/decoy_0071_monomer.pdb	69463	1b523b6d1dad4a95722570992bb7e0a8835be029d4ec215ff8ce9ddf029a1a1b		Disposable chain extraction for completed monomer scoring; biophysics table retained
data/work/evo/32752/decoy_0073_monomer.pdb	67495	e76e7c93cf9ff024f111e8abf68dfb25a27f21b68743087107a1521fa829f3d5		Disposable chain extraction for completed monomer scoring; biophysics table retained
data/work/evo/32752/decoy_0075_monomer.pdb	69217	57e0d8bb7f3275ea978b104dcce1b4631cec6c0a48662fbf18534555845fc181		Disposable chain extraction for completed monomer scoring; biophysics table retained
data/work/evo/32752/decoy_0077_monomer.pdb	69463	61d49b1b144fb4f55ed7ffb6e42bb2aa4d1c2a335e8b5c9fcf5b6d945794a074		Disposable chain extraction for completed monomer scoring; biophysics table retained
data/work/evo/32752/decoy_0079_monomer.pdb	71267	4423d3eae35c2bc36caf92c8f589a5a17aa34c5a257eb0b41298f763273da149		Disposable chain extraction for completed monomer scoring; biophysics table retained
data/work/evo/32752/decoy_0081_monomer.pdb	67823	14810b5cc2d7683b79c9eedbfe7ecf46d56899c43f61629043cbc9708f01afff		Disposable chain extraction for completed monomer scoring; biophysics table retained
data/work/evo/32752/decoy_0083_monomer.pdb	67905	8f39dd6a9db36d6a317859992a54cf7e53ea4808401056d265940b6af46bf732		Disposable chain extraction for completed monomer scoring; biophysics table retained
data/work/evo/32752/decoy_0085_monomer.pdb	70857	7298e7b04715d5eeb300f1c4a9c44bed82a1a460c94f76b315b81bf878509f40		Disposable chain extraction for completed monomer scoring; biophysics table retained
data/work/evo/32752/decoy_0087_monomer.pdb	67331	71dc8559a612c7798c27b7c32c9062b20e43aa75cd936295b22e790eb25a6617		Disposable chain extraction for completed monomer scoring; biophysics table retained
data/work/evo/32752/decoy_0089_monomer.pdb	68971	ce9e741bd997c20a5956cedd9899ad1e97fb1ed6ee1406119525ef7e1371973e		Disposable chain extraction for completed monomer scoring; biophysics table retained
data/work/evo/32752/decoy_0091_monomer.pdb	70939	f7cfd7f7c839968e925bb77e76914fa73055524abce8c1caa0cc368170e5419b		Disposable chain extraction for completed monomer scoring; biophysics table retained
data/work/evo/32752/decoy_0093_monomer.pdb	70037	205e83863551e6a9c21464c5a42972fafcf265c2c963a65283dbe653d208f983		Disposable chain extraction for completed monomer scoring; biophysics table retained
data/work/evo/32752/decoy_0095_monomer.pdb	67905	ccc7ce83b94abd5f9d4c8c81263555d4994fd8f10060c9db5b28f8f61a051c61		Disposable chain extraction for completed monomer scoring; biophysics table retained
data/work/evo/32752/decoy_0097_monomer.pdb	68069	e3e89c4dea28769c6e4f584efe9ca4dfa486aff9171fb2d7a89b27a29c76adea		Disposable chain extraction for completed monomer scoring; biophysics table retained
data/work/evo/32752/decoy_0099_monomer.pdb	67003	35fe310f9d54f9f221ebd3b0b62c45c4d0ae5660807a0b0425161dbaa01698fd		Disposable chain extraction for completed monomer scoring; biophysics table retained
data/work/evo/32752/decoy_0101_monomer.pdb	66757	1b8dd09ddade9ac169136eee0375ecd82921a2a13b3c2ce0b26d6e0ffc1aa12d		Disposable chain extraction for completed monomer scoring; biophysics table retained
data/work/evo/32752/decoy_0103_monomer.pdb	69053	da1359e41f544a47d11196bf96b97fdbe432a9ac4b8d79408cf137807d038e0d		Disposable chain extraction for completed monomer scoring; biophysics table retained
data/work/evo/32752/decoy_0106_monomer.pdb	66675	91c4e40baa2ffd940cb576d8b6b8960d83c724ae64a32af3fabea85157a06caf		Disposable chain extraction for completed monomer scoring; biophysics table retained
data/work/evo/32752/decoy_0108_monomer.pdb	68151	242e502e544277af80775c81fb2f927cdd19485aee78d75c009a8bc822468496		Disposable chain extraction for completed monomer scoring; biophysics table retained
data/work/evo/32752/decoy_0109_monomer.pdb	68315	e147e43535936c42658b21e1bd18aee7776abb10001009ddb1958af8865476f8		Disposable chain extraction for completed monomer scoring; biophysics table retained
data/work/evo/32752/decoy_0112_monomer.pdb	69791	422a2d2fd30c562774b0fa3efa807d2bc2b84f94d7dcbcd7cfccd1527862901f		Disposable chain extraction for completed monomer scoring; biophysics table retained
data/work/evo/32752/decoy_0114_monomer.pdb	67249	969b1ea681cf783f0ef0e797f072f7dfb8036eec2ace0049964ec3e6e1f2adf4		Disposable chain extraction for completed monomer scoring; biophysics table retained
data/work/evo/32752/decoy_0116_monomer.pdb	70365	696e08d298cfd421fa456a884171b3d1f7d0352a572346ea3c7463b5261dc63f		Disposable chain extraction for completed monomer scoring; biophysics table retained
data/work/evo/32752/decoy_0118_monomer.pdb	70939	c8b0a8d35cf87d3db74f7de71c62e2d559ca6637bdf11051134f8da242184ed1		Disposable chain extraction for completed monomer scoring; biophysics table retained
data/work/evo/32752/decoy_0120_monomer.pdb	70775	624e05f82cb90cc7e7bbdaf11bcc68569d45ff39d706ebf49e4c835d47e29693		Disposable chain extraction for completed monomer scoring; biophysics table retained
data/work/evo/32752/decoy_0122_monomer.pdb	70775	4d9faedeeeda616dc45d59d1e7fee127fb366cb9cf0bb0f1bde844d6412b27b8		Disposable chain extraction for completed monomer scoring; biophysics table retained
data/work/evo/32752/decoy_0123_monomer.pdb	69873	2d3494280522c4fc8e895e96b3c482971e1964a3e7d9f37e5199d3eabb4fcf07		Disposable chain extraction for completed monomer scoring; biophysics table retained
data/work/evo/32752/decoy_0125_monomer.pdb	68561	d80ad5036ac3ca06a8dc8af5cc58b3b2c152a650add1b3c42c88f65ebc2d78b6		Disposable chain extraction for completed monomer scoring; biophysics table retained
data/work/evo/32752/decoy_0127_monomer.pdb	71185	9c69fedb02d435cd1dac88262f740e8196326ba7abc878747b8c2dc4157588b1		Disposable chain extraction for completed monomer scoring; biophysics table retained
data/work/evo/32752/decoy_0129_monomer.pdb	71349	25788a5853fe9baddb036d8856b69b136cee4926b1292fc1a5e2dfddb1fb7358		Disposable chain extraction for completed monomer scoring; biophysics table retained
data/work/evo/32752/decoy_0132_monomer.pdb	69791	27d7d1b896e37b3c30fbe3128ce329e986cafacdc62881aaed7b001686fd6f96		Disposable chain extraction for completed monomer scoring; biophysics table retained
data/work/evo/32752/decoy_0134_monomer.pdb	69791	91e09a9684a2e447093da0b004198277459c568d71cb3512ba6c82df585dd7c0		Disposable chain extraction for completed monomer scoring; biophysics table retained
data/work/evo/32752/decoy_0136_monomer.pdb	68151	68432f736f18f8bbdc0f5547433077a7eb1342af65aa7c7e6408e9337d2b05cf		Disposable chain extraction for completed monomer scoring; biophysics table retained
data/work/evo/32752/decoy_0138_monomer.pdb	72579	8b34ca358a24034a76239fed8046597ee272940870c4b15786f918f7f366bc2d		Disposable chain extraction for completed monomer scoring; biophysics table retained
data/work/evo/32752/decoy_0140_monomer.pdb	69135	338b30e7a99b0c9ead4d06b984361e40732f815b63fc6c9bd03e346f4a908c94		Disposable chain extraction for completed monomer scoring; biophysics table retained
data/work/evo/32752/decoy_0142_monomer.pdb	68725	17b30fa7ac68dec34916e0cae4ef3bde616218ff1b30908f37dfb8a17b157ac5		Disposable chain extraction for completed monomer scoring; biophysics table retained
data/work/evo/32752/decoy_0144_monomer.pdb	68643	7813c82354024acd72bdc95f1b268a19384bea1abf64739e86d41751a9fd881f		Disposable chain extraction for completed monomer scoring; biophysics table retained
data/work/evo/32752/decoy_0146_monomer.pdb	68971	82202b8dfd2c0878ce61a6874fb59b792bccb3a85259222bbd22bd83ceda6725		Disposable chain extraction for completed monomer scoring; biophysics table retained
data/work/evo/32752/decoy_0148_monomer.pdb	72661	0c88d305d4fe019c22183e6394ff2dcf612fa619de4e3ce159a2852de66157c9		Disposable chain extraction for completed monomer scoring; biophysics table retained
data/work/evo/32752/decoy_0150_monomer.pdb	68971	cd8bd6b0eced7f1913e4269b7c9e7cb520e37223d0db0b1f02835d91a3a03cc7		Disposable chain extraction for completed monomer scoring; biophysics table retained
data/work/evo/32752/decoy_0152_monomer.pdb	70529	0b09809df276f6861f084090344ade836dd31d33a0e164251c8559f69eada266		Disposable chain extraction for completed monomer scoring; biophysics table retained
data/work/evo/32752/decoy_0154_monomer.pdb	71759	d6f3660a2d02aa070b7fa4e192f08c8006a2e3cab734508f8cc445eddd48cf65		Disposable chain extraction for completed monomer scoring; biophysics table retained
data/work/evo/32752/decoy_0156_monomer.pdb	70611	cef38cb05051f8ec8a6f175bcf5077024b47f8bd1f08ed9d77171dd76bbbcfd7		Disposable chain extraction for completed monomer scoring; biophysics table retained
data/work/evo/32752/decoy_0158_monomer.pdb	71431	492598abf458a4d77f784a4941138a778c27aab191dca9605810e2f81a0480ee		Disposable chain extraction for completed monomer scoring; biophysics table retained
data/work/evo/32752/decoy_0160_monomer.pdb	70119	20019ab61028665e30913e0e40341d25941ed77c04f7274dee86654d65b94da8		Disposable chain extraction for completed monomer scoring; biophysics table retained
data/work/evo/32752/decoy_0162_monomer.pdb	66675	45b0531780dcd85725167028114705f9425b5a7e9f4da1d1a762db428f5733ec		Disposable chain extraction for completed monomer scoring; biophysics table retained
data/work/evo/32752/decoy_0164_monomer.pdb	70447	fc54a0db080dd3fc084004f27ac6b349bb86fa4cac777e72dcb4b795140a3047		Disposable chain extraction for completed monomer scoring; biophysics table retained
data/work/evo/32752/decoy_0166_monomer.pdb	70857	6374fc6e72e2bf6c095310eee017ee9134578ceba2eadbe0371bfe607067ba15		Disposable chain extraction for completed monomer scoring; biophysics table retained
data/work/evo/32752/decoy_0168_monomer.pdb	70037	9f9efcee83d96ad212a6f477b4a73e46747c1fdf867c4d3e867a76ea73c4ed52		Disposable chain extraction for completed monomer scoring; biophysics table retained
data/work/evo/32752/decoy_0170_monomer.pdb	70365	7cc73c5039b318166be57cda7cf05f405affa87fbc8fd96f94873f8b1b56bb10		Disposable chain extraction for completed monomer scoring; biophysics table retained
data/work/evo/32752/decoy_0172_monomer.pdb	69217	b60830b8035ca2f4a89c33bbc0308a7698aea2e4c56fa54396bdd8dcd0be1157		Disposable chain extraction for completed monomer scoring; biophysics table retained
data/work/evo/32752/decoy_0174_monomer.pdb	68807	edbc5191ea5c9a9ec52f765fd4cb4327326ccf3f0e646eaf77a1e0ff16e004ef		Disposable chain extraction for completed monomer scoring; biophysics table retained
data/work/evo/32752/decoy_0176_monomer.pdb	68151	2cf680ccfcab8bb46ce60f960bde54e5fa6cab49183f66d3cd2533bfc0077d1f		Disposable chain extraction for completed monomer scoring; biophysics table retained
data/work/evo/32752/decoy_0178_monomer.pdb	70775	74698090c83b2691972f04ffc8f468332a9deb63abf595f506dc712ab7ca8003		Disposable chain extraction for completed monomer scoring; biophysics table retained
data/work/evo/32752/decoy_0180_monomer.pdb	67495	6676d9ea6b102ba4f2f0f70cc64283cb210532e39318039ff80046608ecfa717		Disposable chain extraction for completed monomer scoring; biophysics table retained
data/work/evo/32752/decoy_0182_monomer.pdb	71431	1775962e8e198e5bfa0de612e9cd5d657d65bc6404eba138e052d0baf17c46e9		Disposable chain extraction for completed monomer scoring; biophysics table retained
data/work/evo/32752/decoy_0184_monomer.pdb	67495	b076ae9775549e0e5f4ebc21dfad95bc54bf0623fe1acabd8fc00054fbe7f41b		Disposable chain extraction for completed monomer scoring; biophysics table retained
data/work/evo/32752/decoy_0186_monomer.pdb	66921	5ee0a63ecbe4929bbc6e5f2ff05d389e86509a38475312016339610f5f9469cb		Disposable chain extraction for completed monomer scoring; biophysics table retained
data/work/evo/32752/decoy_0188_monomer.pdb	69791	e74b01ab062cad7dae08c456602b723aca2fd5a4d5b96b3431c15759c6407973		Disposable chain extraction for completed monomer scoring; biophysics table retained
data/work/evo/32752/decoy_0190_monomer.pdb	68643	f291fdad5169473efe8192ebacb4707ec68843b054020e00c3b4b61742cf0a0d		Disposable chain extraction for completed monomer scoring; biophysics table retained
data/work/evo/32752/decoy_0192_monomer.pdb	71349	c3a1440db83e961950ec983c362a4eabc781d1aee385e87740e765e676e51391		Disposable chain extraction for completed monomer scoring; biophysics table retained
data/work/evo/32752/decoy_0194_monomer.pdb	71103	06a528b5e157951e3610846442a1c44814d983d04eb7e263641e242194629c20		Disposable chain extraction for completed monomer scoring; biophysics table retained
data/work/evo/32752/decoy_0196_monomer.pdb	72743	da101acd3170511f7d881a1c5cd2eb8bb238b1cdce9c82a0b9ac92e4ee54326f		Disposable chain extraction for completed monomer scoring; biophysics table retained
data/work/evo/32752/decoy_0198_monomer.pdb	70775	91026bb4aa2fec42257277ff0fc911637fed5b6f07b5af68ed55402cdbb8563b		Disposable chain extraction for completed monomer scoring; biophysics table retained
data/work/evo/32752/decoy_0200_monomer.pdb	72087	0267f3f275a403fd96249b0cd0b34d19bc4af42ebfdfc8fe911e4dd08da9e4fd		Disposable chain extraction for completed monomer scoring; biophysics table retained
data/work/evo/32752/decoy_0202_monomer.pdb	71103	636b76ff668c0a3604833866f57fa497c73d8f91f6abd596383e111d086ffedb		Disposable chain extraction for completed monomer scoring; biophysics table retained
data/work/evo/32752/decoy_0204_monomer.pdb	71759	3ff423f08c272a844e1aadaedd0ad15531b1f54803e483771301fae82578af9f		Disposable chain extraction for completed monomer scoring; biophysics table retained
data/work/evo/32752/decoy_0206_monomer.pdb	72497	bd58593f1072814cc84cd317efbaf64c4640448380ee18776a9e7bd55ad2edf9		Disposable chain extraction for completed monomer scoring; biophysics table retained
data/work/evo/32752/decoy_0208_monomer.pdb	71677	ade92a1dda22195b4553f6191f3edf0d337584c13f55bdfbf57f8653f55ad2e5		Disposable chain extraction for completed monomer scoring; biophysics table retained
data/work/evo/32752/decoy_0210_monomer.pdb	70775	1e7997ab507d409ceba0297e6c154ae203ae9f1524370954812bb90680d73e8f		Disposable chain extraction for completed monomer scoring; biophysics table retained
data/work/evo/32752/decoy_0212_monomer.pdb	71513	70b1a8489de3ceb46c2f9f3955b5e5cf96a970393609704d92f0be513575a3df		Disposable chain extraction for completed monomer scoring; biophysics table retained
data/work/evo/32752/decoy_0214_monomer.pdb	70611	f28ff72d0c46043a35db3202277113ff06aef94e7c0d5d40d184132575dbbe5f		Disposable chain extraction for completed monomer scoring; biophysics table retained
data/work/evo/32752/decoy_0216_monomer.pdb	71431	193c4b236f323cd0c1e8519097bdad1295826e956eb48b3a4e1fee6fdd21ac14		Disposable chain extraction for completed monomer scoring; biophysics table retained
data/work/evo/32752/decoy_0218_monomer.pdb	71185	b2c3a84aaca6c24d7ef6c53dc9ceca18a1d51aa6be123ac7c1bf1453026b80bd		Disposable chain extraction for completed monomer scoring; biophysics table retained
data/work/evo/32752/decoy_0221_monomer.pdb	73153	066c75bd7322205e5e2a7eb07b1bbcddb82c1947538386f90dac8550297b33e6		Disposable chain extraction for completed monomer scoring; biophysics table retained
data/work/evo/32752/decoy_0223_monomer.pdb	71431	13ec39cb599ea0ffdc2a46b99a285fa5a9f3116d598d2e29469807ff7ebf02b7		Disposable chain extraction for completed monomer scoring; biophysics table retained
data/work/evo/32752/decoy_0225_monomer.pdb	71513	fb28fe2c2d01f8abed3f5db660c3909de9b31520fe1ec858aa0bb6d694e6fadc		Disposable chain extraction for completed monomer scoring; biophysics table retained
data/work/evo/32752/decoy_0227_monomer.pdb	71349	cd80c6c8a5d060e63ab3a5dadbf6dc59078dbbe4de9cc0a7aefe2d2ae239f90b		Disposable chain extraction for completed monomer scoring; biophysics table retained
data/work/evo/32752/decoy_0229_monomer.pdb	73071	770c7a9711bbb3793f2884f5293da0122021ee89ed9830e847269a01c95f2ba0		Disposable chain extraction for completed monomer scoring; biophysics table retained
data/work/evo/32752/decoy_0231_monomer.pdb	71759	ceaccda225e37265b7444f5dce2472f65455195a15f1a2a9a4b3c9a870bbba8e		Disposable chain extraction for completed monomer scoring; biophysics table retained
data/work/evo/32752/decoy_0233_monomer.pdb	71267	ec5d1e0c37795f65fa9861df0a6e51742e1f078642081f2fa12cb3a24263f880		Disposable chain extraction for completed monomer scoring; biophysics table retained
data/work/evo/32752/decoy_0235_monomer.pdb	72087	b16602cd59f64f4d813459bbeb407d970f654f58ef5d8aeaeaa590e1d4743b8a		Disposable chain extraction for completed monomer scoring; biophysics table retained
data/work/evo/32752/decoy_0237_monomer.pdb	72661	e0d466db8e818685dbdefdd43fd71e7e6428480f7d7f27a93e9bba769cd68cab		Disposable chain extraction for completed monomer scoring; biophysics table retained
data/work/evo/32752/decoy_0239_monomer.pdb	71185	b8fc73122886c9ab7baadd58952e5df4906ade9bf1b8c4059388d3e0b1998388		Disposable chain extraction for completed monomer scoring; biophysics table retained
data/work/evo/32752/decoy_0241_monomer.pdb	72005	6b5299d7b98aa89f3a3131eb32b425d6d16932aca0a399f4e372e7c8ac7d8ab9		Disposable chain extraction for completed monomer scoring; biophysics table retained
data/work/evo/32752/decoy_0243_monomer.pdb	71431	56a8542b28957841bea40ef1bb5eaec1934918bd2d1ccad947dfbb88ffd1f2ff		Disposable chain extraction for completed monomer scoring; biophysics table retained
data/work/evo/32752/decoy_0245_monomer.pdb	71841	cbd82ee3bad58b9c7441e9f5dce335095b9f67da3fd909d83ac027a7e4271363		Disposable chain extraction for completed monomer scoring; biophysics table retained
data/work/evo/32752/decoy_0247_monomer.pdb	72087	4c3c652e00b491b2dde7c59834531f1f4998743efb4a360aa1f8b94c170e1858		Disposable chain extraction for completed monomer scoring; biophysics table retained
data/work/evo/32752/decoy_0249_monomer.pdb	69545	71699342684592cfd8e82ce84bc62f311248ff856d1058211e5c4b3970cf96f4		Disposable chain extraction for completed monomer scoring; biophysics table retained
data/work/evo/32752/decoy_0251_monomer.pdb	71185	c3f02f31d257c7388537889e9d8b1bdb716e5c2e14d4df7bbf3fe41c2a23c6c0		Disposable chain extraction for completed monomer scoring; biophysics table retained
data/work/evo/32752/decoy_0253_monomer.pdb	71103	b5f08d1fa31d2ae037960875015d77a9ece39aa6d0f95a41ff363d83ef0cda25		Disposable chain extraction for completed monomer scoring; biophysics table retained
data/work/evo/32752/decoy_0255_monomer.pdb	72251	b0d91f34f3e55f546b2e7bc17b4671086ac601329f348f60efbdf26bffbea23a		Disposable chain extraction for completed monomer scoring; biophysics table retained
data/work/evo/32752/decoy_0257_monomer.pdb	70693	53beb73efa525099c90b970e0e7c6ff25e83da59cb255f77dbb336d887ae48d9		Disposable chain extraction for completed monomer scoring; biophysics table retained
data/work/evo/32752/decoy_0259_monomer.pdb	71267	19048e361bed81a8ebd90a17f40044e3d5dbd3f18ca929fa741d955ecc41a101		Disposable chain extraction for completed monomer scoring; biophysics table retained
data/work/evo/32752/decoy_0260_monomer.pdb	72251	2c7197d50e6970edddb134a114bcd62088665616d898b3e0130b2a1e4d00c2a7		Disposable chain extraction for completed monomer scoring; biophysics table retained
data/work/evo/32752/decoy_0262_monomer.pdb	70365	5ad4711464611803bee8feccf09eabe2bb5ea48afa698e1c9bc986d7ba4d97c1		Disposable chain extraction for completed monomer scoring; biophysics table retained
data/work/evo/32752/decoy_0264_monomer.pdb	72497	84505f34cfff1aedbdd7c30dc853d88485f7d752b9e4832810c520ff77e5a6eb		Disposable chain extraction for completed monomer scoring; biophysics table retained
data/work/evo/32752/decoy_0266_monomer.pdb	72825	1a0fe85796ed0ede25a7d44af92e971bb99a81f5c3d0aaf6a1808742c219f534		Disposable chain extraction for completed monomer scoring; biophysics table retained
data/work/evo/32752/decoy_0268_monomer.pdb	72005	ca5a7666d131974908d38aeed8a92c1f4c5fdb243549a5417f687448786435af		Disposable chain extraction for completed monomer scoring; biophysics table retained
data/work/evo/32752/decoy_0271_monomer.pdb	70775	48d88c125a3b693ba3e990dde0b199aefd0d275304d900e0c47e28f3ba605504		Disposable chain extraction for completed monomer scoring; biophysics table retained
data/work/evo/32752/decoy_0272_monomer.pdb	72087	9dc5ea2bc97f297f38cf2464224ac2fb4488e2728699b35e5f1362606996e3aa		Disposable chain extraction for completed monomer scoring; biophysics table retained
data/work/evo/32752/decoy_0274_monomer.pdb	72005	490a6ad1224ada4e7a86fd1233cae206152f9bb75d65213a0746080071259a05		Disposable chain extraction for completed monomer scoring; biophysics table retained
data/work/evo/32752/decoy_0276_monomer.pdb	71595	2da9c79aa67acf0cb312c586ab6e166fe42a704c3f0bc8836afaece201eed329		Disposable chain extraction for completed monomer scoring; biophysics table retained
data/work/evo/32752/decoy_0278_monomer.pdb	70529	e134c94b8a70413f2f7103b694fa48f67910351fbfa9e59640417d2c70bce1cb		Disposable chain extraction for completed monomer scoring; biophysics table retained
data/work/evo/32752/decoy_0280_monomer.pdb	71841	41602d1b034e37bc2a46a764dc0cbbff7c88dc8df34e426a31019013eea35bc4		Disposable chain extraction for completed monomer scoring; biophysics table retained
data/work/evo/32752/decoy_0282_monomer.pdb	70529	1ef63247f8f607b435fb411ab2fa34a8173f61735faa444c0b61d9c8d5c2be6e		Disposable chain extraction for completed monomer scoring; biophysics table retained
data/work/evo/32752/decoy_0284_monomer.pdb	72005	4bdc766daf11122f7510faa094855614b592bd1bb36357043ab77e413e26f928		Disposable chain extraction for completed monomer scoring; biophysics table retained
data/work/evo/32752/decoy_0286_monomer.pdb	71021	d5c3a7af3285a389b7ca1b5129545a44bf8847804bccec1ad5710461bbb653df		Disposable chain extraction for completed monomer scoring; biophysics table retained
data/work/evo/32752/decoy_0288_monomer.pdb	70775	bda12802f39e67b4843bc164cfd740058b97decf3d1ef2ad31ed0cfab3e307f2		Disposable chain extraction for completed monomer scoring; biophysics table retained
data/work/evo/32752/decoy_0290_monomer.pdb	69053	a7672d6c79cf0c71ef583e6023d16ee337804f3d49ace6dd1149e11b0576ce93		Disposable chain extraction for completed monomer scoring; biophysics table retained
data/work/evo/32752/decoy_0292_monomer.pdb	71267	d7e1b5a9910480793ce2f9c41a5edd60c4a1fd655fb0f5dbd40262945ba031bc		Disposable chain extraction for completed monomer scoring; biophysics table retained
data/work/evo/32752/decoy_0294_monomer.pdb	70775	909987b9d71d0d805700315783818123649c1ddbefc7ebb2043b51507ea16de7		Disposable chain extraction for completed monomer scoring; biophysics table retained
data/work/evo/32752/decoy_0296_monomer.pdb	70529	9d86bdfe1d13ac98b311e4b56a43257ce47c5d8ce2e4874b15549c02e31bdb93		Disposable chain extraction for completed monomer scoring; biophysics table retained
data/work/evo/32752/decoy_0298_monomer.pdb	70693	1f4b3ed90404c8a47041de5897795aad77d2c1a0b15fb8bd4f30397c6fd8995b		Disposable chain extraction for completed monomer scoring; biophysics table retained
data/work/evo/32752/decoy_0300_monomer.pdb	72579	e642b0f0511fe802ae034fdd2adf8cf879aa958e94a1de1d19dbad26363a8a41		Disposable chain extraction for completed monomer scoring; biophysics table retained
data/work/evo/32752/decoy_0302_monomer.pdb	71513	0bbdd2d0eda0b9e235149da94e3adc80f940bc77f562ecdc8b85d7988a0eb425		Disposable chain extraction for completed monomer scoring; biophysics table retained
data/work/evo/32752/decoy_0304_monomer.pdb	73153	9b6f0950d582984d705f1d8c202211d340d00843726fc3257503d8edae9fe1b6		Disposable chain extraction for completed monomer scoring; biophysics table retained
data/work/evo/32752/decoy_0306_monomer.pdb	70857	f72242cbaa02e0a8aa7dbdc833b2388ae5786feb0802f1d8f9ce6b12b2d8e9a8		Disposable chain extraction for completed monomer scoring; biophysics table retained
data/work/evo/32752/decoy_0308_monomer.pdb	72169	6712e20e3e542978070a00dc7541e9ae2f6912887fbbc672aac68929eed36d21		Disposable chain extraction for completed monomer scoring; biophysics table retained
data/work/evo/32752/decoy_0310_monomer.pdb	71923	631a340d5eeebe29ec0a879b201361025e7bd8f800b0c99a7a63cc16d16ffe6e		Disposable chain extraction for completed monomer scoring; biophysics table retained
data/work/evo/32752/decoy_0312_monomer.pdb	70857	493ba6b4783b052d687b238d171caee2a453e1d5d9131deeb1f70f6cc5beda59		Disposable chain extraction for completed monomer scoring; biophysics table retained
data/work/evo/32752/decoy_0314_monomer.pdb	72087	5fb9b6f423adacb892a518e5cd012de16206d51efd496bd0f817157a803582f4		Disposable chain extraction for completed monomer scoring; biophysics table retained
data/work/evo/32752/decoy_0316_monomer.pdb	72415	ebf8588b1b9701e9a7bb4e329de70e75e510c0eb04c87c12b6882c160054e94e		Disposable chain extraction for completed monomer scoring; biophysics table retained
data/work/evo/32752/decoy_0318_monomer.pdb	70857	b1f35b2c0f0517998ad57cd0840d8f445b8ce6289c225891cd9b1e1f08707b7a		Disposable chain extraction for completed monomer scoring; biophysics table retained
data/work/evo/32752/decoy_0320_monomer.pdb	71431	0223a7a1cf69a8d8c54fbfbd0b02925f4c507dd918e7cb7aedf235977bb0b3fd		Disposable chain extraction for completed monomer scoring; biophysics table retained
data/work/evo/32752/decoy_0322_monomer.pdb	71513	9c3cd4d450ff4d67e9548586455931ad5e81306ce18849f3779c2ec8480ed499		Disposable chain extraction for completed monomer scoring; biophysics table retained
data/work/evo/32752/decoy_0324_monomer.pdb	72005	41aff6df1e56f4cb2604abdb6fcfc0f4d428527f20c245292902069437b79f99		Disposable chain extraction for completed monomer scoring; biophysics table retained
data/work/evo/32752/decoy_0326_monomer.pdb	71267	715457e99c101bbe856e8a8953e5a6e0805289767f9e5a2f1a5b9339712123b0		Disposable chain extraction for completed monomer scoring; biophysics table retained
data/work/evo/32752/decoy_0328_monomer.pdb	71677	a7aa7fb02ecc8716cd2e9cce11a604afd15811aa40a4fb197268d28a2f36ec1b		Disposable chain extraction for completed monomer scoring; biophysics table retained
data/work/evo/32752/decoy_0330_monomer.pdb	71595	963c94d50831abc25e2f4ee4f111afd38db57ee91ff9dba885c9078d475060ce		Disposable chain extraction for completed monomer scoring; biophysics table retained
data/work/evo/32752/decoy_0332_monomer.pdb	72005	07312f3bb0a35ef7ac006611c25cc20b56ed0d52fb148b580cd5a0862f7edc5c		Disposable chain extraction for completed monomer scoring; biophysics table retained
data/work/evo/32752/decoy_0334_monomer.pdb	72415	05e96fa17a43b1e8c1d841ae5a1e2ab702eba65fc9fc40469cc5ec1ac472ee14		Disposable chain extraction for completed monomer scoring; biophysics table retained
data/work/evo/32752/decoy_0336_monomer.pdb	71431	da1c75167424ae01357797580d8d3b515ba45617ca064d92f4ad7931d0680db3		Disposable chain extraction for completed monomer scoring; biophysics table retained
data/work/evo/32752/decoy_0338_monomer.pdb	70447	1562799c67c22ee492e8ba6dd9de90473b78f9f55021ade4a94c26d46c112dbf		Disposable chain extraction for completed monomer scoring; biophysics table retained
data/work/evo/32752/decoy_0340_monomer.pdb	72415	c069a3acbc4b6c0969738805264d1a7522002587a4a8c3165d8abfbcd92f22c8		Disposable chain extraction for completed monomer scoring; biophysics table retained
data/work/evo/32752/decoy_0342_monomer.pdb	72005	895f23554774bc16c38d248e27acc636feba752412d59c4d8d1804ace1cb1095		Disposable chain extraction for completed monomer scoring; biophysics table retained
data/work/evo/32752/decoy_0344_monomer.pdb	71923	0ae54859e08ae476e14ff6ab087c1cce870efd4d5edcc7b7c2e6f85a467b4512		Disposable chain extraction for completed monomer scoring; biophysics table retained
data/work/evo/32752/decoy_0346_monomer.pdb	73235	c9ad7232089d51c9f242992bf8e3ffc8f9ccbdbe4d9437b762f6124eb7fcd12c		Disposable chain extraction for completed monomer scoring; biophysics table retained
data/work/evo/32752/decoy_0348_monomer.pdb	72333	2abedc849e4ff51a8312b81a28d3d15292fa8a782df1cf04146f79a9d8c4a2bb		Disposable chain extraction for completed monomer scoring; biophysics table retained
data/work/evo/32752/decoy_0350_monomer.pdb	72251	04bf3489a00604f1d719dc69ce0d3395a9b16ae043c695795198eb841026eb2d		Disposable chain extraction for completed monomer scoring; biophysics table retained
data/work/evo/32752/decoy_0352_monomer.pdb	71021	af70cbe2bb41450878a3e571e74bbb97a33c4897fb0f69ab6139af6b90a7d599		Disposable chain extraction for completed monomer scoring; biophysics table retained
data/work/evo/32752/decoy_0354_monomer.pdb	69955	34b69be6a6c2d0432a1ff29bdb9dd434d9ae1bc98b69953496908c30b69c4436		Disposable chain extraction for completed monomer scoring; biophysics table retained
data/work/evo/32752/decoy_0356_monomer.pdb	69791	1af774c97003f55f4cad4788eafa501fa6677953686b05d798ff665aebc393df		Disposable chain extraction for completed monomer scoring; biophysics table retained
data/work/evo/32752/decoy_0358_monomer.pdb	71021	53db348c5208ae5efa1b18b247128641669bf9f4f07a084af97892015b4ccc48		Disposable chain extraction for completed monomer scoring; biophysics table retained
data/work/evo/32752/decoy_0360_monomer.pdb	72579	fedbbe84fd4a34d2b3c2d614903064b7cc9791bc8727d19159a6e1ea27252a36		Disposable chain extraction for completed monomer scoring; biophysics table retained
data/work/evo/32752/decoy_0362_monomer.pdb	71759	9e98fb5b56c571e2d5495ddfc3d7385be1ca28898dd925937674099ad7e2b4a6		Disposable chain extraction for completed monomer scoring; biophysics table retained
data/work/evo/32752/decoy_0364_monomer.pdb	71021	f4770253cdb3a2f30075fbdab7e929796df10e2ef426cb2f2f654feec259a4aa		Disposable chain extraction for completed monomer scoring; biophysics table retained
data/work/evo/32752/decoy_0366_monomer.pdb	71267	64c9d291c4ad4939b0c00dd47079d9fd5f9463d58e0296011802d62e224256f8		Disposable chain extraction for completed monomer scoring; biophysics table retained
data/work/evo/32752/decoy_0368_monomer.pdb	70939	9bd9def62ffd2379d9a85ef543b8499db912f197120296b6fc35d328232306f5		Disposable chain extraction for completed monomer scoring; biophysics table retained
data/work/evo/32752/decoy_0370_monomer.pdb	72169	ec8509be6fab0ceea6e07aa337c6c30f7f5d4e7a4a3410f5bc5f2351b1378295		Disposable chain extraction for completed monomer scoring; biophysics table retained
data/work/evo/32752/decoy_0372_monomer.pdb	71349	aa347a858419cba59feddbb0c4e5cb0bb5ce2bb373371085b9d5232ccd2e1607		Disposable chain extraction for completed monomer scoring; biophysics table retained
data/work/evo/32752/decoy_0374_monomer.pdb	70939	28f2af61030579a46fc595a4e3126c8b4e3029793cb3bcd037fb792bdeea085b		Disposable chain extraction for completed monomer scoring; biophysics table retained
data/work/evo/32752/decoy_0376_monomer.pdb	71923	3b59f33fc16c670ce10bef1354f38f2ea21017a333bfb337d98cd65a9a743dc3		Disposable chain extraction for completed monomer scoring; biophysics table retained
data/work/evo/32752/decoy_0378_monomer.pdb	71431	f557bfa3127fd4607bc6377dee723f4ed6e225aeab7f15c9809c392389437b3e		Disposable chain extraction for completed monomer scoring; biophysics table retained
data/work/evo/32752/decoy_0380_monomer.pdb	71021	1f0ca94d7f20b9aaa391ce2e7c172098e67b1833c388c66a20a83de21dc3bcdf		Disposable chain extraction for completed monomer scoring; biophysics table retained
data/work/evo/32752/decoy_0382_monomer.pdb	67413	4e3097e4e2547f8565708d73445879e8dc48acb21c02f760fb6bee04fdb869c8		Disposable chain extraction for completed monomer scoring; biophysics table retained
data/work/evo/32752/decoy_0384_monomer.pdb	69545	6862858bcdc93ae784ffec74cac88da1d8a3ba5cbc6918343508ec09963fd26f		Disposable chain extraction for completed monomer scoring; biophysics table retained
data/work/evo/32752/decoy_0386_monomer.pdb	68479	2798450ae7fe502f88dfb72cc10661212cb97026dfb4e533ecf1f1de7fb1c4be		Disposable chain extraction for completed monomer scoring; biophysics table retained
data/work/evo/32752/decoy_0388_monomer.pdb	69545	1c343d69e9140d0559930b76f872caf0d8431b5abb07344fcd30be700e9e8b05		Disposable chain extraction for completed monomer scoring; biophysics table retained
data/work/evo/32752/decoy_0390_monomer.pdb	69545	0a9075376c29cfc6524f3ed70064c07c3567348a6f6ec31a4ff5325f109c0c62		Disposable chain extraction for completed monomer scoring; biophysics table retained
data/work/evo/32752/decoy_0392_monomer.pdb	67413	6e0a04c0eec146361afdc362b9d0a2807081d5833fc626b07a48097729ffab55		Disposable chain extraction for completed monomer scoring; biophysics table retained
data/work/evo/32752/decoy_0394_monomer.pdb	70119	27500d37e371efc95ead2eb6f8a6fc857cbfddcf03ba42c66f742ae2bc6ca905		Disposable chain extraction for completed monomer scoring; biophysics table retained
data/work/evo/32752/decoy_0396_monomer.pdb	68807	8d4645375147d82c5219cbc0c23a3b0b8056909960ba6d422a442a6f72d916e1		Disposable chain extraction for completed monomer scoring; biophysics table retained
data/work/evo/32752/decoy_0398_monomer.pdb	69217	52cc4ddb93291ac6bc69f8bd2127eca43f2c13ad77bdc4dac1afdac5545d705d		Disposable chain extraction for completed monomer scoring; biophysics table retained
data/work/evo/32752/decoy_0400_monomer.pdb	70529	8c9897864e0a2e1cbabbc014f278409f45b72047a2c74d9b5bfd012bdc2383d3		Disposable chain extraction for completed monomer scoring; biophysics table retained
data/work/evo/32752/decoy_0402_monomer.pdb	65035	f68af954a41554572fa422c0f914592db4a147c2f7785e9b390fdae168cc581f		Disposable chain extraction for completed monomer scoring; biophysics table retained
data/work/evo/32752/decoy_0404_monomer.pdb	65281	cf5d7d37c2a239eb2be7fccee90d077bddf4d9141e60d2e7584c1cd3391af297		Disposable chain extraction for completed monomer scoring; biophysics table retained
data/work/evo/32752/decoy_0406_monomer.pdb	68643	a1b75e1552cf4143b20f780c4636da4ea15adb6450f92cff3e0a6b1992a6b4e8		Disposable chain extraction for completed monomer scoring; biophysics table retained
data/work/evo/32752/decoy_0408_monomer.pdb	69463	52c2c7df80db70ffb373e21ff72c82afe12bdd2ca83e0da464d0c41637f4c04b		Disposable chain extraction for completed monomer scoring; biophysics table retained
data/work/evo/32752/decoy_0410_monomer.pdb	68889	d4bbda7665de1bb704642ff11b4b022d07277077a11c9cfb028c7efe93c829aa		Disposable chain extraction for completed monomer scoring; biophysics table retained
data/work/evo/32752/decoy_0412_monomer.pdb	69627	0fdced954efc7b7518ce1b12aa2fe3b871177cbb1b1d13b1c7ae659b039b92df		Disposable chain extraction for completed monomer scoring; biophysics table retained
data/work/evo/32752/decoy_0414_monomer.pdb	70037	52a2fa6b95da3819fb112577886c3fed66fad718d9672980780c181018b7b2ec		Disposable chain extraction for completed monomer scoring; biophysics table retained
data/work/evo/32752/decoy_0416_monomer.pdb	70283	7caaa32b44aac12942ab7cfb97b29e9505eefd59e8a3ab8b5061228252eb939b		Disposable chain extraction for completed monomer scoring; biophysics table retained
data/work/evo/32752/decoy_0418_monomer.pdb	68561	c2b13dfcb88c620ad1f18cc797cda3c508bd0588b2fab016af68f1c2f79d025f		Disposable chain extraction for completed monomer scoring; biophysics table retained
data/work/evo/32752/decoy_0420_monomer.pdb	68315	b9a8158e988de1d4cb0146ca24cb0a6b18445affc80cc97b108427984952f8fb		Disposable chain extraction for completed monomer scoring; biophysics table retained
data/work/evo/32752/decoy_0422_monomer.pdb	67249	929b0da3329b4b17f3b501fd031708feeee2f4efae62172932078a1029bdcbe3		Disposable chain extraction for completed monomer scoring; biophysics table retained
data/work/evo/32752/decoy_0424_monomer.pdb	68889	5cdfe3b7a63aff0d458217310bf1c6883e6673c548943837219f711f1d589e1b		Disposable chain extraction for completed monomer scoring; biophysics table retained
data/work/evo/32752/decoy_0426_monomer.pdb	70447	3bee1149484cc10671e737f424382bcc1df13ae0f7ef2cadcb0d21d54c5f01dd		Disposable chain extraction for completed monomer scoring; biophysics table retained
data/work/evo/32752/decoy_0428_monomer.pdb	70775	194d8c43e10bc7101e24a022a2300738e93e4617da441adace61f128e9ea9050		Disposable chain extraction for completed monomer scoring; biophysics table retained
data/work/evo/32752/decoy_0430_monomer.pdb	65773	f7ac762138a9c2df93551ff61e58eb646f8be9c2f23e40bf2d5ef88231f6aa86		Disposable chain extraction for completed monomer scoring; biophysics table retained
data/work/evo/32752/decoy_0432_monomer.pdb	68561	8fdeff625c3e9552a1124d6bcc7b19843b9b4363cc5f7b1bafe0d04b61ded5ed		Disposable chain extraction for completed monomer scoring; biophysics table retained
data/work/evo/32752/decoy_0434_monomer.pdb	69709	2944ae24b3b7da40cd5c68b965573cf6acc9dc34e0f530aad777f7d2caab0b6d		Disposable chain extraction for completed monomer scoring; biophysics table retained
data/work/evo/32752/decoy_0436_monomer.pdb	69463	73e8d546a08c877d25846b8d209c92a1d6736e939efb7d5ef823ac10df7bb618		Disposable chain extraction for completed monomer scoring; biophysics table retained
data/work/evo/32752/decoy_0438_monomer.pdb	70939	a4787aae7f73da4aeafdfe0bcb47017a2cf608bb1f88de542a2a0842d00a4494		Disposable chain extraction for completed monomer scoring; biophysics table retained
data/work/evo/32752/decoy_0440_monomer.pdb	68807	84e1f48f1fd619033212624e0a536f6ceb1ba84f70ade3bb3c1b590b3678fe39		Disposable chain extraction for completed monomer scoring; biophysics table retained
data/work/evo/32752/decoy_0442_monomer.pdb	68069	a1791983d3515a13287188788629c3e0df398279c20731e37bbdb7011ef79784		Disposable chain extraction for completed monomer scoring; biophysics table retained
data/work/evo/32752/decoy_0444_monomer.pdb	69955	b0c7945dd60c17c01f6aff6f09d796b36eb404dfe99d11a5e4838463ab7a8091		Disposable chain extraction for completed monomer scoring; biophysics table retained
data/work/evo/32752/decoy_0446_monomer.pdb	68151	e2f3342dec03a5b6b4d3512c411d9ec81c0da3a0b76975edd676737240d35258		Disposable chain extraction for completed monomer scoring; biophysics table retained
data/work/evo/32752/decoy_0448_monomer.pdb	68889	53ca0b7e7e956e43518d2dcc316933eb6161cb5e87f8315c2f42267276805af1		Disposable chain extraction for completed monomer scoring; biophysics table retained
data/work/evo/32752/decoy_0450_monomer.pdb	68725	668f4e2abffd078ad721b8b1809484d8ccf861c596f38bced1e3655f883817dc		Disposable chain extraction for completed monomer scoring; biophysics table retained
data/work/evo/32752/decoy_0452_monomer.pdb	69299	d2896ea1bfadad0e4af51496c7f5b5e68728d89bfcb729388ff6c1c2eb87029b		Disposable chain extraction for completed monomer scoring; biophysics table retained
data/work/evo/32752/decoy_0454_monomer.pdb	68397	3cab7ffa0f03f8e7df9147508ac8cbb1813afa001ed8192ef1889c60827ad78e		Disposable chain extraction for completed monomer scoring; biophysics table retained
data/work/evo/32752/decoy_0456_monomer.pdb	70037	9768f4e8846208aa68a953070410e2b016344512da9b5b2979ba69b9db1581c8		Disposable chain extraction for completed monomer scoring; biophysics table retained
data/work/evo/32752/decoy_0458_monomer.pdb	69709	f846b0fb32de17f2f3fe4385c0de41aa0b27408c8145affc1ec81478fcc719bb		Disposable chain extraction for completed monomer scoring; biophysics table retained
data/work/evo/32752/decoy_0460_monomer.pdb	67577	f8eff2cc3c70de2bc866be653353487e77a1e3b0be1b6e99e0b0a1f54291e4ce		Disposable chain extraction for completed monomer scoring; biophysics table retained
data/work/evo/32752/decoy_0462_monomer.pdb	70939	1b87f87093f12aa6c57e5395fe191d8f0fcf3af53687229bf8037a4b5592ba36		Disposable chain extraction for completed monomer scoring; biophysics table retained
data/work/evo/32752/decoy_0464_monomer.pdb	69627	db9748f163e4abec4947ce1c77211517fddcb4120ab5b5f0ba1999c738b76ab4		Disposable chain extraction for completed monomer scoring; biophysics table retained
data/work/evo/32752/decoy_0466_monomer.pdb	66839	c7311797f66a0522f12e63650ce6a0af26a043c874b3213c987524d8195e5799		Disposable chain extraction for completed monomer scoring; biophysics table retained
data/work/evo/32752/decoy_0468_monomer.pdb	69217	1278933d2d633bb942634f3fafd6d4798ceac5f41b692250df363d0ff4ef2266		Disposable chain extraction for completed monomer scoring; biophysics table retained
data/work/evo/32752/decoy_0470_monomer.pdb	69709	3b23dc2e9a7ab2d769994ce038d39355b067e5733a1352b0626192bf4e6fd11d		Disposable chain extraction for completed monomer scoring; biophysics table retained
data/work/evo/32752/decoy_0472_monomer.pdb	68315	566cef77d5547cc06301b368025a29e6898f6703bf077dc887ca135a6a5b7e02		Disposable chain extraction for completed monomer scoring; biophysics table retained
data/work/evo/32752/decoy_0474_monomer.pdb	69053	180f326a87aebb22dd5dc8b2f7bacaec2abdbfd8b6a66ba6163ad22c5231f1d7		Disposable chain extraction for completed monomer scoring; biophysics table retained
data/work/evo/32752/decoy_0477_monomer.pdb	69791	3672f85ff8326d331a534deb4e5e218b3573b523cbce21650bf6d81b02a3cee9		Disposable chain extraction for completed monomer scoring; biophysics table retained
data/work/evo/32752/decoy_0479_monomer.pdb	66429	6ed860a3bbeab22708510dfc30d3739db56535749b25d68be3abc630954275e9		Disposable chain extraction for completed monomer scoring; biophysics table retained
data/work/evo/32752/decoy_0481_monomer.pdb	69299	aa04f8b58085c427f223d2986aaaacba366fab49e7b6a31ef03bf91389352819		Disposable chain extraction for completed monomer scoring; biophysics table retained
data/work/evo/32752/decoy_0483_monomer.pdb	69135	6170100546b8a6750ede3e5b9ffc2e4d17c5b56b18332cda5efcff492e2f42fb		Disposable chain extraction for completed monomer scoring; biophysics table retained
data/work/evo/32752/decoy_0485_monomer.pdb	66347	2448f32ca0649ce2e26c5452ad60536f6142807f5cfce7984b2688e34a433025		Disposable chain extraction for completed monomer scoring; biophysics table retained
data/work/evo/32752/decoy_0487_monomer.pdb	67741	5431c46d04fc04eb7fb8fc48768967003c3b8e16e2758a5bce33596b3c403d78		Disposable chain extraction for completed monomer scoring; biophysics table retained
data/work/evo/32752/decoy_0489_monomer.pdb	69463	f00632a2869720c794220059805c0fde9ed5eaf1807b5459226ab64ce7c57383		Disposable chain extraction for completed monomer scoring; biophysics table retained
data/work/evo/32752/decoy_0491_monomer.pdb	66101	fe5c0005bcb0f03ec2f32119e1b9d23fca750504b6ae77f920d01323dc3a0df3		Disposable chain extraction for completed monomer scoring; biophysics table retained
data/work/evo/32752/decoy_0493_monomer.pdb	67987	10dd22a4375b9cc8ec0b1357056a94a66b284b96d8a0c82839a526874327ea87		Disposable chain extraction for completed monomer scoring; biophysics table retained
data/work/evo/32752/decoy_0495_monomer.pdb	70611	445e6e87a6b493a2a8815bd24df5db77ee30e59c8ec3d2a65754f83643d63385		Disposable chain extraction for completed monomer scoring; biophysics table retained
data/work/evo/32752/decoy_0497_monomer.pdb	66183	5e367491bfa2720e1508e47e634f18a27eb51ed96873b9cac3db37b921647a7c		Disposable chain extraction for completed monomer scoring; biophysics table retained
data/work/evo/32752/decoy_0499_monomer.pdb	70611	1f04cdf3ebd96dfc2574bf20305818dff78cbbd3e3bac4fe1065cf272e562776		Disposable chain extraction for completed monomer scoring; biophysics table retained
data/work/evo/32752/decoy_0501_monomer.pdb	70529	10d8c4d55e8b38eaba8ec27113ff78036df6ea22151a053ba96bb56c3a58761e		Disposable chain extraction for completed monomer scoring; biophysics table retained
data/work/evo/32752/decoy_0503_monomer.pdb	67003	d81da681249c65eea4ca493e4539977b2c734c196b88177bb4e59c8f9c295b31		Disposable chain extraction for completed monomer scoring; biophysics table retained
data/work/evo/32752/decoy_0505_monomer.pdb	66675	1aad077fda30f4360759722c10ec696912fdf6df944d2ce2f3fca20ca65c8093		Disposable chain extraction for completed monomer scoring; biophysics table retained
data/work/evo/32752/decoy_0507_monomer.pdb	68643	e123b6d69ab4c88febcfdf91bc7449bb6be44667b2ac8f55c5fa9f7e9fa2b746		Disposable chain extraction for completed monomer scoring; biophysics table retained
data/work/evo/32752/decoy_0508_monomer.pdb	68479	46e50f3eb74f60f669bd9f0aa0be9cce0075a57fea345dcd316c6126355503e6		Disposable chain extraction for completed monomer scoring; biophysics table retained
data/work/evo/32752/decoy_0510_monomer.pdb	68233	79481f7ba02006bec1b420d78bcfd7db200c3c37026d9805faf562c73909d301		Disposable chain extraction for completed monomer scoring; biophysics table retained
data/work/evo/32752/decoy_0512_monomer.pdb	70857	66bb8a36784bcbbdf5c4f396ad7b043fe8594adfe2e98c7d89a941f249c415f7		Disposable chain extraction for completed monomer scoring; biophysics table retained
data/work/evo/32752/decoy_0515_monomer.pdb	70283	060571fd61c040db1f431e7b00819c17520e4733904a6edbb68115923a551e15		Disposable chain extraction for completed monomer scoring; biophysics table retained
data/work/evo/32752/decoy_0516_monomer.pdb	66429	78524caf769c55484f6b98d294b5dc2cd954fd528ca57fd7487c90e977647c46		Disposable chain extraction for completed monomer scoring; biophysics table retained
data/work/evo/32752/decoy_0518_monomer.pdb	69627	7f71e73f6c96f5d9dde820b963ea4c1e76211e4aef47ed93d54d92ae94cf2516		Disposable chain extraction for completed monomer scoring; biophysics table retained
data/work/evo/32752/decoy_0520_monomer.pdb	70529	8c99dd61ae6de8bb0f4becf10886c163fae9714c562b7fa4912e811701d5bb76		Disposable chain extraction for completed monomer scoring; biophysics table retained
data/work/evo/32752/decoy_0522_monomer.pdb	67167	878862a8012527e38f9f8699c78152f34f28f1f67fa0cfa03aee9cab135a0140		Disposable chain extraction for completed monomer scoring; biophysics table retained
data/work/evo/32752/decoy_0524_monomer.pdb	66921	11d6a2cbab2db38f6174add985ed4bc41c149060d0884fe92cae46d31169682d		Disposable chain extraction for completed monomer scoring; biophysics table retained
data/work/evo/32752/decoy_0526_monomer.pdb	66839	ec3c2878db0763ccf406ff535b76c4c03753ef044241245899c16fa35010bfc9		Disposable chain extraction for completed monomer scoring; biophysics table retained
data/work/evo/32752/decoy_0528_monomer.pdb	69791	9a728a2412599a71e963869488b69e0cab5f24d9e3be3dcd7dadf45d97423f49		Disposable chain extraction for completed monomer scoring; biophysics table retained
data/work/evo/32752/decoy_0530_monomer.pdb	66101	444aa4ae90666a638dc6718b97f0b876243333ed7e47deb36c20304c2d66accc		Disposable chain extraction for completed monomer scoring; biophysics table retained
data/work/evo/32752/decoy_0532_monomer.pdb	69381	b92a16034c06ae3724222432ad1cc95dd6ca17c65cfb3910945be681c2352904		Disposable chain extraction for completed monomer scoring; biophysics table retained
data/work/evo/32752/decoy_0534_monomer.pdb	71021	37cff3dc21381ab667f9e2f2266a493a6d6182d3443be4d83ce953a87ed1128e		Disposable chain extraction for completed monomer scoring; biophysics table retained
data/work/evo/32752/decoy_0536_monomer.pdb	65281	2042522fed66cb3bc4c3682f4abc2c86560a8274d68037395c68cab34bd8daef		Disposable chain extraction for completed monomer scoring; biophysics table retained
data/work/evo/32752/decoy_0538_monomer.pdb	70611	64ea8b29c46ee1ac6f3ba21239b6165b959ceee161a94fc50461da466eef82e0		Disposable chain extraction for completed monomer scoring; biophysics table retained
data/work/evo/32752/decoy_0540_monomer.pdb	68069	b131764b461e22436bfd4aac9777f5bc1d6da8d2950fb2af7abb908775108ad5		Disposable chain extraction for completed monomer scoring; biophysics table retained
data/work/evo/32752/decoy_0542_monomer.pdb	66757	f5eeaf7891b8a41df8d2db708d78a8913d8debeb4fe262a8c65b821fdecb3b28		Disposable chain extraction for completed monomer scoring; biophysics table retained
data/work/evo/32752/decoy_0544_monomer.pdb	68971	47529aab28f1d62d887faa5a2f2da7e04be669c191526dba163139e1d5acafcc		Disposable chain extraction for completed monomer scoring; biophysics table retained
data/work/evo/32752/decoy_0546_monomer.pdb	68315	7501a6282b9b986bfd5cd7bc0a14ce7f4d2c48a5ce5e10e6cb002ada54f2f4a1		Disposable chain extraction for completed monomer scoring; biophysics table retained
data/work/evo/32752/decoy_0548_monomer.pdb	69627	b364d80da79b37f57358568a96a871f329a3582ac7f8a2b86843ee4c538e62fe		Disposable chain extraction for completed monomer scoring; biophysics table retained
data/work/evo/32752/decoy_0550_monomer.pdb	68479	380c60fd1e78837d7eb16b161a833269f44fd8b6d472eae9a1ab6042af1f4be2		Disposable chain extraction for completed monomer scoring; biophysics table retained
data/work/evo/32752/decoy_0552_monomer.pdb	67741	e774049e91f37c098e82037db1a50ae3a29844a9229c349e05cc484d01bd50e0		Disposable chain extraction for completed monomer scoring; biophysics table retained
data/work/evo/32752/decoy_0554_monomer.pdb	68561	4c2050ed18720e0410f0e3e47cb3d52a56ca955aaf8a5a248cd4058d239ed841		Disposable chain extraction for completed monomer scoring; biophysics table retained
data/work/evo/32752/decoy_0556_monomer.pdb	67495	6412234aa9e1c1117f2150d5e670cf2e2277a464e5ab06b6291da553788f34f1		Disposable chain extraction for completed monomer scoring; biophysics table retained
data/work/evo/32752/decoy_0558_monomer.pdb	66757	6f636ea1edbb3d6704817e8fe6cd2165038b5d10d37902a8975f95b13cede294		Disposable chain extraction for completed monomer scoring; biophysics table retained
data/work/evo/32752/decoy_0560_monomer.pdb	67495	a0b9af581fac08765e363be9db22dda960c79961080cd7c4626a17968e2cd216		Disposable chain extraction for completed monomer scoring; biophysics table retained
data/work/evo/32752/decoy_0563_monomer.pdb	67823	a716fc7cd47809cf536ec43caf2045c41954a237dafbbc9ec0223ba5f711f16c		Disposable chain extraction for completed monomer scoring; biophysics table retained
data/work/evo/32752/decoy_0565_monomer.pdb	68807	01de67aeb292e9851695a00a0913bbd52f981d97c611ea92f636ed1cb8b19492		Disposable chain extraction for completed monomer scoring; biophysics table retained
data/work/evo/32752/decoy_0567_monomer.pdb	68889	87cff9a7b8483f7225b6dee756179dbeaa3307a7f6c21316378cfb29b531e07e		Disposable chain extraction for completed monomer scoring; biophysics table retained
data/work/evo/32752/decoy_0569_monomer.pdb	68889	63f23d3008dffdf1ad3f364301569fa8a27fec749ce1c1dd07fe188e2cab0bcd		Disposable chain extraction for completed monomer scoring; biophysics table retained
data/work/evo/32752/decoy_0571_monomer.pdb	71513	b814ada12ca37032e8e13f796bcfa020c2c0142afb489f8d0631b4f94ac86576		Disposable chain extraction for completed monomer scoring; biophysics table retained
data/work/evo/32752/decoy_0573_monomer.pdb	69791	f50521da38551c73ba0a05038845bc11913b5b8d694a618e1d087b5dc1e10b82		Disposable chain extraction for completed monomer scoring; biophysics table retained
data/work/evo/32752/decoy_0575_monomer.pdb	69709	b1bc467544e7473519cdbf55fc178ee565c7925a4e0810a09304b2c1b52c0290		Disposable chain extraction for completed monomer scoring; biophysics table retained
data/work/evo/32752/decoy_0577_monomer.pdb	70119	19cc250354e569ff94b7f2a1930b6248f302211483b1d43e25464d7d04a7d15d		Disposable chain extraction for completed monomer scoring; biophysics table retained
data/work/evo/32752/decoy_0579_monomer.pdb	71923	051bd3522a66195f01c542521ed4e6a4a98cd1a29e81411e913625299685c6e3		Disposable chain extraction for completed monomer scoring; biophysics table retained
data/work/evo/32752/decoy_0581_monomer.pdb	70857	235a3202220094a6106f9f639cb327a1de9ea2a31657817e04ac046db2928e42		Disposable chain extraction for completed monomer scoring; biophysics table retained
data/work/evo/32752/decoy_0583_monomer.pdb	70857	6e954da33f5d572bb2ab6d6c09188bd20042d71ad9f8ce139fcaaa2aa5f33010		Disposable chain extraction for completed monomer scoring; biophysics table retained
data/work/evo/32752/decoy_0585_monomer.pdb	70119	bcb681be58e5de00cdffc40228d2868a0a16057d414458f026888ec178be4299		Disposable chain extraction for completed monomer scoring; biophysics table retained
data/work/evo/32752/decoy_0587_monomer.pdb	71595	f6e1edcdf0916e7910d923229aa0d4bcb64143886c3642ec77b55b632d868a11		Disposable chain extraction for completed monomer scoring; biophysics table retained
data/work/evo/32752/decoy_0589_monomer.pdb	70365	0ec96b49d31d5fa8c5dbf2c2843d4df66343564b46d8923eaa59b88564d3046e		Disposable chain extraction for completed monomer scoring; biophysics table retained
data/work/evo/32752/decoy_0591_monomer.pdb	70119	9826bb85835fa8a979b1d8e77f34df38b652f15d597e9f696320e936a5f1cd51		Disposable chain extraction for completed monomer scoring; biophysics table retained
data/work/evo/32752/decoy_0593_monomer.pdb	70283	05b7209099432f481e1b7ef32e12d31c6cf71abc8c8fd81a8e3a8f764f25fafe		Disposable chain extraction for completed monomer scoring; biophysics table retained
data/work/evo/32752/decoy_0595_monomer.pdb	71267	256fdd648408ce9c9a0a6247847b05ca419686d50624fc9cadc0b52d01e06177		Disposable chain extraction for completed monomer scoring; biophysics table retained
data/work/evo/32752/decoy_0597_monomer.pdb	70529	980161c1f19ec9acebab72d06bbdfe2d129bff4a11f1e39eb690e7747e3e435c		Disposable chain extraction for completed monomer scoring; biophysics table retained
data/work/evo/32752/decoy_0599_monomer.pdb	70037	f0a83c97df88ef5cac56a1063a06c7e5105d3dc291fe111917d3e416aa67ed3f		Disposable chain extraction for completed monomer scoring; biophysics table retained
data/work/evo/32752/decoy_0601_monomer.pdb	70939	2748e1b7d90794a2110914ea2e845d090fcce268c189b1b3414a9c83f40a0f12		Disposable chain extraction for completed monomer scoring; biophysics table retained
data/work/evo/32752/decoy_0603_monomer.pdb	70365	6f3a77660af40873fb490dd902951990f7bfe357ef97442be53e81f4c231cc21		Disposable chain extraction for completed monomer scoring; biophysics table retained
data/work/evo/32752/decoy_0605_monomer.pdb	69873	ff5ebc071f3469eca64cb3d978bbcd02033d62e3a22140d7667b3ab5c0646459		Disposable chain extraction for completed monomer scoring; biophysics table retained
data/work/evo/32752/decoy_0607_monomer.pdb	70365	28dd003c0ac33fbf0b046c88faf1c18f584945bc1a66fcc8efd95e6ad69296af		Disposable chain extraction for completed monomer scoring; biophysics table retained
data/work/evo/32752/decoy_0609_monomer.pdb	71103	dd22c4be23e5503a5220fff266af162797a1719a4e920ccadfe47582ebd8b2a3		Disposable chain extraction for completed monomer scoring; biophysics table retained
data/work/evo/32752/decoy_0611_monomer.pdb	71103	6fbf0a21bebcfcecc89eaa3fdf4252bddd77b28cfaa8805fc9953c4d91e1a208		Disposable chain extraction for completed monomer scoring; biophysics table retained
data/work/evo/32752/decoy_0613_monomer.pdb	71021	d2dbda588addf1342e7a81bb656dc12bba8d684290aaad672ac337cb2975c57e		Disposable chain extraction for completed monomer scoring; biophysics table retained
data/work/evo/32752/decoy_0615_monomer.pdb	70119	a71edea12ae6aa0fdcbf872493399ca86c26d773b0d65ed3f713e1e2049a3b48		Disposable chain extraction for completed monomer scoring; biophysics table retained
data/work/evo/32752/decoy_0617_monomer.pdb	71759	9217f38de1a969fccdc381df610504b5721706e1fed35dd78bb902b69a27f0b5		Disposable chain extraction for completed monomer scoring; biophysics table retained
data/work/evo/32752/decoy_0619_monomer.pdb	70529	f3af519c38a9e0dcb3504f6f672536bc43087fe7d62d45ea4589b9dfcedbd008		Disposable chain extraction for completed monomer scoring; biophysics table retained
data/work/evo/32752/decoy_0621_monomer.pdb	70693	11d7ad7769ad5b59f2625bf3dccfe7814b0d84773dd9e9598893da827958f388		Disposable chain extraction for completed monomer scoring; biophysics table retained
data/work/evo/32752/decoy_0623_monomer.pdb	71923	d8324114240c13c09bc728c271e9b76c43e68062e3aee87057e8bff6d3e26ab7		Disposable chain extraction for completed monomer scoring; biophysics table retained
data/work/evo/32752/decoy_0625_monomer.pdb	69709	3c0b1768c4b00f7e24e47ca0c75f6ea04ec95dd958873cc13006f5ea4aa6b22c		Disposable chain extraction for completed monomer scoring; biophysics table retained
data/work/evo/32752/decoy_0627_monomer.pdb	70119	b2cc691d8a4a863741de5237a90af534592071f07d33e2e1e82d6d4d0f2c7022		Disposable chain extraction for completed monomer scoring; biophysics table retained
data/work/evo/32752/decoy_0629_monomer.pdb	70283	d7f499d6ebdbf70470a1f1f708ff1c82c4be970fbae2835f8be58a5178cf98ad		Disposable chain extraction for completed monomer scoring; biophysics table retained
data/work/evo/32752/decoy_0631_monomer.pdb	70611	58ff9d432da216a5324b099162877cb3b4eb70f3a81075398a76b5057b25500c		Disposable chain extraction for completed monomer scoring; biophysics table retained
data/work/evo/32752/decoy_0633_monomer.pdb	70693	980fc50920edf1e40461069736f39863ba1374142126c4ef78008c399663c486		Disposable chain extraction for completed monomer scoring; biophysics table retained
data/work/evo/32752/decoy_0635_monomer.pdb	71595	38541ecf87a93a76d02c50238ce935c432f4da5c71c2e17f1b2093f06544914c		Disposable chain extraction for completed monomer scoring; biophysics table retained
data/work/evo/32752/decoy_0637_monomer.pdb	70447	ae792d13078cba42e3e934878c2f941b3d04150dd288bbeab1c218babba80376		Disposable chain extraction for completed monomer scoring; biophysics table retained
data/work/evo/32752/decoy_0639_monomer.pdb	71677	e52ee3751b237c106bb649f826209eeecd2c5d74ba5be4e842dbfd6f1185584b		Disposable chain extraction for completed monomer scoring; biophysics table retained
data/work/evo/32752/decoy_0641_monomer.pdb	69463	aad3bfe453db8ec0a5a9e674b54c055ac3ef9fa16a19492f61638cc354b79130		Disposable chain extraction for completed monomer scoring; biophysics table retained
data/work/evo/32752/decoy_0643_monomer.pdb	69299	520ca430e1386291ea0bc6a7088afb227a21b537464fa24f036a82aac406a0a6		Disposable chain extraction for completed monomer scoring; biophysics table retained
data/work/evo/32752/decoy_0645_monomer.pdb	71021	ce6136d287c5651ebc11a403f9737e2d7fcd7f3a9f21fd9c9fff8b59dfcc2854		Disposable chain extraction for completed monomer scoring; biophysics table retained
data/work/evo/32752/decoy_0647_monomer.pdb	71021	b4cd1876e40accfd92224fa4edfc4e361d1a665c967678171bd32764d90a70c6		Disposable chain extraction for completed monomer scoring; biophysics table retained
data/work/evo/32752/decoy_0649_monomer.pdb	69463	fecba84eb4a873b9cb5cf7433de29732b67c734600834fb79a8cfbc01dfed40c		Disposable chain extraction for completed monomer scoring; biophysics table retained
data/work/evo/32752/decoy_0651_monomer.pdb	70365	85742e07efcddc9593a7fd1897803d6a1b4691f46131cb7ef381d6f90ffa02f8		Disposable chain extraction for completed monomer scoring; biophysics table retained
data/work/evo/32752/decoy_0653_monomer.pdb	70283	ed5e23d1e6784df6ca4381a235b438df7de7a0be1087b36a9ec5c25119a5566f		Disposable chain extraction for completed monomer scoring; biophysics table retained
data/work/evo/32752/decoy_0655_monomer.pdb	70365	a25a641bdef1564e0e5a43de652950b650127a79117c96c1f6159a32fe91383f		Disposable chain extraction for completed monomer scoring; biophysics table retained
data/work/evo/32752/decoy_0657_monomer.pdb	69791	1f1aeaaa30de76c0fbb79acde17358df54a3016d19537535030034cc65e915f1		Disposable chain extraction for completed monomer scoring; biophysics table retained
data/work/evo/32752/decoy_0659_monomer.pdb	69135	916af875ba02374d1957501904ceccdf8ae8ee8d39b9a4f0df0787961c8aff21		Disposable chain extraction for completed monomer scoring; biophysics table retained
data/work/evo/32752/decoy_0661_monomer.pdb	71431	bb4c6af6dc5b26e2bc27210b27cdb5356c4d4e6f8b7968eb3d23003a266dff75		Disposable chain extraction for completed monomer scoring; biophysics table retained
data/work/evo/32752/decoy_0663_monomer.pdb	70447	499bb5f02c1c756d28894ba9c6e42af5f38805bf6b1956697a54f74a2fcd2b80		Disposable chain extraction for completed monomer scoring; biophysics table retained
data/work/evo/32752/decoy_0665_monomer.pdb	71021	6d6f714edf2de8f4efadc87fcd9c5cf876200ba5396c63f2e75e60bab22ce41a		Disposable chain extraction for completed monomer scoring; biophysics table retained
data/work/evo/32752/decoy_0667_monomer.pdb	70693	670ac32c7fbbdd565e8b1a5771bd8a90f66a9b8ee4b0a7a49ca9fc701b2a9594		Disposable chain extraction for completed monomer scoring; biophysics table retained
data/work/evo/32752/decoy_0669_monomer.pdb	70037	01c9da60ba8cf55461c0793dd23e471fcf2b0741da5478bc90b7e6faa18d5514		Disposable chain extraction for completed monomer scoring; biophysics table retained
data/work/evo/32752/decoy_0671_monomer.pdb	70693	55ab4b3d2d7b9c68e685e099a4c7fbf3b24c08371432d9dd7560fd781398fad2		Disposable chain extraction for completed monomer scoring; biophysics table retained
data/work/evo/32752/decoy_0673_monomer.pdb	71103	4628173122742082dc855124e022947a859637346c8d25a77b8f5a1cc9b24e25		Disposable chain extraction for completed monomer scoring; biophysics table retained
data/work/evo/32752/decoy_0675_monomer.pdb	71923	d63a75e3e7a760b400996906f670153c64e45b96c0131aac44f8bc1e4cabe95e		Disposable chain extraction for completed monomer scoring; biophysics table retained
data/work/evo/32752/decoy_0677_monomer.pdb	69545	8d457001d27b8a8b68f697aedc602dfdf9420e9ddf564d6a52e5a6a3a2a9f737		Disposable chain extraction for completed monomer scoring; biophysics table retained
data/work/evo/32752/decoy_0679_monomer.pdb	70529	beca1a271a9acc12a899403866225ca2a5b6823cd115cd09e451b26cd731d470		Disposable chain extraction for completed monomer scoring; biophysics table retained
data/work/evo/32752/decoy_0681_monomer.pdb	68725	0be34d209bd3cb1b499b817d1279ab5635ac83baf7f5427f5a34f2ee48c7d409		Disposable chain extraction for completed monomer scoring; biophysics table retained
data/work/evo/32752/decoy_0683_monomer.pdb	70529	c56b4dbe05232068806a2c2f4071dd8a59c8c285ea924bb75e0a14cf1b7a6260		Disposable chain extraction for completed monomer scoring; biophysics table retained
data/work/evo/32752/decoy_0685_monomer.pdb	71267	46758ab3a52fd6b6eb767654ff1aa2227fbf5b9fa981f93cdd57465e3839a5a0		Disposable chain extraction for completed monomer scoring; biophysics table retained
data/work/evo/32752/decoy_0687_monomer.pdb	69955	eae773eb263de40e18cfc6e3742575a12130e7048eeff6f2e5831bf953870d5c		Disposable chain extraction for completed monomer scoring; biophysics table retained
data/work/evo/32752/decoy_0689_monomer.pdb	70611	b39358e234015ca45562b49ce5b39a2bdac3c6558b86d2b1c46d7b18dabcd696		Disposable chain extraction for completed monomer scoring; biophysics table retained
data/work/evo/32752/decoy_0691_monomer.pdb	70447	252d929337c82e783e147c91d2c34ed3c8ac19578de9b9daaf5c42dcc0c15b7d		Disposable chain extraction for completed monomer scoring; biophysics table retained
data/work/evo/32752/decoy_0693_monomer.pdb	70939	779b743ba242a53d27394b8ba0a631598c827e06f52b0c69fba39c9c7dddc900		Disposable chain extraction for completed monomer scoring; biophysics table retained
data/work/evo/32752/decoy_0695_monomer.pdb	70939	aef93c22346067efe7e5203a375adfaf29c76a2afe6bf0d6962505f231e8423b		Disposable chain extraction for completed monomer scoring; biophysics table retained
data/work/evo/32752/decoy_0697_monomer.pdb	70201	b7e0a0dd3f68b0af204b35f3a30eab6b2ef345e1e5e1c55f68ffcf53613f8700		Disposable chain extraction for completed monomer scoring; biophysics table retained
data/work/evo/32752/decoy_0699_monomer.pdb	70939	b1808b991ba161222491a2a50926f105a774fc6b080c51583e94ed3eb5c941a4		Disposable chain extraction for completed monomer scoring; biophysics table retained
data/work/evo/32752/decoy_0701_monomer.pdb	70201	cc5c34bc0bd0bb1e4dbbad06373ac3be28b429c9cb35c59fd9ba605c20faf7b2		Disposable chain extraction for completed monomer scoring; biophysics table retained
data/work/evo/32752/decoy_0703_monomer.pdb	70775	ece2e3329c276a8d7ee23efbd2393adb04ae3935128b4c78ec10ca2c39774f55		Disposable chain extraction for completed monomer scoring; biophysics table retained
data/work/evo/32752/decoy_0705_monomer.pdb	70939	bd5ccd44b75f908d05177f669a7681b9fa63148cf3067042a1711f18893ce343		Disposable chain extraction for completed monomer scoring; biophysics table retained
data/work/evo/32752/decoy_0707_monomer.pdb	70119	473ffee30400f060b7eaba2f669877e5352e4b9eb3ebb8b037c7589274289703		Disposable chain extraction for completed monomer scoring; biophysics table retained
data/work/evo/32752/decoy_0709_monomer.pdb	70119	27ac10b4022b3b2901c3c66c0af4ef8a84e4bcbe63951f05e8cf2e922ac51f33		Disposable chain extraction for completed monomer scoring; biophysics table retained
data/work/evo/32752/decoy_0711_monomer.pdb	70201	bfc3c5f50c3828354760358b2b1e6f992e2006311fd8dc72a20c2570510b5a7c		Disposable chain extraction for completed monomer scoring; biophysics table retained
data/work/evo/32752/decoy_0713_monomer.pdb	70529	6a4cfb47354ee16e0c1e197f5e7294889326fd91ad5f89c957d0341d50ec94d8		Disposable chain extraction for completed monomer scoring; biophysics table retained
data/work/evo/32752/decoy_0715_monomer.pdb	70529	f89c2161ea7a1f41fbdc8a8606e47d5a1ad8bb22b3a8e861ad41ec59f88dc918		Disposable chain extraction for completed monomer scoring; biophysics table retained
data/work/evo/32752/decoy_0717_monomer.pdb	72251	7ca19b7526873643086c37c235b9f3d51c47861c7d05703cb33fa8e7c8fa566a		Disposable chain extraction for completed monomer scoring; biophysics table retained
data/work/evo/32752/decoy_0719_monomer.pdb	69381	fb48d08e70ae6367fe8b7891d726ba129ee832eb9d165b86b7f62a2fce7c561b		Disposable chain extraction for completed monomer scoring; biophysics table retained
data/work/evo/32752/decoy_0721_monomer.pdb	69545	2b7db1f5bd4674820a853d9ca0ffef52379cb6ec00dc79bc110b4f6b8b693da6		Disposable chain extraction for completed monomer scoring; biophysics table retained
data/work/evo/32752/decoy_0723_monomer.pdb	70037	8724a61c5ee90796137c9cc8f3df1a59a539296d99b70adb91a8648ce2e54276		Disposable chain extraction for completed monomer scoring; biophysics table retained
data/work/evo/32752/decoy_0725_monomer.pdb	69709	f2a4a5d681ecd0623b1d5ea4f33fd09b7233ca0fc661f2c62880d799a96f053e		Disposable chain extraction for completed monomer scoring; biophysics table retained
data/work/evo/32752/decoy_0727_monomer.pdb	70119	ee88a10e78a7d3fdc6d6b1a02fd883dfa204b8a245d00387d5a8c2967ff64f85		Disposable chain extraction for completed monomer scoring; biophysics table retained
data/work/evo/32752/decoy_0729_monomer.pdb	71513	22fc5bb0d8edc00391b00f3e7b64e3c891fdc3034bb2a8f445a8ea0657e683c6		Disposable chain extraction for completed monomer scoring; biophysics table retained
data/work/evo/32752/decoy_0731_monomer.pdb	71595	1a802985a1b6a7a2edeff5f75b51f418b8b4fd40ded6ca2d3b8af5c1766155a7		Disposable chain extraction for completed monomer scoring; biophysics table retained
data/work/evo/32752/decoy_0733_monomer.pdb	71431	7d88cce462f84a6748fc90af66b9f6aaaec34e7f7e7804451b3ba060cccbc5a0		Disposable chain extraction for completed monomer scoring; biophysics table retained
data/work/evo/32752/decoy_0735_monomer.pdb	70939	2708dbbdc251bacf1f73b7a3c90f6aef5e5af6ef694bd5bce532fca785884b46		Disposable chain extraction for completed monomer scoring; biophysics table retained
data/work/evo/32752/decoy_0737_monomer.pdb	68889	5ed1f618ccd852c495add1b7c56b438442c1beba468e120006e8fa806735cfa2		Disposable chain extraction for completed monomer scoring; biophysics table retained
data/work/evo/32752/decoy_0739_monomer.pdb	70611	ec8b4eaf0d16bd8032173d818e547c047de011d6afd265d1d31861de549780e9		Disposable chain extraction for completed monomer scoring; biophysics table retained
data/work/evo/32752/decoy_0741_monomer.pdb	69709	85bf1adc92bec04769a3159e6069dc0c66c5538833e739067d423bf4376b0c1a		Disposable chain extraction for completed monomer scoring; biophysics table retained
data/work/evo/32752/decoy_0743_monomer.pdb	72661	624aba8e7a4026fadfe5f45a0f358c40270fc392c7c0b0f49318f05e72797f12		Disposable chain extraction for completed monomer scoring; biophysics table retained
data/work/evo/32752/decoy_0745_monomer.pdb	70693	2bdeb1e0c632313f3b4f1b91c824dd5d5ab2f25dd0d1eada9d02e6f6607aeb09		Disposable chain extraction for completed monomer scoring; biophysics table retained
data/work/evo/32752/decoy_0747_monomer.pdb	71759	6bd9d7c9c71e2da20b5c67b91818c1d7d5df44ca44e80c379917e6eec9005454		Disposable chain extraction for completed monomer scoring; biophysics table retained
data/work/evo/32752/decoy_0749_monomer.pdb	71595	21111f81928fec943dbc379976a44550fec1050c59ce6e0db836d0b84b9598af		Disposable chain extraction for completed monomer scoring; biophysics table retained
data/work/evo/32752/decoy_0751_monomer.pdb	70447	25c2b877419f28afc365fabfb764b42dbcc1482344ae62e290e1eb7b3ac3cb85		Disposable chain extraction for completed monomer scoring; biophysics table retained
data/work/evo/32752/decoy_0753_monomer.pdb	68971	b7926170629fdc4025b30856771547af7542e5c7fb9ed1f32f3a679f7c454707		Disposable chain extraction for completed monomer scoring; biophysics table retained
data/work/evo/32752/decoy_0755_monomer.pdb	69299	a8d4b4e208a7d1270f306537693982f8bbee9cf5352d1957c6ed3c2a82fbc427		Disposable chain extraction for completed monomer scoring; biophysics table retained
data/work/evo/32752/decoy_0757_monomer.pdb	70201	29aa984f940152115f5b8dcd5a858397c313c7d85217122494fb2c3ff8e5f7bf		Disposable chain extraction for completed monomer scoring; biophysics table retained
data/work/evo/32752/decoy_0759_monomer.pdb	71185	d23266270e9ad122fa147a9cf16f1b68cac043b7d1b67b5c39b67388886c6f74		Disposable chain extraction for completed monomer scoring; biophysics table retained
data/work/evo/32752/score_complex.pdb	200735	2fc431b67d7bd562761d6b4d7a368daed77032ab4af735b93c8698b4236be13f		Disposable recombination input overwritten for each scored state; compact state files retained
data/work/evo/32752/wild_type_monomer.pdb	69217	dea5642cc1b6ae1fc55327ee0746b60fde35f3a50b09a9ce638a4bc4d024b4f7		Disposable chain extraction for completed monomer scoring; biophysics table retained
data/work/evo/35088/decoy_0001_monomer.pdb	70857	65af3cb26b37ce6f79cdf5e6f34e50032c509878771e0f6d703a2e082ab66cf1		Disposable chain extraction for completed monomer scoring; biophysics table retained
data/work/evo/35088/score_complex.pdb	204682	19d82e7c7fe18b0b03b3acbdc846c96706a1fd8cfdb91cb9590d26cad28bd87e		Disposable recombination input overwritten for each scored state; compact state files retained
data/work/evo/35088/wild_type_monomer.pdb	69217	dea5642cc1b6ae1fc55327ee0746b60fde35f3a50b09a9ce638a4bc4d024b4f7		Disposable chain extraction for completed monomer scoring; biophysics table retained
data/work/evo/7608/decoy_0386_monomer.pdb	68479	2798450ae7fe502f88dfb72cc10661212cb97026dfb4e533ecf1f1de7fb1c4be		Disposable chain extraction for completed monomer scoring; biophysics table retained
data/work/evo/7608/decoy_0405_monomer.pdb	69791	7f496e9c78123656e6ed4c3c6e036497c4583cf830703cf1a59e9f4cc600ecd0		Disposable chain extraction for completed monomer scoring; biophysics table retained
data/work/evo/7608/decoy_0476_monomer.pdb	71267	8822a6771fca035d4552db68f553a82e3dd833f39cd3b7ee2da15008fb496604		Disposable chain extraction for completed monomer scoring; biophysics table retained
data/work/evo/7608/decoy_0523_monomer.pdb	69545	7ffe460e326c41d54cec8b4ae321d96929f7b4c01a147f8c4b5036a537cd075f		Disposable chain extraction for completed monomer scoring; biophysics table retained
data/work/evo/7608/score_complex.pdb	197935	108d2d0b890242952613639ca6ea9d207787a4e3b5ba449423728be99ea59d9c		Disposable recombination input overwritten for each scored state; compact state files retained
data/work/evo/score_complex.pdb	204682	19d82e7c7fe18b0b03b3acbdc846c96706a1fd8cfdb91cb9590d26cad28bd87e		Disposable recombination input overwritten for each scored state; compact state files retained
data/work/evo/wild_type_monomer.pdb	69217	dea5642cc1b6ae1fc55327ee0746b60fde35f3a50b09a9ce638a4bc4d024b4f7		Disposable chain extraction for completed monomer scoring; biophysics table retained
data/work/scoring/22192/score_complex.pdb	196175	4239e4be0813118f0e5f04819ce9435132c03d0f315d3cc554b686e851c8363b		Disposable recombination input overwritten for each scored state; compact state files retained
data/work/scoring/24176/score_complex.pdb	204846	236bbe934097bccad0a4a0b689aaf6f62ebc69624203ede87ad47697994444b1		Disposable recombination input overwritten for each scored state; compact state files retained
data/work/scoring/24932/score_complex.pdb	200415	8610fe6175991ce55f93da120390fb58f5a303287aaef99f4b1a33807bb42d03		Disposable recombination input overwritten for each scored state; compact state files retained
data/work/scoring/26052/score_complex.pdb	198175	34d0e6a016b971c3cc5e4899061dad2884708be92c9fe21cb2189d223ad0f614		Disposable recombination input overwritten for each scored state; compact state files retained
data/work/scoring/28436/score_complex.pdb	199535	d6ddcdc869cf0cd8a50194c1f8ad35cd58105c82462b925e09ca63ea12ac5c3b		Disposable recombination input overwritten for each scored state; compact state files retained
data/work/scoring/29980/score_complex.pdb	205502	e9de468677c2366dbd627eea878c75c41a68ee10a2d308b9fe1bd24d0d869f7a		Disposable recombination input overwritten for each scored state; compact state files retained
data/work/scoring/31872/score_complex.pdb	205584	ab7d728967a9faa59d26941856f122aa645982550d5742162c827130115e6a3d		Disposable recombination input overwritten for each scored state; compact state files retained
data/work/scoring/32752/score_complex.pdb	200735	2fc431b67d7bd562761d6b4d7a368daed77032ab4af735b93c8698b4236be13f		Disposable recombination input overwritten for each scored state; compact state files retained
data/work/scoring/35088/score_complex.pdb	204682	19d82e7c7fe18b0b03b3acbdc846c96706a1fd8cfdb91cb9590d26cad28bd87e		Disposable recombination input overwritten for each scored state; compact state files retained
data/work/scoring/7608/score_complex.pdb	197935	108d2d0b890242952613639ca6ea9d207787a4e3b5ba449423728be99ea59d9c		Disposable recombination input overwritten for each scored state; compact state files retained
data/work/scoring/score_complex.pdb	204682	19d82e7c7fe18b0b03b3acbdc846c96706a1fd8cfdb91cb9590d26cad28bd87e		Disposable recombination input overwritten for each scored state; compact state files retained
